年,月,日,曜日,品目名,品目コード,数量,価格
2021,1,5,火,みかん,40100,1295993,249
2021,1,5,火,はっさく,41321,50468,203
2021,1,5,火,りんご計,42000,809411,321
2021,1,5,火,日本なし計,43000,1530,312
2021,1,5,火,かき計,43500,37985,359
2021,1,5,火,おうとう,44800,19,103737
2021,1,5,火,ぶどう計,45000,9138,1314
2021,1,5,火,いちご,46100,1397086,1670
2021,1,5,火,メロン計,47000,30866,1137
2021,1,5,火,すいか,48100,3990,333
2021,1,5,火,キウイフルツ,49300,10679,540
2021,1,5,火,バナナ,50100,763871,162
2021,1,5,火,パイナップル,50300,135719,152
2021,1,5,火,レモン,50400,39111,344
2021,1,5,火,オレンジ,50600,31811,242
2021,1,5,火,輸入キウイ,50800,36672,514
2021,1,5,火,輸入メロン,50850,2835,258
2021,1,6,水,みかん,40100,253453,220
2021,1,6,水,はっさく,41321,640,211
2021,1,6,水,りんご計,42000,216881,317
2021,1,6,水,日本なし計,43000,3490,416
2021,1,6,水,かき計,43500,31165,404
2021,1,6,水,おうとう,44800,0,…
2021,1,6,水,ぶどう計,45000,1706,1261
2021,1,6,水,いちご,46100,134232,1583
2021,1,6,水,メロン計,47000,15704,1087
2021,1,6,水,すいか,48100,2338,463
2021,1,6,水,キウイフルツ,49300,10439,561
2021,1,6,水,バナナ,50100,295433,146
2021,1,6,水,パイナップル,50300,51684,152
2021,1,6,水,レモン,50400,18093,327
2021,1,6,水,オレンジ,50600,17386,240
2021,1,6,水,輸入キウイ,50800,16786,438
2021,1,6,水,輸入メロン,50850,5437,256
2021,1,7,木,みかん,40100,1498570,245
2021,1,7,木,はっさく,41321,49497,226
2021,1,7,木,りんご計,42000,748666,306
2021,1,7,木,日本なし計,43000,180,413
2021,1,7,木,かき計,43500,46884,423
2021,1,7,木,ぶどう計,45000,12568,1978
2021,1,7,木,いちご,46100,433760,1463
2021,1,7,木,メロン計,47000,26185,1072
2021,1,7,木,すいか,48100,9241,306
2021,1,7,木,キウイフルツ,49300,11400,559
2021,1,7,木,バナナ,50100,387647,145
2021,1,7,木,パイナップル,50300,74560,139
2021,1,7,木,レモン,50400,27870,306
2021,1,7,木,オレンジ,50600,66270,160
2021,1,7,木,輸入キウイ,50800,32675,449
2021,1,7,木,輸入メロン,50850,3445,247
2021,1,8,金,みかん,40100,1516808,240
2021,1,8,金,はっさく,41321,34115,216
2021,1,8,金,りんご計,42000,602875,307
2021,1,8,金,日本なし計,43000,1600,359
2021,1,8,金,かき計,43500,20533,459
2021,1,8,金,ぶどう計,45000,9711,1923
2021,1,8,金,いちご,46100,284181,1488
2021,1,8,金,メロン計,47000,33486,918
2021,1,8,金,すいか,48100,6125,352
2021,1,8,金,キウイフルツ,49300,38018,527
2021,1,8,金,バナナ,50100,636779,137
2021,1,8,金,パイナップル,50300,83777,147
2021,1,8,金,レモン,50400,26668,334
2021,1,8,金,オレンジ,50600,33990,235
2021,1,8,金,輸入キウイ,50800,23247,524
2021,1,8,金,輸入メロン,50850,2617,280
2021,1,9,土,みかん,40100,1469541,235
2021,1,9,土,はっさく,41321,47895,213
2021,1,9,土,りんご計,42000,794169,306
2021,1,9,土,日本なし計,43000,3155,343
2021,1,9,土,かき計,43500,55790,451
2021,1,9,土,ぶどう計,45000,16198,1744
2021,1,9,土,いちご,46100,299593,1480
2021,1,9,土,メロン計,47000,33781,903
2021,1,9,土,すいか,48100,6807,321
2021,1,9,土,キウイフルツ,49300,37078,571
2021,1,9,土,バナナ,50100,432431,143
2021,1,9,土,パイナップル,50300,80190,125
2021,1,9,土,レモン,50400,37329,314
2021,1,9,土,オレンジ,50600,31335,231
2021,1,9,土,輸入おうとう,50700,45,2160
2021,1,9,土,輸入キウイ,50800,34990,430
2021,1,9,土,輸入メロン,50850,3617,257
2021,1,11,月,みかん,40100,7790,321
2021,1,11,月,りんご計,42000,1560,337
2021,1,11,月,いちご,46100,730,1494
2021,1,11,月,すいか,48100,158,238
2021,1,11,月,キウイフルツ,49300,110,675
2021,1,11,月,バナナ,50100,7039,216
2021,1,11,月,パイナップル,50300,370,234
2021,1,11,月,レモン,50400,623,473
2021,1,11,月,オレンジ,50600,1122,284
2021,1,11,月,輸入キウイ,50800,584,601
2021,1,11,月,輸入メロン,50850,182,379
2021,1,12,火,みかん,40100,1650506,239
2021,1,12,火,はっさく,41321,126969,210
2021,1,12,火,りんご計,42000,896905,308
2021,1,12,火,日本なし計,43000,1750,471
2021,1,12,火,かき計,43500,60600,455
2021,1,12,火,ぶどう計,45000,13884,1800
2021,1,12,火,いちご,46100,561819,1472
2021,1,12,火,メロン計,47000,52470,807
2021,1,12,火,すいか,48100,10175,285
2021,1,12,火,キウイフルツ,49300,95755,545
2021,1,12,火,バナナ,50100,742456,145
2021,1,12,火,パイナップル,50300,78760,154
2021,1,12,火,レモン,50400,23446,324
2021,1,12,火,オレンジ,50600,29752,238
2021,1,12,火,輸入キウイ,50800,38640,472
2021,1,12,火,輸入メロン,50850,5384,233
2021,1,13,水,みかん,40100,641732,246
2021,1,13,水,はっさく,41321,48847,199
2021,1,13,水,りんご計,42000,398283,313
2021,1,13,水,かき計,43500,38519,441
2021,1,13,水,ぶどう計,45000,10329,1890
2021,1,13,水,いちご,46100,211022,1461
2021,1,13,水,メロン計,47000,31699,820
2021,1,13,水,すいか,48100,6520,297
2021,1,13,水,キウイフルツ,49300,15913,611
2021,1,13,水,バナナ,50100,176104,147
2021,1,13,水,パイナップル,50300,45652,120
2021,1,13,水,レモン,50400,11433,332
2021,1,13,水,オレンジ,50600,25862,220
2021,1,13,水,輸入おうとう,50700,45,2160
2021,1,13,水,輸入キウイ,50800,16165,464
2021,1,13,水,輸入メロン,50850,651,215
2021,1,14,木,みかん,40100,1418314,242
2021,1,14,木,はっさく,41321,51296,208
2021,1,14,木,りんご計,42000,703015,310
2021,1,14,木,かき計,43500,45878,450
2021,1,14,木,ぶどう計,45000,11779,1776
2021,1,14,木,いちご,46100,269808,1528
2021,1,14,木,メロン計,47000,34397,766
2021,1,14,木,すいか,48100,8575,308
2021,1,14,木,キウイフルツ,49300,105770,560
2021,1,14,木,バナナ,50100,449257,149
2021,1,14,木,パイナップル,50300,74801,152
2021,1,14,木,レモン,50400,24463,315
2021,1,14,木,オレンジ,50600,20525,228
2021,1,14,木,輸入キウイ,50800,22261,469
2021,1,14,木,輸入メロン,50850,2392,277
2021,1,15,金,みかん,40100,1362268,235
2021,1,15,金,はっさく,41321,70787,210
2021,1,15,金,りんご計,42000,711716,306
2021,1,15,金,かき計,43500,19537,445
2021,1,15,金,ぶどう計,45000,13843,1922
2021,1,15,金,いちご,46100,222136,1515
2021,1,15,金,メロン計,47000,30733,726
2021,1,15,金,すいか,48100,8490,338
2021,1,15,金,キウイフルツ,49300,70126,546
2021,1,15,金,バナナ,50100,535303,144
2021,1,15,金,パイナップル,50300,95986,145
2021,1,15,金,レモン,50400,25868,304
2021,1,15,金,オレンジ,50600,18524,232
2021,1,15,金,輸入おうとう,50700,110,584
2021,1,15,金,輸入キウイ,50800,22697,522
2021,1,15,金,輸入メロン,50850,2906,283
2021,1,16,土,みかん,40100,1564364,246
2021,1,16,土,はっさく,41321,56667,212
2021,1,16,土,りんご計,42000,800320,317
2021,1,16,土,かき計,43500,69493,448
2021,1,16,土,ぶどう計,45000,9709,1892
2021,1,16,土,いちご,46100,286720,1520
2021,1,16,土,メロン計,47000,35395,695
2021,1,16,土,すいか,48100,13238,264
2021,1,16,土,キウイフルツ,49300,68369,541
2021,1,16,土,バナナ,50100,350305,145
2021,1,16,土,パイナップル,50300,64674,144
2021,1,16,土,レモン,50400,24412,312
2021,1,16,土,オレンジ,50600,43417,216
2021,1,16,土,輸入キウイ,50800,33451,417
2021,1,16,土,輸入メロン,50850,3625,266
2021,1,18,月,みかん,40100,1395181,244
2021,1,18,月,はっさく,41321,123902,206
2021,1,18,月,りんご計,42000,851482,297
2021,1,18,月,日本なし計,43000,5620,384
2021,1,18,月,かき計,43500,19795,428
2021,1,18,月,ぶどう計,45000,10264,2118
2021,1,18,月,いちご,46100,451732,1501
2021,1,18,月,メロン計,47000,39176,697
2021,1,18,月,すいか,48100,3977,316
2021,1,18,月,キウイフルツ,49300,107794,542
2021,1,18,月,バナナ,50100,535693,141
2021,1,18,月,パイナップル,50300,42448,164
2021,1,18,月,レモン,50400,10936,359
2021,1,18,月,オレンジ,50600,22746,233
2021,1,18,月,輸入キウイ,50800,18914,426
2021,1,18,月,輸入メロン,50850,3276,258
2021,1,19,火,みかん,40100,1318937,232
2021,1,19,火,はっさく,41321,60983,215
2021,1,19,火,りんご計,42000,680324,301
2021,1,19,火,日本なし計,43000,1286,539
2021,1,19,火,かき計,43500,53213,444
2021,1,19,火,おうとう,44800,4,7155
2021,1,19,火,ぶどう計,45000,11204,1517
2021,1,19,火,いちご,46100,332696,1506
2021,1,19,火,メロン計,47000,27357,776
2021,1,19,火,すいか,48100,7255,274
2021,1,19,火,キウイフルツ,49300,71131,561
2021,1,19,火,バナナ,50100,309060,160
2021,1,19,火,パイナップル,50300,46931,167
2021,1,19,火,レモン,50400,19570,309
2021,1,19,火,オレンジ,50600,13873,241
2021,1,19,火,輸入おうとう,50700,45,2160
2021,1,19,火,輸入キウイ,50800,14492,433
2021,1,19,火,輸入メロン,50850,5432,247
2021,1,21,木,みかん,40100,1732406,248
2021,1,21,木,はっさく,41321,118301,199
2021,1,21,木,りんご計,42000,866289,310
2021,1,21,木,日本なし計,43000,580,337
2021,1,21,木,かき計,43500,78194,434
2021,1,21,木,おうとう,44800,16,16639
2021,1,21,木,ぶどう計,45000,11324,1981
2021,1,21,木,いちご,46100,494565,1492
2021,1,21,木,メロン計,47000,54245,699
2021,1,21,木,すいか,48100,2590,352
2021,1,21,木,キウイフルツ,49300,121553,551
2021,1,21,木,バナナ,50100,505863,156
2021,1,21,木,パイナップル,50300,68351,157
2021,1,21,木,レモン,50400,16421,356
2021,1,21,木,オレンジ,50600,23366,225
2021,1,21,木,輸入おうとう,50700,25,2160
2021,1,21,木,輸入キウイ,50800,26441,423
2021,1,21,木,輸入メロン,50850,3820,266
2021,1,22,金,みかん,40100,1220972,237
2021,1,22,金,はっさく,41321,60566,216
2021,1,22,金,りんご計,42000,750917,297
2021,1,22,金,日本なし計,43000,215,459
2021,1,22,金,かき計,43500,24890,460
2021,1,22,金,ぶどう計,45000,9002,1071
2021,1,22,金,いちご,46100,298667,1481
2021,1,22,金,メロン計,47000,41963,708
2021,1,22,金,すいか,48100,10397,273
2021,1,22,金,キウイフルツ,49300,125418,487
2021,1,22,金,バナナ,50100,444802,148
2021,1,22,金,パイナップル,50300,76295,140
2021,1,22,金,レモン,50400,13115,326
2021,1,22,金,オレンジ,50600,40689,216
2021,1,22,金,輸入キウイ,50800,18721,378
2021,1,22,金,輸入メロン,50850,2384,239
2021,1,23,土,みかん,40100,1263734,239
2021,1,23,土,はっさく,41321,80558,189
2021,1,23,土,りんご計,42000,764753,298
2021,1,23,土,日本なし計,43000,27044,268
2021,1,23,土,かき計,43500,53768,459
2021,1,23,土,おうとう,44800,12,21222
2021,1,23,土,ぶどう計,45000,7039,1668
2021,1,23,土,いちご,46100,350136,1473
2021,1,23,土,メロン計,47000,41022,678
2021,1,23,土,すいか,48100,12723,280
2021,1,23,土,キウイフルツ,49300,81562,525
2021,1,23,土,バナナ,50100,493773,159
2021,1,23,土,パイナップル,50300,63575,158
2021,1,23,土,レモン,50400,32120,328
2021,1,23,土,オレンジ,50600,31745,229
2021,1,23,土,輸入キウイ,50800,27777,470
2021,1,23,土,輸入メロン,50850,3060,222
2021,1,25,月,みかん,40100,1238571,260
2021,1,25,月,はっさく,41321,160832,197
2021,1,25,月,りんご計,42000,838392,294
2021,1,25,月,日本なし計,43000,5935,383
2021,1,25,月,かき計,43500,19199,454
2021,1,25,月,おうとう,44800,13,22240
2021,1,25,月,ぶどう計,45000,8515,1420
2021,1,25,月,いちご,46100,501836,1454
2021,1,25,月,メロン計,47000,36100,664
2021,1,25,月,すいか,48100,7400,318
2021,1,25,月,キウイフルツ,49300,96011,540
2021,1,25,月,バナナ,50100,464077,152
2021,1,25,月,パイナップル,50300,66652,139
2021,1,25,月,レモン,50400,15533,326
2021,1,25,月,オレンジ,50600,20952,219
2021,1,25,月,輸入おうとう,50700,65,2147
2021,1,25,月,輸入キウイ,50800,16016,405
2021,1,25,月,輸入メロン,50850,5342,248
2021,1,26,火,みかん,40100,1198812,245
2021,1,26,火,はっさく,41321,95182,204
2021,1,26,火,りんご計,42000,758861,300
2021,1,26,火,日本なし計,43000,513,275
2021,1,26,火,かき計,43500,30980,460
2021,1,26,火,おうとう,44800,14,20157
2021,1,26,火,ぶどう計,45000,11860,1091
2021,1,26,火,いちご,46100,314227,1467
2021,1,26,火,メロン計,47000,20132,746
2021,1,26,火,すいか,48100,13944,282
2021,1,26,火,キウイフルツ,49300,103045,538
2021,1,26,火,バナナ,50100,334398,154
2021,1,26,火,パイナップル,50300,51408,151
2021,1,26,火,レモン,50400,23257,286
2021,1,26,火,オレンジ,50600,60923,205
2021,1,26,火,輸入おうとう,50700,9,2160
2021,1,26,火,輸入キウイ,50800,15567,373
2021,1,26,火,輸入メロン,50850,4862,263
2021,1,28,木,みかん,40100,1515033,263
2021,1,28,木,はっさく,41321,104356,188
2021,1,28,木,りんご計,42000,1084859,294
2021,1,28,木,日本なし計,43000,280,266
2021,1,28,木,かき計,43500,51555,462
2021,1,28,木,びわ,43900,10,7992
2021,1,28,木,おうとう,44800,6,17928
2021,1,28,木,ぶどう計,45000,9275,1417
2021,1,28,木,いちご,46100,485928,1459
2021,1,28,木,メロン計,47000,42621,648
2021,1,28,木,すいか,48100,4266,348
2021,1,28,木,キウイフルツ,49300,131284,534
2021,1,28,木,バナナ,50100,529298,161
2021,1,28,木,パイナップル,50300,65175,154
2021,1,28,木,レモン,50400,28293,310
2021,1,28,木,オレンジ,50600,30592,266
2021,1,28,木,輸入おうとう,50700,35,2469
2021,1,28,木,輸入キウイ,50800,25781,442
2021,1,28,木,輸入メロン,50850,9638,199
2021,1,29,金,みかん,40100,1117282,253
2021,1,29,金,はっさく,41321,86863,195
2021,1,29,金,りんご計,42000,924650,307
2021,1,29,金,日本なし計,43000,40,594
2021,1,29,金,かき計,43500,13660,417
2021,1,29,金,びわ,43900,5,9504
2021,1,29,金,ぶどう計,45000,6375,1260
2021,1,29,金,いちご,46100,344448,1463
2021,1,29,金,メロン計,47000,26488,711
2021,1,29,金,すいか,48100,13963,328
2021,1,29,金,キウイフルツ,49300,112868,516
2021,1,29,金,バナナ,50100,618892,141
2021,1,29,金,パイナップル,50300,87479,128
2021,1,29,金,レモン,50400,24000,339
2021,1,29,金,オレンジ,50600,65201,230
2021,1,29,金,輸入キウイ,50800,25265,346
2021,1,29,金,輸入メロン,50850,6408,186
2021,1,30,土,みかん,40100,1152326,256
2021,1,30,土,はっさく,41321,70798,176
2021,1,30,土,りんご計,42000,786172,285
2021,1,30,土,かき計,43500,50610,447
2021,1,30,土,おうとう,44800,11,18851
2021,1,30,土,ぶどう計,45000,4810,1738
2021,1,30,土,いちご,46100,397487,1468
2021,1,30,土,メロン計,47000,20796,740
2021,1,30,土,すいか,48100,13917,261
2021,1,30,土,キウイフルツ,49300,63984,526
2021,1,30,土,バナナ,50100,602771,160
2021,1,30,土,パイナップル,50300,87291,152
2021,1,30,土,レモン,50400,29873,304
2021,1,30,土,オレンジ,50600,46063,222
2021,1,30,土,輸入おうとう,50700,40,2160
2021,1,30,土,輸入キウイ,50800,22133,444
2021,1,30,土,輸入メロン,50850,5107,226
2021,2,1,月,みかん,40100,1140900,284
2021,2,1,月,はっさく,41321,126444,191
2021,2,1,月,りんご計,42000,906212,283
2021,2,1,月,日本なし計,43000,5540,382
2021,2,1,月,かき計,43500,13217,408
2021,2,1,月,おうとう,44800,18,16458
2021,2,1,月,ぶどう計,45000,9240,818
2021,2,1,月,いちご,46100,516343,1446
2021,2,1,月,メロン計,47000,30283,753
2021,2,1,月,すいか,48100,5678,486
2021,2,1,月,キウイフルツ,49300,106918,527
2021,2,1,月,バナナ,50100,369298,166
2021,2,1,月,パイナップル,50300,53599,164
2021,2,1,月,レモン,50400,14801,330
2021,2,1,月,オレンジ,50600,35748,213
2021,2,1,月,輸入おうとう,50700,350,1864
2021,2,1,月,輸入キウイ,50800,18340,432
2021,2,1,月,輸入メロン,50850,6574,145
2021,2,2,火,みかん,40100,1003561,269
2021,2,2,火,はっさく,41321,109869,190
2021,2,2,火,りんご計,42000,709623,278
2021,2,2,火,日本なし計,43000,1020,283
2021,2,2,火,かき計,43500,47320,439
2021,2,2,火,びわ,43900,26,5450
2021,2,2,火,おうとう,44800,13,13002
2021,2,2,火,ぶどう計,45000,6548,944
2021,2,2,火,いちご,46100,336700,1462
2021,2,2,火,メロン計,47000,20085,903
2021,2,2,火,すいか,48100,11647,298
2021,2,2,火,キウイフルツ,49300,113907,533
2021,2,2,火,バナナ,50100,302354,155
2021,2,2,火,パイナップル,50300,73950,143
2021,2,2,火,レモン,50400,16986,314
2021,2,2,火,オレンジ,50600,30412,188
2021,2,2,火,輸入おうとう,50700,60,2304
2021,2,2,火,輸入キウイ,50800,8110,393
2021,2,2,火,輸入メロン,50850,2967,229
2021,2,4,木,みかん,40100,1356324,273
2021,2,4,木,はっさく,41321,124100,189
2021,2,4,木,りんご計,42000,1010690,275
2021,2,4,木,かき計,43500,15650,485
2021,2,4,木,びわ,43900,37,6410
2021,2,4,木,おうとう,44800,21,15562
2021,2,4,木,ぶどう計,45000,4167,1679
2021,2,4,木,いちご,46100,522539,1450
2021,2,4,木,メロン計,47000,49862,745
2021,2,4,木,すいか,48100,4040,424
2021,2,4,木,キウイフルツ,49300,94770,538
2021,2,4,木,バナナ,50100,488957,151
2021,2,4,木,パイナップル,50300,66118,164
2021,2,4,木,レモン,50400,20061,310
2021,2,4,木,オレンジ,50600,23949,250
2021,2,4,木,輸入おうとう,50700,505,2374
2021,2,4,木,輸入キウイ,50800,35338,436
2021,2,4,木,輸入メロン,50850,4130,254
2021,2,5,金,みかん,40100,871655,279
2021,2,5,金,はっさく,41321,98691,190
2021,2,5,金,りんご計,42000,915346,283
2021,2,5,金,かき計,43500,5660,367
2021,2,5,金,おうとう,44800,14,15039
2021,2,5,金,ぶどう計,45000,7866,957
2021,2,5,金,いちご,46100,296395,1483
2021,2,5,金,メロン計,47000,28151,855
2021,2,5,金,すいか,48100,5628,428
2021,2,5,金,キウイフルツ,49300,124287,530
2021,2,5,金,バナナ,50100,581105,149
2021,2,5,金,パイナップル,50300,74552,153
2021,2,5,金,レモン,50400,19461,316
2021,2,5,金,オレンジ,50600,41176,236
2021,2,5,金,輸入おうとう,50700,40,2495
2021,2,5,金,輸入キウイ,50800,17772,502
2021,2,5,金,輸入メロン,50850,5738,252
2021,2,6,土,みかん,40100,1104384,278
2021,2,6,土,はっさく,41321,55311,176
2021,2,6,土,りんご計,42000,824107,273
2021,2,6,土,日本なし計,43000,42,494
2021,2,6,土,かき計,43500,6700,483
2021,2,6,土,びわ,43900,59,5506
2021,2,6,土,おうとう,44800,7,16601
2021,2,6,土,ぶどう計,45000,4629,1695
2021,2,6,土,いちご,46100,359909,1492
2021,2,6,土,メロン計,47000,32405,861
2021,2,6,土,すいか,48100,3400,355
2021,2,6,土,キウイフルツ,49300,79610,539
2021,2,6,土,バナナ,50100,491829,160
2021,2,6,土,パイナップル,50300,73724,145
2021,2,6,土,レモン,50400,28006,301
2021,2,6,土,オレンジ,50600,27586,244
2021,2,6,土,輸入おうとう,50700,35,2407
2021,2,6,土,輸入キウイ,50800,13173,446
2021,2,6,土,輸入メロン,50850,3810,231
2021,2,8,月,みかん,40100,917713,289
2021,2,8,月,はっさく,41321,126251,185
2021,2,8,月,りんご計,42000,868383,273
2021,2,8,月,日本なし計,43000,765,256
2021,2,8,月,かき計,43500,11891,443
2021,2,8,月,おうとう,44800,16,17223
2021,2,8,月,ぶどう計,45000,8078,623
2021,2,8,月,いちご,46100,534200,1472
2021,2,8,月,メロン計,47000,33312,787
2021,2,8,月,すいか,48100,4287,375
2021,2,8,月,キウイフルツ,49300,96861,519
2021,2,8,月,バナナ,50100,465934,160
2021,2,8,月,パイナップル,50300,68479,155
2021,2,8,月,レモン,50400,22513,315
2021,2,8,月,オレンジ,50600,24903,239
2021,2,8,月,輸入おうとう,50700,370,2103
2021,2,8,月,輸入キウイ,50800,7713,417
2021,2,8,月,輸入メロン,50850,7841,136
2021,2,9,火,みかん,40100,893524,284
2021,2,9,火,はっさく,41321,131712,196
2021,2,9,火,りんご計,42000,746104,266
2021,2,9,火,かき計,43500,1667,469
2021,2,9,火,びわ,43900,52,5726
2021,2,9,火,おうとう,44800,4,15431
2021,2,9,火,ぶどう計,45000,5872,759
2021,2,9,火,いちご,46100,345021,1498
2021,2,9,火,メロン計,47000,18804,903
2021,2,9,火,すいか,48100,9267,334
2021,2,9,火,キウイフルツ,49300,85839,538
2021,2,9,火,バナナ,50100,351334,152
2021,2,9,火,パイナップル,50300,76052,135
2021,2,9,火,レモン,50400,22200,299
2021,2,9,火,オレンジ,50600,68747,221
2021,2,9,火,輸入キウイ,50800,8452,279
2021,2,9,火,輸入メロン,50850,3692,269
2021,2,10,水,みかん,40100,470714,278
2021,2,10,水,はっさく,41321,68527,182
2021,2,10,水,りんご計,42000,668166,269
2021,2,10,水,かき計,43500,2181,411
2021,2,10,水,びわ,43900,35,4761
2021,2,10,水,おうとう,44800,9,15168
2021,2,10,水,ぶどう計,45000,2149,1472
2021,2,10,水,いちご,46100,342144,1479
2021,2,10,水,メロン計,47000,19720,851
2021,2,10,水,すいか,48100,2288,491
2021,2,10,水,キウイフルツ,49300,25886,542
2021,2,10,水,バナナ,50100,280975,166
2021,2,10,水,パイナップル,50300,44487,169
2021,2,10,水,レモン,50400,15629,310
2021,2,10,水,オレンジ,50600,20299,268
2021,2,10,水,輸入キウイ,50800,16395,479
2021,2,10,水,輸入メロン,50850,2658,296
2021,2,11,木,りんご計,42000,4888,335
2021,2,11,木,いちご,46100,951,1543
2021,2,11,木,メロン計,47000,100,562
2021,2,11,木,キウイフルツ,49300,284,583
2021,2,11,木,バナナ,50100,8173,215
2021,2,11,木,パイナップル,50300,2560,206
2021,2,11,木,レモン,50400,1268,383
2021,2,11,木,オレンジ,50600,918,352
2021,2,11,木,輸入キウイ,50800,478,498
2021,2,11,木,輸入メロン,50850,42,309
2021,2,12,金,みかん,40100,796930,281
2021,2,12,金,はっさく,41321,204804,186
2021,2,12,金,りんご計,42000,1155693,268
2021,2,12,金,日本なし計,43000,930,227
2021,2,12,金,かき計,43500,4009,512
2021,2,12,金,びわ,43900,83,5278
2021,2,12,金,おうとう,44800,8,14405
2021,2,12,金,ぶどう計,45000,4757,850
2021,2,12,金,いちご,46100,633468,1459
2021,2,12,金,メロン計,47000,32529,794
2021,2,12,金,すいか,48100,12528,370
2021,2,12,金,キウイフルツ,49300,165794,548
2021,2,12,金,バナナ,50100,623168,160
2021,2,12,金,パイナップル,50300,104567,147
2021,2,12,金,レモン,50400,22482,340
2021,2,12,金,オレンジ,50600,35883,231
2021,2,12,金,輸入おうとう,50700,30,2448
2021,2,12,金,輸入キウイ,50800,4252,419
2021,2,12,金,輸入メロン,50850,4641,257
2021,2,13,土,みかん,40100,800524,305
2021,2,13,土,はっさく,41321,89248,180
2021,2,13,土,りんご計,42000,819742,270
2021,2,13,土,かき計,43500,403,536
2021,2,13,土,びわ,43900,24,6017
2021,2,13,土,おうとう,44800,13,15527
2021,2,13,土,ぶどう計,45000,3416,772
2021,2,13,土,いちご,46100,422086,1461
2021,2,13,土,メロン計,47000,28830,863
2021,2,13,土,すいか,48100,3940,356
2021,2,13,土,キウイフルツ,49300,73001,531
2021,2,13,土,バナナ,50100,548200,158
2021,2,13,土,パイナップル,50300,82755,154
2021,2,13,土,レモン,50400,33286,303
2021,2,13,土,オレンジ,50600,87365,257
2021,2,13,土,輸入おうとう,50700,5,2549
2021,2,13,土,輸入キウイ,50800,3163,509
2021,2,13,土,輸入メロン,50850,9046,152
2021,2,15,月,みかん,40100,886088,310
2021,2,15,月,はっさく,41321,120947,180
2021,2,15,月,りんご計,42000,867288,273
2021,2,15,月,かき計,43500,3566,655
2021,2,15,月,びわ,43900,81,4651
2021,2,15,月,おうとう,44800,11,13593
2021,2,15,月,ぶどう計,45000,4789,482
2021,2,15,月,いちご,46100,589859,1432
2021,2,15,月,メロン計,47000,38287,940
2021,2,15,月,すいか,48100,9364,300
2021,2,15,月,キウイフルツ,49300,100764,516
2021,2,15,月,バナナ,50100,479099,159
2021,2,15,月,パイナップル,50300,60743,157
2021,2,15,月,レモン,50400,29389,308
2021,2,15,月,オレンジ,50600,28534,244
2021,2,15,月,輸入キウイ,50800,1557,494
2021,2,15,月,輸入メロン,50850,4616,213
2021,2,16,火,みかん,40100,816350,302
2021,2,16,火,はっさく,41321,147771,188
2021,2,16,火,りんご計,42000,743441,275
2021,2,16,火,かき計,43500,1422,528
2021,2,16,火,びわ,43900,59,4909
2021,2,16,火,おうとう,44800,11,15729
2021,2,16,火,ぶどう計,45000,4733,520
2021,2,16,火,いちご,46100,402612,1450
2021,2,16,火,メロン計,47000,21220,1047
2021,2,16,火,すいか,48100,5996,301
2021,2,16,火,キウイフルツ,49300,77680,546
2021,2,16,火,バナナ,50100,367157,155
2021,2,16,火,パイナップル,50300,64567,146
2021,2,16,火,レモン,50400,28556,307
2021,2,16,火,オレンジ,50600,27054,256
2021,2,16,火,輸入キウイ,50800,4879,396
2021,2,16,火,輸入メロン,50850,3313,277
2021,2,18,木,みかん,40100,929690,314
2021,2,18,木,はっさく,41321,111947,176
2021,2,18,木,りんご計,42000,1059078,272
2021,2,18,木,日本なし計,43000,450,324
2021,2,18,木,かき計,43500,2962,693
2021,2,18,木,びわ,43900,250,5003
2021,2,18,木,おうとう,44800,19,13213
2021,2,18,木,ぶどう計,45000,5510,497
2021,2,18,木,いちご,46100,634641,1447
2021,2,18,木,メロン計,47000,32781,924
2021,2,18,木,すいか,48100,7784,352
2021,2,18,木,キウイフルツ,49300,111001,523
2021,2,18,木,バナナ,50100,478506,168
2021,2,18,木,パイナップル,50300,70927,179
2021,2,18,木,レモン,50400,28019,313
2021,2,18,木,オレンジ,50600,39055,235
2021,2,18,木,輸入キウイ,50800,1316,502
2021,2,18,木,輸入メロン,50850,9481,248
2021,2,19,金,みかん,40100,637277,309
2021,2,19,金,はっさく,41321,102200,192
2021,2,19,金,りんご計,42000,838398,264
2021,2,19,金,かき計,43500,387,444
2021,2,19,金,びわ,43900,48,2833
2021,2,19,金,おうとう,44800,3,21852
2021,2,19,金,ぶどう計,45000,5754,442
2021,2,19,金,いちご,46100,362519,1443
2021,2,19,金,メロン計,47000,26276,972
2021,2,19,金,すいか,48100,13464,313
2021,2,19,金,キウイフルツ,49300,110496,524
2021,2,19,金,バナナ,50100,468341,157
2021,2,19,金,パイナップル,50300,67135,158
2021,2,19,金,レモン,50400,17911,328
2021,2,19,金,オレンジ,50600,54834,237
2021,2,19,金,輸入おうとう,50700,25,259
2021,2,19,金,輸入キウイ,50800,2880,448
2021,2,19,金,輸入メロン,50850,6313,255
2021,2,20,土,みかん,40100,773575,315
2021,2,20,土,はっさく,41321,98864,180
2021,2,20,土,りんご計,42000,850703,268
2021,2,20,土,かき計,43500,400,404
2021,2,20,土,びわ,43900,142,5430
2021,2,20,土,おうとう,44800,6,15507
2021,2,20,土,ぶどう計,45000,1827,423
2021,2,20,土,いちご,46100,406101,1444
2021,2,20,土,メロン計,47000,31104,914
2021,2,20,土,すいか,48100,6265,390
2021,2,20,土,キウイフルツ,49300,83781,502
2021,2,20,土,バナナ,50100,402073,161
2021,2,20,土,パイナップル,50300,58054,154
2021,2,20,土,レモン,50400,45372,282
2021,2,20,土,オレンジ,50600,58766,261
2021,2,20,土,輸入キウイ,50800,2298,511
2021,2,20,土,輸入メロン,50850,6836,283
2021,2,22,月,みかん,40100,772881,304
2021,2,22,月,はっさく,41321,137750,188
2021,2,22,月,りんご計,42000,1084842,271
2021,2,22,月,日本なし計,43000,200,335
2021,2,22,月,かき計,43500,3962,681
2021,2,22,月,びわ,43900,301,4456
2021,2,22,月,おうとう,44800,21,14145
2021,2,22,月,ぶどう計,45000,5897,627
2021,2,22,月,いちご,46100,568471,1439
2021,2,22,月,メロン計,47000,36129,928
2021,2,22,月,すいか,48100,13515,387
2021,2,22,月,キウイフルツ,49300,102554,532
2021,2,22,月,バナナ,50100,687469,160
2021,2,22,月,パイナップル,50300,105626,157
2021,2,22,月,レモン,50400,29748,320
2021,2,22,月,オレンジ,50600,48870,250
2021,2,22,月,輸入キウイ,50800,4706,374
2021,2,22,月,輸入メロン,50850,7659,253
2021,2,23,火,みかん,40100,480,461
2021,2,23,火,りんご計,42000,3600,261
2021,2,23,火,びわ,43900,2,1210
2021,2,23,火,ぶどう計,45000,100,551
2021,2,23,火,いちご,46100,245,1575
2021,2,23,火,メロン計,47000,48,945
2021,2,23,火,すいか,48100,797,174
2021,2,23,火,キウイフルツ,49300,1211,575
2021,2,23,火,バナナ,50100,8095,220
2021,2,23,火,パイナップル,50300,280,236
2021,2,23,火,レモン,50400,543,427
2021,2,23,火,オレンジ,50600,1207,359
2021,2,23,火,輸入メロン,50850,40,473
2021,2,24,水,みかん,40100,393669,303
2021,2,24,水,はっさく,41321,95643,191
2021,2,24,水,りんご計,42000,792955,264
2021,2,24,水,かき計,43500,221,712
2021,2,24,水,びわ,43900,8,3240
2021,2,24,水,おうとう,44800,11,16288
2021,2,24,水,ぶどう計,45000,992,469
2021,2,24,水,いちご,46100,580432,1440
2021,2,24,水,メロン計,47000,21739,1166
2021,2,24,水,すいか,48100,21838,317
2021,2,24,水,キウイフルツ,49300,67187,544
2021,2,24,水,バナナ,50100,377762,172
2021,2,24,水,パイナップル,50300,74113,172
2021,2,24,水,レモン,50400,34755,313
2021,2,24,水,オレンジ,50600,41479,248
2021,2,24,水,輸入キウイ,50800,15935,303
2021,2,24,水,輸入メロン,50850,1822,283
2021,2,25,木,みかん,40100,507102,323
2021,2,25,木,はっさく,41321,100261,184
2021,2,25,木,りんご計,42000,853181,271
2021,2,25,木,日本なし計,43000,440,281
2021,2,25,木,かき計,43500,2912,705
2021,2,25,木,びわ,43900,525,4390
2021,2,25,木,おうとう,44800,6,20538
2021,2,25,木,ぶどう計,45000,640,435
2021,2,25,木,いちご,46100,405888,1470
2021,2,25,木,メロン計,47000,29959,959
2021,2,25,木,すいか,48100,6764,551
2021,2,25,木,キウイフルツ,49300,136299,497
2021,2,25,木,バナナ,50100,387075,169
2021,2,25,木,パイナップル,50300,76476,164
2021,2,25,木,レモン,50400,29729,316
2021,2,25,木,オレンジ,50600,49772,262
2021,2,25,木,輸入おうとう,50700,195,1604
2021,2,25,木,輸入キウイ,50800,3243,453
2021,2,25,木,輸入メロン,50850,13890,247
2021,2,26,金,みかん,40100,489150,326
2021,2,26,金,はっさく,41321,139050,183
2021,2,26,金,りんご計,42000,814739,261
2021,2,26,金,かき計,43500,11231,458
2021,2,26,金,びわ,43900,100,3733
2021,2,26,金,ぶどう計,45000,1785,476
2021,2,26,金,いちご,46100,378367,1457
2021,2,26,金,メロン計,47000,24270,1054
2021,2,26,金,すいか,48100,4368,503
2021,2,26,金,キウイフルツ,49300,150186,539
2021,2,26,金,バナナ,50100,602643,153
2021,2,26,金,パイナップル,50300,66950,153
2021,2,26,金,レモン,50400,25693,322
2021,2,26,金,オレンジ,50600,65887,252
2021,2,26,金,輸入おうとう,50700,160,1631
2021,2,26,金,輸入キウイ,50800,4863,270
2021,2,26,金,輸入メロン,50850,8270,222
2021,2,27,土,みかん,40100,409200,318
2021,2,27,土,はっさく,41321,80193,177
2021,2,27,土,りんご計,42000,832961,262
2021,2,27,土,かき計,43500,827,584
2021,2,27,土,びわ,43900,306,4517
2021,2,27,土,おうとう,44800,21,14413
2021,2,27,土,ぶどう計,45000,699,462
2021,2,27,土,いちご,46100,416958,1464
2021,2,27,土,メロン計,47000,23972,1037
2021,2,27,土,すいか,48100,26164,398
2021,2,27,土,キウイフルツ,49300,73130,525
2021,2,27,土,バナナ,50100,651143,154
2021,2,27,土,パイナップル,50300,98646,159
2021,2,27,土,レモン,50400,47826,302
2021,2,27,土,オレンジ,50600,118476,251
2021,2,27,土,輸入キウイ,50800,4725,505
2021,2,27,土,輸入メロン,50850,7854,241
2021,3,1,月,みかん,40100,430932,344
2021,3,1,月,はっさく,41321,130701,204
2021,3,1,月,りんご計,42000,927415,260
2021,3,1,月,かき計,43500,3673,701
2021,3,1,月,びわ,43900,735,3867
2021,3,1,月,おうとう,44800,41,14498
2021,3,1,月,ぶどう計,45000,912,591
2021,3,1,月,いちご,46100,553940,1460
2021,3,1,月,メロン計,47000,23996,1166
2021,3,1,月,すいか,48100,25997,436
2021,3,1,月,キウイフルツ,49300,98429,525
2021,3,1,月,バナナ,50100,442248,160
2021,3,1,月,パイナップル,50300,45557,180
2021,3,1,月,レモン,50400,21272,324
2021,3,1,月,オレンジ,50600,32614,269
2021,3,1,月,輸入キウイ,50800,2209,319
2021,3,1,月,輸入メロン,50850,2815,308
2021,3,2,火,みかん,40100,302086,320
2021,3,2,火,はっさく,41321,134665,196
2021,3,2,火,りんご計,42000,752390,267
2021,3,2,火,かき計,43500,972,430
2021,3,2,火,びわ,43900,309,4208
2021,3,2,火,おうとう,44800,26,15162
2021,3,2,火,ぶどう計,45000,1135,478
2021,3,2,火,いちご,46100,318745,1507
2021,3,2,火,メロン計,47000,17810,1234
2021,3,2,火,すいか,48100,24258,367
2021,3,2,火,キウイフルツ,49300,84294,532
2021,3,2,火,バナナ,50100,337373,171
2021,3,2,火,パイナップル,50300,63790,167
2021,3,2,火,レモン,50400,22762,333
2021,3,2,火,オレンジ,50600,42191,272
2021,3,2,火,輸入キウイ,50800,2118,480
2021,3,2,火,輸入メロン,50850,8471,235
2021,3,4,木,みかん,40100,493649,343
2021,3,4,木,はっさく,41321,159023,195
2021,3,4,木,りんご計,42000,985909,261
2021,3,4,木,日本なし計,43000,570,324
2021,3,4,木,かき計,43500,4693,673
2021,3,4,木,びわ,43900,776,3783
2021,3,4,木,おうとう,44800,57,15327
2021,3,4,木,ぶどう計,45000,970,456
2021,3,4,木,いちご,46100,608507,1461
2021,3,4,木,メロン計,47000,27659,1175
2021,3,4,木,すいか,48100,34425,386
2021,3,4,木,キウイフルツ,49300,121750,531
2021,3,4,木,バナナ,50100,443892,176
2021,3,4,木,パイナップル,50300,54180,187
2021,3,4,木,レモン,50400,22037,345
2021,3,4,木,オレンジ,50600,28973,295
2021,3,4,木,輸入キウイ,50800,302,547
2021,3,4,木,輸入メロン,50850,9100,253
2021,3,5,金,みかん,40100,254176,357
2021,3,5,金,はっさく,41321,108055,196
2021,3,5,金,りんご計,42000,836183,250
2021,3,5,金,日本なし計,43000,603,253
2021,3,5,金,かき計,43500,300,340
2021,3,5,金,びわ,43900,294,4425
2021,3,5,金,おうとう,44800,22,13691
2021,3,5,金,ぶどう計,45000,1665,463
2021,3,5,金,いちご,46100,360208,1480
2021,3,5,金,メロン計,47000,20487,1211
2021,3,5,金,すいか,48100,5771,482
2021,3,5,金,キウイフルツ,49300,78889,549
2021,3,5,金,バナナ,50100,567549,155
2021,3,5,金,パイナップル,50300,88018,154
2021,3,5,金,レモン,50400,37095,307
2021,3,5,金,オレンジ,50600,61668,279
2021,3,5,金,輸入キウイ,50800,1772,344
2021,3,5,金,輸入メロン,50850,8762,217
2021,3,6,土,みかん,40100,278763,329
2021,3,6,土,はっさく,41321,78972,193
2021,3,6,土,りんご計,42000,877536,266
2021,3,6,土,かき計,43500,300,518
2021,3,6,土,びわ,43900,412,3888
2021,3,6,土,おうとう,44800,41,13528
2021,3,6,土,ぶどう計,45000,1095,434
2021,3,6,土,いちご,46100,422137,1466
2021,3,6,土,メロン計,47000,21150,1240
2021,3,6,土,すいか,48100,28138,362
2021,3,6,土,キウイフルツ,49300,80564,492
2021,3,6,土,バナナ,50100,497116,165
2021,3,6,土,パイナップル,50300,89341,158
2021,3,6,土,レモン,50400,28130,305
2021,3,6,土,オレンジ,50600,41322,261
2021,3,6,土,輸入キウイ,50800,800,582
2021,3,6,土,輸入メロン,50850,5530,284
2021,3,8,月,みかん,40100,345686,382
2021,3,8,月,はっさく,41321,150107,210
2021,3,8,月,りんご計,42000,874785,259
2021,3,8,月,かき計,43500,399,482
2021,3,8,月,びわ,43900,1268,3872
2021,3,8,月,おうとう,44800,82,14179
2021,3,8,月,ぶどう計,45000,305,450
2021,3,8,月,いちご,46100,600745,1432
2021,3,8,月,メロン計,47000,27941,1207
2021,3,8,月,すいか,48100,45885,405
2021,3,8,月,キウイフルツ,49300,115439,538
2021,3,8,月,バナナ,50100,518580,161
2021,3,8,月,パイナップル,50300,59559,170
2021,3,8,月,レモン,50400,23024,344
2021,3,8,月,オレンジ,50600,55242,289
2021,3,8,月,輸入キウイ,50800,706,485
2021,3,8,月,輸入メロン,50850,3672,311
2021,3,9,火,みかん,40100,298735,362
2021,3,9,火,はっさく,41321,131213,197
2021,3,9,火,りんご計,42000,770406,252
2021,3,9,火,かき計,43500,494,653
2021,3,9,火,びわ,43900,565,3863
2021,3,9,火,おうとう,44800,34,14755
2021,3,9,火,ぶどう計,45000,250,466
2021,3,9,火,いちご,46100,367230,1457
2021,3,9,火,メロン計,47000,16910,1380
2021,3,9,火,すいか,48100,27042,418
2021,3,9,火,キウイフルツ,49300,72431,531
2021,3,9,火,バナナ,50100,348492,165
2021,3,9,火,パイナップル,50300,66357,171
2021,3,9,火,レモン,50400,31257,322
2021,3,9,火,オレンジ,50600,37809,292
2021,3,9,火,輸入キウイ,50800,9729,240
2021,3,9,火,輸入メロン,50850,6804,248
2021,3,11,木,みかん,40100,330510,385
2021,3,11,木,はっさく,41321,165395,208
2021,3,11,木,りんご計,42000,858076,260
2021,3,11,木,かき計,43500,445,425
2021,3,11,木,びわ,43900,1091,3719
2021,3,11,木,おうとう,44800,88,14449
2021,3,11,木,ぶどう計,45000,450,490
2021,3,11,木,いちご,46100,592338,1444
2021,3,11,木,メロン計,47000,30203,1288
2021,3,11,木,すいか,48100,56145,389
2021,3,11,木,キウイフルツ,49300,130867,531
2021,3,11,木,バナナ,50100,482711,182
2021,3,11,木,パイナップル,50300,81048,181
2021,3,11,木,レモン,50400,30979,325
2021,3,11,木,オレンジ,50600,53980,283
2021,3,11,木,輸入キウイ,50800,682,484
2021,3,11,木,輸入メロン,50850,8733,263
2021,3,12,金,みかん,40100,189076,388
2021,3,12,金,はっさく,41321,148743,207
2021,3,12,金,りんご計,42000,949353,263
2021,3,12,金,かき計,43500,741,674
2021,3,12,金,びわ,43900,1058,3252
2021,3,12,金,おうとう,44800,71,13082
2021,3,12,金,ぶどう計,45000,385,728
2021,3,12,金,いちご,46100,338568,1450
2021,3,12,金,メロン計,47000,21325,1358
2021,3,12,金,すいか,48100,19024,393
2021,3,12,金,キウイフルツ,49300,113222,548
2021,3,12,金,バナナ,50100,502988,159
2021,3,12,金,パイナップル,50300,90913,163
2021,3,12,金,レモン,50400,42492,327
2021,3,12,金,オレンジ,50600,50568,270
2021,3,12,金,輸入キウイ,50800,328,543
2021,3,12,金,輸入メロン,50850,8295,290
2021,3,13,土,みかん,40100,273365,403
2021,3,13,土,はっさく,41321,85070,185
2021,3,13,土,りんご計,42000,855168,258
2021,3,13,土,かき計,43500,215,571
2021,3,13,土,びわ,43900,792,3677
2021,3,13,土,おうとう,44800,34,14866
2021,3,13,土,ぶどう計,45000,230,439
2021,3,13,土,いちご,46100,407839,1451
2021,3,13,土,メロン計,47000,23818,1295
2021,3,13,土,すいか,48100,33173,398
2021,3,13,土,キウイフルツ,49300,59885,539
2021,3,13,土,バナナ,50100,521178,166
2021,3,13,土,パイナップル,50300,90315,175
2021,3,13,土,レモン,50400,43750,303
2021,3,13,土,オレンジ,50600,75233,275
2021,3,13,土,輸入おうとう,50700,5,1534
2021,3,13,土,輸入キウイ,50800,880,560
2021,3,13,土,輸入メロン,50850,6386,278
2021,3,15,月,みかん,40100,248690,419
2021,3,15,月,はっさく,41321,133159,221
2021,3,15,月,りんご計,42000,903625,264
2021,3,15,月,日本なし計,43000,820,307
2021,3,15,月,かき計,43500,355,475
2021,3,15,月,びわ,43900,2047,3439
2021,3,15,月,おうとう,44800,89,14418
2021,3,15,月,ぶどう計,45000,407,536
2021,3,15,月,いちご,46100,595737,1421
2021,3,15,月,メロン計,47000,30532,1316
2021,3,15,月,すいか,48100,53638,380
2021,3,15,月,キウイフルツ,49300,120577,528
2021,3,15,月,バナナ,50100,514193,166
2021,3,15,月,パイナップル,50300,85806,164
2021,3,15,月,レモン,50400,29411,322
2021,3,15,月,オレンジ,50600,34453,294
2021,3,15,月,輸入キウイ,50800,663,400
2021,3,15,月,輸入メロン,50850,10580,141
2021,3,16,火,みかん,40100,234734,414
2021,3,16,火,はっさく,41321,152706,208
2021,3,16,火,りんご計,42000,856017,256
2021,3,16,火,かき計,43500,871,676
2021,3,16,火,びわ,43900,959,3462
2021,3,16,火,おうとう,44800,31,19503
2021,3,16,火,ぶどう計,45000,35,562
2021,3,16,火,いちご,46100,328016,1455
2021,3,16,火,メロン計,47000,22591,1404
2021,3,16,火,すいか,48100,31142,390
2021,3,16,火,キウイフルツ,49300,97750,523
2021,3,16,火,バナナ,50100,323522,164
2021,3,16,火,パイナップル,50300,66533,176
2021,3,16,火,レモン,50400,26779,340
2021,3,16,火,オレンジ,50600,44438,285
2021,3,16,火,輸入キウイ,50800,590,526
2021,3,16,火,輸入メロン,50850,10023,128
2021,3,17,水,みかん,40100,28011,358
2021,3,17,水,はっさく,41321,24046,184
2021,3,17,水,りんご計,42000,250342,268
2021,3,17,水,びわ,43900,357,3071
2021,3,17,水,おうとう,44800,30,15665
2021,3,17,水,ぶどう計,45000,140,488
2021,3,17,水,いちご,46100,166063,1386
2021,3,17,水,メロン計,47000,9297,1567
2021,3,17,水,すいか,48100,7941,476
2021,3,17,水,キウイフルツ,49300,30233,535
2021,3,17,水,バナナ,50100,61106,197
2021,3,17,水,パイナップル,50300,10558,160
2021,3,17,水,レモン,50400,4522,334
2021,3,17,水,オレンジ,50600,4530,288
2021,3,17,水,輸入キウイ,50800,680,475
2021,3,17,水,輸入メロン,50850,3129,124
2021,3,18,木,みかん,40100,219446,407
2021,3,18,木,はっさく,41321,143057,210
2021,3,18,木,りんご計,42000,956001,259
2021,3,18,木,日本なし計,43000,615,328
2021,3,18,木,かき計,43500,385,541
2021,3,18,木,びわ,43900,1589,3271
2021,3,18,木,おうとう,44800,76,16196
2021,3,18,木,ぶどう計,45000,65,508
2021,3,18,木,いちご,46100,485973,1441
2021,3,18,木,メロン計,47000,29145,1359
2021,3,18,木,すいか,48100,60474,391
2021,3,18,木,キウイフルツ,49300,110510,539
2021,3,18,木,バナナ,50100,467720,174
2021,3,18,木,パイナップル,50300,78323,184
2021,3,18,木,レモン,50400,27892,347
2021,3,18,木,オレンジ,50600,62237,294
2021,3,18,木,輸入キウイ,50800,4173,550
2021,3,18,木,輸入メロン,50850,7300,297
2021,3,19,金,みかん,40100,207347,428
2021,3,19,金,はっさく,41321,183946,204
2021,3,19,金,りんご計,42000,1131371,263
2021,3,19,金,かき計,43500,780,665
2021,3,19,金,びわ,43900,2021,3056
2021,3,19,金,おうとう,44800,78,16030
2021,3,19,金,ぶどう計,45000,105,1703
2021,3,19,金,いちご,46100,407696,1437
2021,3,19,金,メロン計,47000,28133,1293
2021,3,19,金,すいか,48100,39280,443
2021,3,19,金,キウイフルツ,49300,126352,538
2021,3,19,金,バナナ,50100,679822,157
2021,3,19,金,パイナップル,50300,113077,178
2021,3,19,金,レモン,50400,69317,322
2021,3,19,金,オレンジ,50600,70238,282
2021,3,19,金,輸入キウイ,50800,1298,570
2021,3,19,金,輸入メロン,50850,11331,281
2021,3,22,月,みかん,40100,146287,429
2021,3,22,月,はっさく,41321,134783,219
2021,3,22,月,りんご計,42000,942370,264
2021,3,22,月,かき計,43500,525,504
2021,3,22,月,びわ,43900,3966,3048
2021,3,22,月,おうとう,44800,138,13244
2021,3,22,月,ぶどう計,45000,763,493
2021,3,22,月,いちご,46100,1009521,1369
2021,3,22,月,メロン計,47000,34125,1247
2021,3,22,月,すいか,48100,106917,384
2021,3,22,月,キウイフルツ,49300,135047,530
2021,3,22,月,バナナ,50100,800471,173
2021,3,22,月,パイナップル,50300,79311,193
2021,3,22,月,レモン,50400,50859,304
2021,3,22,月,オレンジ,50600,64593,278
2021,3,22,月,輸入キウイ,50800,5104,466
2021,3,22,月,輸入メロン,50850,6064,302
2021,3,23,火,みかん,40100,98986,392
2021,3,23,火,はっさく,41321,124585,216
2021,3,23,火,りんご計,42000,809761,256
2021,3,23,火,日本なし計,43000,190,302
2021,3,23,火,びわ,43900,1260,2899
2021,3,23,火,おうとう,44800,145,8871
2021,3,23,火,いちご,46100,430275,1359
2021,3,23,火,メロン計,47000,31420,1213
2021,3,23,火,すいか,48100,42520,412
2021,3,23,火,キウイフルツ,49300,127784,509
2021,3,23,火,バナナ,50100,416656,167
2021,3,23,火,パイナップル,50300,99193,179
2021,3,23,火,レモン,50400,51293,314
2021,3,23,火,オレンジ,50600,73523,279
2021,3,23,火,輸入キウイ,50800,567,560
2021,3,23,火,輸入メロン,50850,7305,259
2021,3,25,木,みかん,40100,140428,418
2021,3,25,木,はっさく,41321,126851,212
2021,3,25,木,りんご計,42000,1025067,263
2021,3,25,木,びわ,43900,3543,2814
2021,3,25,木,おうとう,44800,173,11304
2021,3,25,木,ぶどう計,45000,430,461
2021,3,25,木,いちご,46100,644650,1334
2021,3,25,木,メロン計,47000,52966,1070
2021,3,25,木,すいか,48100,101510,394
2021,3,25,木,キウイフルツ,49300,153285,555
2021,3,25,木,バナナ,50100,548500,167
2021,3,25,木,パイナップル,50300,93846,191
2021,3,25,木,レモン,50400,67005,297
2021,3,25,木,オレンジ,50600,84639,287
2021,3,25,木,輸入キウイ,50800,3639,550
2021,3,25,木,輸入メロン,50850,11897,286
2021,3,26,金,みかん,40100,61554,378
2021,3,26,金,はっさく,41321,104886,218
2021,3,26,金,りんご計,42000,896895,258
2021,3,26,金,びわ,43900,1810,2799
2021,3,26,金,おうとう,44800,239,12117
2021,3,26,金,いちご,46100,403652,1321
2021,3,26,金,メロン計,47000,27712,1114
2021,3,26,金,すいか,48100,102877,368
2021,3,26,金,キウイフルツ,49300,127461,551
2021,3,26,金,バナナ,50100,547058,162
2021,3,26,金,パイナップル,50300,89015,181
2021,3,26,金,レモン,50400,49984,319
2021,3,26,金,オレンジ,50600,61866,270
2021,3,26,金,輸入キウイ,50800,1173,494
2021,3,26,金,輸入メロン,50850,11788,267
2021,3,27,土,みかん,40100,62919,367
2021,3,27,土,はっさく,41321,55156,197
2021,3,27,土,りんご計,42000,902984,267
2021,3,27,土,びわ,43900,3150,2683
2021,3,27,土,おうとう,44800,250,10626
2021,3,27,土,ぶどう計,45000,130,446
2021,3,27,土,いちご,46100,472190,1304
2021,3,27,土,メロン計,47000,40285,981
2021,3,27,土,すいか,48100,85165,388
2021,3,27,土,キウイフルツ,49300,69286,551
2021,3,27,土,バナナ,50100,595700,171
2021,3,27,土,パイナップル,50300,75044,185
2021,3,27,土,レモン,50400,62284,291
2021,3,27,土,オレンジ,50600,82935,262
2021,3,27,土,輸入キウイ,50800,2922,571
2021,3,27,土,輸入メロン,50850,11207,278
2021,3,29,月,みかん,40100,52245,355
2021,3,29,月,はっさく,41321,93513,202
2021,3,29,月,りんご計,42000,893696,258
2021,3,29,月,びわ,43900,4311,2447
2021,3,29,月,おうとう,44800,290,10407
2021,3,29,月,ぶどう計,45000,375,475
2021,3,29,月,いちご,46100,657446,1238
2021,3,29,月,メロン計,47000,48808,966
2021,3,29,月,すいか,48100,119024,353
2021,3,29,月,キウイフルツ,49300,146741,517
2021,3,29,月,バナナ,50100,552344,169
2021,3,29,月,パイナップル,50300,95540,197
2021,3,29,月,レモン,50400,59283,339
2021,3,29,月,オレンジ,50600,81534,284
2021,3,29,月,輸入キウイ,50800,387,573
2021,3,29,月,輸入メロン,50850,10440,281
2021,3,30,火,みかん,40100,58516,348
2021,3,30,火,はっさく,41321,50757,223
2021,3,30,火,りんご計,42000,642492,258
2021,3,30,火,びわ,43900,2476,2583
2021,3,30,火,おうとう,44800,265,12098
2021,3,30,火,いちご,46100,425876,1241
2021,3,30,火,メロン計,47000,30032,983
2021,3,30,火,すいか,48100,71459,395
2021,3,30,火,キウイフルツ,49300,73654,535
2021,3,30,火,バナナ,50100,636085,171
2021,3,30,火,パイナップル,50300,123957,195
2021,3,30,火,レモン,50400,45716,374
2021,3,30,火,オレンジ,50600,101483,276
2021,3,30,火,輸入キウイ,50800,4320,540
2021,3,30,火,輸入メロン,50850,16506,189
2021,3,31,水,すいか,48100,2297,321
2021,3,31,水,キウイフルツ,49300,16,567
2021,3,31,水,バナナ,50100,7974,215
2021,3,31,水,パイナップル,50300,1253,258
2021,3,31,水,レモン,50400,170,398
2021,3,31,水,オレンジ,50600,538,363
2021,3,31,水,輸入メロン,50850,290,378
2021,4,1,木,みかん,40100,29085,366
2021,4,1,木,はっさく,41321,110283,221
2021,4,1,木,りんご計,42000,923786,259
2021,4,1,木,びわ,43900,6366,2438
2021,4,1,木,おうとう,44800,489,9998
2021,4,1,木,ぶどう計,45000,435,582
2021,4,1,木,いちご,46100,718313,1173
2021,4,1,木,メロン計,47000,45275,943
2021,4,1,木,すいか,48100,213973,349
2021,4,1,木,キウイフルツ,49300,106914,516
2021,4,1,木,バナナ,50100,377379,182
2021,4,1,木,パイナップル,50300,64080,192
2021,4,1,木,レモン,50400,30919,361
2021,4,1,木,オレンジ,50600,99726,277
2021,4,1,木,輸入キウイ,50800,3437,509
2021,4,1,木,輸入メロン,50850,11950,273
2021,4,2,金,みかん,40100,27446,453
2021,4,2,金,はっさく,41321,69686,226
2021,4,2,金,りんご計,42000,688232,255
2021,4,2,金,びわ,43900,2139,2297
2021,4,2,金,おうとう,44800,399,9846
2021,4,2,金,いちご,46100,438034,1140
2021,4,2,金,メロン計,47000,32636,933
2021,4,2,金,すいか,48100,101128,356
2021,4,2,金,キウイフルツ,49300,69088,555
2021,4,2,金,バナナ,50100,431878,156
2021,4,2,金,パイナップル,50300,83281,178
2021,4,2,金,レモン,50400,24520,416
2021,4,2,金,オレンジ,50600,57908,296
2021,4,2,金,輸入キウイ,50800,108516,670
2021,4,2,金,輸入メロン,50850,9404,276
2021,4,3,土,みかん,40100,28630,422
2021,4,3,土,はっさく,41321,49784,248
2021,4,3,土,りんご計,42000,702996,253
2021,4,3,土,びわ,43900,3954,2249
2021,4,3,土,おうとう,44800,395,10891
2021,4,3,土,うめ,44950,8,3105
2021,4,3,土,ぶどう計,45000,70,484
2021,4,3,土,いちご,46100,513056,1109
2021,4,3,土,メロン計,47000,42424,885
2021,4,3,土,すいか,48100,186401,347
2021,4,3,土,キウイフルツ,49300,15574,588
2021,4,3,土,バナナ,50100,435114,172
2021,4,3,土,パイナップル,50300,90662,185
2021,4,3,土,レモン,50400,34163,349
2021,4,3,土,オレンジ,50600,118698,259
2021,4,3,土,輸入キウイ,50800,178523,673
2021,4,3,土,輸入メロン,50850,9328,271
2021,4,5,月,みかん,40100,30393,390
2021,4,5,月,はっさく,41321,89064,227
2021,4,5,月,りんご計,42000,709977,262
2021,4,5,月,びわ,43900,5977,2308
2021,4,5,月,おうとう,44800,640,9149
2021,4,5,月,ぶどう計,45000,149,488
2021,4,5,月,いちご,46100,715200,1017
2021,4,5,月,メロン計,47000,52134,866
2021,4,5,月,すいか,48100,220150,333
2021,4,5,月,キウイフルツ,49300,51016,516
2021,4,5,月,バナナ,50100,657921,159
2021,4,5,月,パイナップル,50300,65412,206
2021,4,5,月,レモン,50400,25190,423
2021,4,5,月,オレンジ,50600,56518,291
2021,4,5,月,輸入キウイ,50800,44615,693
2021,4,5,月,輸入メロン,50850,6182,282
2021,4,6,火,みかん,40100,13101,305
2021,4,6,火,はっさく,41321,64642,246
2021,4,6,火,りんご計,42000,642925,256
2021,4,6,火,びわ,43900,2179,2276
2021,4,6,火,おうとう,44800,662,9096
2021,4,6,火,いちご,46100,454728,1014
2021,4,6,火,メロン計,47000,51576,846
2021,4,6,火,すいか,48100,149632,357
2021,4,6,火,キウイフルツ,49300,40082,537
2021,4,6,火,バナナ,50100,339213,174
2021,4,6,火,パイナップル,50300,91532,202
2021,4,6,火,レモン,50400,38090,388
2021,4,6,火,オレンジ,50600,47594,297
2021,4,6,火,輸入キウイ,50800,43330,678
2021,4,6,火,輸入メロン,50850,4937,280
2021,4,8,木,みかん,40100,14985,239
2021,4,8,木,はっさく,41321,141681,243
2021,4,8,木,りんご計,42000,862662,259
2021,4,8,木,日本なし計,43000,40,271
2021,4,8,木,びわ,43900,8660,2215
2021,4,8,木,おうとう,44800,841,9274
2021,4,8,木,ぶどう計,45000,106,574
2021,4,8,木,いちご,46100,685907,991
2021,4,8,木,メロン計,47000,81565,786
2021,4,8,木,すいか,48100,240401,357
2021,4,8,木,キウイフルツ,49300,26627,554
2021,4,8,木,バナナ,50100,517042,177
2021,4,8,木,パイナップル,50300,109301,206
2021,4,8,木,レモン,50400,27684,402
2021,4,8,木,オレンジ,50600,91663,268
2021,4,8,木,輸入キウイ,50800,57401,736
2021,4,8,木,輸入メロン,50850,10435,285
2021,4,9,金,みかん,40100,10594,253
2021,4,9,金,はっさく,41321,73341,222
2021,4,9,金,りんご計,42000,710603,245
2021,4,9,金,日本なし計,43000,35,276
2021,4,9,金,びわ,43900,2781,2211
2021,4,9,金,おうとう,44800,677,8623
2021,4,9,金,うめ,44950,9,324
2021,4,9,金,いちご,46100,374486,981
2021,4,9,金,メロン計,47000,62245,745
2021,4,9,金,すいか,48100,160418,349
2021,4,9,金,キウイフルツ,49300,48090,551
2021,4,9,金,バナナ,50100,474839,167
2021,4,9,金,パイナップル,50300,74924,192
2021,4,9,金,レモン,50400,21996,430
2021,4,9,金,オレンジ,50600,47496,287
2021,4,9,金,輸入キウイ,50800,79099,695
2021,4,9,金,輸入メロン,50850,7641,268
2021,4,10,土,みかん,40100,7560,200
2021,4,10,土,はっさく,41321,42539,235
2021,4,10,土,りんご計,42000,720021,255
2021,4,10,土,びわ,43900,6179,2187
2021,4,10,土,おうとう,44800,716,7832
2021,4,10,土,いちご,46100,425560,1002
2021,4,10,土,メロン計,47000,69057,768
2021,4,10,土,すいか,48100,193565,359
2021,4,10,土,キウイフルツ,49300,22347,529
2021,4,10,土,バナナ,50100,517180,173
2021,4,10,土,パイナップル,50300,118179,198
2021,4,10,土,レモン,50400,42443,390
2021,4,10,土,オレンジ,50600,107934,284
2021,4,10,土,輸入キウイ,50800,68840,708
2021,4,10,土,輸入メロン,50850,3898,297
2021,4,12,月,みかん,40100,6421,190
2021,4,12,月,はっさく,41321,86587,234
2021,4,12,月,りんご計,42000,729527,263
2021,4,12,月,びわ,43900,7290,2144
2021,4,12,月,おうとう,44800,929,7569
2021,4,12,月,うめ,44950,10,324
2021,4,12,月,いちご,46100,567175,984
2021,4,12,月,メロン計,47000,92880,720
2021,4,12,月,すいか,48100,321130,324
2021,4,12,月,キウイフルツ,49300,13636,446
2021,4,12,月,バナナ,50100,513517,169
2021,4,12,月,パイナップル,50300,76595,208
2021,4,12,月,レモン,50400,27815,423
2021,4,12,月,オレンジ,50600,70490,285
2021,4,12,月,輸入キウイ,50800,91327,651
2021,4,12,月,輸入メロン,50850,5064,260
2021,4,13,火,みかん,40100,5927,248
2021,4,13,火,はっさく,41321,65441,239
2021,4,13,火,りんご計,42000,600365,254
2021,4,13,火,びわ,43900,3394,2044
2021,4,13,火,おうとう,44800,1025,7101
2021,4,13,火,いちご,46100,329122,1027
2021,4,13,火,メロン計,47000,79702,705
2021,4,13,火,すいか,48100,179772,338
2021,4,13,火,キウイフルツ,49300,7296,602
2021,4,13,火,バナナ,50100,372434,169
2021,4,13,火,パイナップル,50300,86379,188
2021,4,13,火,レモン,50400,36816,397
2021,4,13,火,オレンジ,50600,119641,259
2021,4,13,火,輸入キウイ,50800,67814,661
2021,4,13,火,輸入メロン,50850,8063,272
2021,4,15,木,みかん,40100,5651,641
2021,4,15,木,はっさく,41321,118660,239
2021,4,15,木,りんご計,42000,851647,258
2021,4,15,木,びわ,43900,8670,2014
2021,4,15,木,おうとう,44800,1072,7762
2021,4,15,木,うめ,44950,10,324
2021,4,15,木,いちご,46100,603804,1010
2021,4,15,木,メロン計,47000,119414,691
2021,4,15,木,すいか,48100,408289,321
2021,4,15,木,キウイフルツ,49300,14997,511
2021,4,15,木,バナナ,50100,516734,176
2021,4,15,木,パイナップル,50300,113349,202
2021,4,15,木,レモン,50400,41141,408
2021,4,15,木,オレンジ,50600,91080,281
2021,4,15,木,輸入キウイ,50800,124397,669
2021,4,15,木,輸入メロン,50850,7543,275
2021,4,16,金,みかん,40100,3601,339
2021,4,16,金,はっさく,41321,58611,216
2021,4,16,金,りんご計,42000,604961,253
2021,4,16,金,びわ,43900,1865,2194
2021,4,16,金,おうとう,44800,1141,6853
2021,4,16,金,いちご,46100,320097,1022
2021,4,16,金,メロン計,47000,80300,672
2021,4,16,金,すいか,48100,269186,317
2021,4,16,金,キウイフルツ,49300,5234,535
2021,4,16,金,バナナ,50100,490261,168
2021,4,16,金,パイナップル,50300,98980,201
2021,4,16,金,レモン,50400,22021,419
2021,4,16,金,オレンジ,50600,58896,288
2021,4,16,金,輸入キウイ,50800,60238,676
2021,4,16,金,輸入メロン,50850,6299,271
2021,4,17,土,みかん,40100,4969,380
2021,4,17,土,はっさく,41321,35859,223
2021,4,17,土,りんご計,42000,793327,251
2021,4,17,土,びわ,43900,7136,2020
2021,4,17,土,おうとう,44800,1139,7852
2021,4,17,土,うめ,44950,6,324
2021,4,17,土,いちご,46100,359299,1036
2021,4,17,土,メロン計,47000,89555,668
2021,4,17,土,すいか,48100,289216,327
2021,4,17,土,キウイフルツ,49300,7438,590
2021,4,17,土,バナナ,50100,514383,175
2021,4,17,土,パイナップル,50300,100402,189
2021,4,17,土,レモン,50400,28632,382
2021,4,17,土,オレンジ,50600,93134,277
2021,4,17,土,輸入キウイ,50800,49065,685
2021,4,17,土,輸入メロン,50850,13935,271
2021,4,19,月,みかん,40100,7792,1629
2021,4,19,月,はっさく,41321,86521,240
2021,4,19,月,りんご計,42000,734580,254
2021,4,19,月,びわ,43900,9487,1992
2021,4,19,月,おうとう,44800,1397,7073
2021,4,19,月,うめ,44950,20,324
2021,4,19,月,ぶどう計,45000,236,4544
2021,4,19,月,いちご,46100,519492,1014
2021,4,19,月,メロン計,47000,120549,665
2021,4,19,月,すいか,48100,457678,309
2021,4,19,月,キウイフルツ,49300,21800,506
2021,4,19,月,バナナ,50100,553654,163
2021,4,19,月,パイナップル,50300,71287,188
2021,4,19,月,レモン,50400,25867,429
2021,4,19,月,オレンジ,50600,96095,289
2021,4,19,月,輸入キウイ,50800,70145,644
2021,4,19,月,輸入メロン,50850,5243,301
2021,4,20,火,みかん,40100,1162,582
2021,4,20,火,はっさく,41321,31159,228
2021,4,20,火,りんご計,42000,591961,253
2021,4,20,火,びわ,43900,3950,1959
2021,4,20,火,もも,44100,16,11846
2021,4,20,火,おうとう,44800,1650,6849
2021,4,20,火,うめ,44950,23,324
2021,4,20,火,いちご,46100,274145,1059
2021,4,20,火,メロン計,47000,111548,663
2021,4,20,火,すいか,48100,308631,304
2021,4,20,火,キウイフルツ,49300,4703,467
2021,4,20,火,バナナ,50100,372617,169
2021,4,20,火,パイナップル,50300,79327,182
2021,4,20,火,レモン,50400,38234,398
2021,4,20,火,オレンジ,50600,77060,267
2021,4,20,火,輸入キウイ,50800,104767,662
2021,4,20,火,輸入メロン,50850,5484,289
2021,4,22,木,みかん,40100,6922,1984
2021,4,22,木,はっさく,41321,88372,251
2021,4,22,木,りんご計,42000,794329,253
2021,4,22,木,びわ,43900,11870,1967
2021,4,22,木,もも,44100,48,6442
2021,4,22,木,おうとう,44800,1630,7323
2021,4,22,木,うめ,44950,17,324
2021,4,22,木,ぶどう計,45000,930,4752
2021,4,22,木,いちご,46100,497363,1031
2021,4,22,木,メロン計,47000,181498,636
2021,4,22,木,すいか,48100,489821,316
2021,4,22,木,キウイフルツ,49300,4070,565
2021,4,22,木,バナナ,50100,539754,182
2021,4,22,木,パイナップル,50300,121471,215
2021,4,22,木,レモン,50400,48945,354
2021,4,22,木,オレンジ,50600,83482,281
2021,4,22,木,輸入キウイ,50800,70855,677
2021,4,22,木,輸入メロン,50850,11691,263
2021,4,23,金,みかん,40100,2414,1146
2021,4,23,金,はっさく,41321,23988,220
2021,4,23,金,りんご計,42000,653551,246
2021,4,23,金,びわ,43900,2125,2241
2021,4,23,金,おうとう,44800,1662,6965
2021,4,23,金,ぶどう計,45000,36,4512
2021,4,23,金,いちご,46100,268617,1046
2021,4,23,金,メロン計,47000,127622,637
2021,4,23,金,すいか,48100,343698,315
2021,4,23,金,キウイフルツ,49300,5368,632
2021,4,23,金,バナナ,50100,515833,169
2021,4,23,金,パイナップル,50300,127120,213
2021,4,23,金,レモン,50400,29989,415
2021,4,23,金,オレンジ,50600,50412,295
2021,4,23,金,輸入キウイ,50800,94402,637
2021,4,23,金,輸入メロン,50850,11635,278
2021,4,24,土,みかん,40100,1704,1271
2021,4,24,土,はっさく,41321,13970,219
2021,4,24,土,りんご計,42000,733438,243
2021,4,24,土,びわ,43900,9444,1889
2021,4,24,土,もも,44100,85,4747
2021,4,24,土,おうとう,44800,1743,6599
2021,4,24,土,ぶどう計,45000,1506,4306
2021,4,24,土,いちご,46100,300185,1062
2021,4,24,土,メロン計,47000,138363,624
2021,4,24,土,すいか,48100,483470,302
2021,4,24,土,キウイフルツ,49300,4098,524
2021,4,24,土,バナナ,50100,603942,166
2021,4,24,土,パイナップル,50300,124639,213
2021,4,24,土,レモン,50400,33593,358
2021,4,24,土,オレンジ,50600,136242,279
2021,4,24,土,輸入キウイ,50800,82732,675
2021,4,24,土,輸入メロン,50850,6717,287
2021,4,26,月,みかん,40100,5661,2019
2021,4,26,月,はっさく,41321,47968,239
2021,4,26,月,りんご計,42000,740250,246
2021,4,26,月,びわ,43900,9198,1953
2021,4,26,月,もも,44100,657,7284
2021,4,26,月,おうとう,44800,1864,6471
2021,4,26,月,うめ,44950,25,324
2021,4,26,月,ぶどう計,45000,2103,4102
2021,4,26,月,いちご,46100,448235,1049
2021,4,26,月,メロン計,47000,215987,609
2021,4,26,月,すいか,48100,503774,317
2021,4,26,月,キウイフルツ,49300,1068,579
2021,4,26,月,バナナ,50100,574711,169
2021,4,26,月,パイナップル,50300,110946,197
2021,4,26,月,レモン,50400,24042,411
2021,4,26,月,オレンジ,50600,69081,299
2021,4,26,月,輸入おうとう,50700,107,2705
2021,4,26,月,輸入キウイ,50800,159974,619
2021,4,26,月,輸入メロン,50850,9840,255
2021,4,27,火,みかん,40100,1806,1535
2021,4,27,火,はっさく,41321,14432,240
2021,4,27,火,りんご計,42000,620678,246
2021,4,27,火,びわ,43900,2541,2115
2021,4,27,火,もも,44100,99,2768
2021,4,27,火,すもも,44700,11,1831
2021,4,27,火,おうとう,44800,1746,6548
2021,4,27,火,ぶどう計,45000,565,4745
2021,4,27,火,いちご,46100,254324,1070
2021,4,27,火,メロン計,47000,144189,628
2021,4,27,火,すいか,48100,530069,322
2021,4,27,火,キウイフルツ,49300,967,598
2021,4,27,火,バナナ,50100,386880,173
2021,4,27,火,パイナップル,50300,100640,205
2021,4,27,火,レモン,50400,31204,387
2021,4,27,火,オレンジ,50600,62491,279
2021,4,27,火,輸入おうとう,50700,339,2824
2021,4,27,火,輸入キウイ,50800,116225,625
2021,4,27,火,輸入メロン,50850,4903,244
2021,4,28,水,みかん,40100,3835,1992
2021,4,28,水,はっさく,41321,18265,219
2021,4,28,水,りんご計,42000,692175,254
2021,4,28,水,びわ,43900,2996,1774
2021,4,28,水,もも,44100,988,4928
2021,4,28,水,おうとう,44800,1919,6529
2021,4,28,水,ぶどう計,45000,2514,4156
2021,4,28,水,いちご,46100,272506,1035
2021,4,28,水,メロン計,47000,163341,625
2021,4,28,水,すいか,48100,424807,319
2021,4,28,水,キウイフルツ,49300,1936,450
2021,4,28,水,バナナ,50100,440383,175
2021,4,28,水,パイナップル,50300,121843,202
2021,4,28,水,レモン,50400,29971,407
2021,4,28,水,オレンジ,50600,67752,275
2021,4,28,水,輸入おうとう,50700,802,2522
2021,4,28,水,輸入キウイ,50800,87571,631
2021,4,28,水,輸入メロン,50850,10834,282
2021,4,30,金,みかん,40100,5266,2191
2021,4,30,金,はっさく,41321,23590,256
2021,4,30,金,りんご計,42000,792739,248
2021,4,30,金,びわ,43900,11318,1928
2021,4,30,金,もも,44100,787,4085
2021,4,30,金,おうとう,44800,2312,6434
2021,4,30,金,うめ,44950,31,139
2021,4,30,金,ぶどう計,45000,2188,4155
2021,4,30,金,いちご,46100,440525,1045
2021,4,30,金,メロン計,47000,295226,612
2021,4,30,金,すいか,48100,618230,320
2021,4,30,金,キウイフルツ,49300,2082,545
2021,4,30,金,バナナ,50100,852738,166
2021,4,30,金,パイナップル,50300,165772,209
2021,4,30,金,レモン,50400,39085,404
2021,4,30,金,オレンジ,50600,102563,291
2021,4,30,金,輸入おうとう,50700,709,2518
2021,4,30,金,輸入キウイ,50800,146266,652
2021,4,30,金,輸入メロン,50850,11766,274
2021,5,1,土,みかん,40100,7317,2088
2021,5,1,土,はっさく,41321,9640,204
2021,5,1,土,りんご計,42000,861694,254
2021,5,1,土,びわ,43900,10302,1917
2021,5,1,土,もも,44100,751,3998
2021,5,1,土,すもも,44700,16,1755
2021,5,1,土,おうとう,44800,2653,6509
2021,5,1,土,うめ,44950,7,305
2021,5,1,土,ぶどう計,45000,3551,4275
2021,5,1,土,いちご,46100,248167,1076
2021,5,1,土,メロン計,47000,223041,622
2021,5,1,土,すいか,48100,483032,313
2021,5,1,土,キウイフルツ,49300,298,467
2021,5,1,土,バナナ,50100,542198,170
2021,5,1,土,パイナップル,50300,178717,218
2021,5,1,土,レモン,50400,46930,380
2021,5,1,土,オレンジ,50600,149386,254
2021,5,1,土,輸入おうとう,50700,185,2430
2021,5,1,土,輸入キウイ,50800,233345,643
2021,5,1,土,輸入メロン,50850,11319,259
2021,5,3,月,みかん,40100,1327,2546
2021,5,3,月,はっさく,41321,2260,284
2021,5,3,月,りんご計,42000,369986,264
2021,5,3,月,びわ,43900,8077,1960
2021,5,3,月,もも,44100,882,4434
2021,5,3,月,おうとう,44800,2255,6920
2021,5,3,月,うめ,44950,24,378
2021,5,3,月,ぶどう計,45000,1637,5978
2021,5,3,月,いちご,46100,226237,998
2021,5,3,月,メロン計,47000,225574,615
2021,5,3,月,すいか,48100,442299,318
2021,5,3,月,キウイフルツ,49300,266,486
2021,5,3,月,バナナ,50100,205234,161
2021,5,3,月,パイナップル,50300,30437,199
2021,5,3,月,レモン,50400,6458,445
2021,5,3,月,オレンジ,50600,19357,303
2021,5,3,月,輸入おうとう,50700,680,2318
2021,5,3,月,輸入キウイ,50800,81805,617
2021,5,3,月,輸入メロン,50850,5423,252
2021,5,5,水,みかん,40100,3303,2180
2021,5,5,水,はっさく,41321,2580,313
2021,5,5,水,りんご計,42000,246440,258
2021,5,5,水,びわ,43900,3381,1757
2021,5,5,水,もも,44100,1336,4210
2021,5,5,水,おうとう,44800,1383,6999
2021,5,5,水,うめ,44950,18,123
2021,5,5,水,ぶどう計,45000,2675,4112
2021,5,5,水,いちご,46100,289988,1108
2021,5,5,水,メロン計,47000,144525,583
2021,5,5,水,すいか,48100,450095,307
2021,5,5,水,キウイフルツ,49300,350,571
2021,5,5,水,バナナ,50100,415540,173
2021,5,5,水,パイナップル,50300,149591,187
2021,5,5,水,レモン,50400,16809,424
2021,5,5,水,オレンジ,50600,131083,291
2021,5,5,水,輸入おうとう,50700,221,2605
2021,5,5,水,輸入キウイ,50800,92645,605
2021,5,5,水,輸入メロン,50850,1799,276
2021,5,6,木,みかん,40100,10862,2204
2021,5,6,木,はっさく,41321,8475,252
2021,5,6,木,りんご計,42000,656367,254
2021,5,6,木,びわ,43900,15087,1867
2021,5,6,木,もも,44100,3012,3751
2021,5,6,木,おうとう,44800,4865,7712
2021,5,6,木,うめ,44950,894,747
2021,5,6,木,ぶどう計,45000,4716,3919
2021,5,6,木,いちご,46100,435505,1031
2021,5,6,木,メロン計,47000,377984,619
2021,5,6,木,すいか,48100,605723,321
2021,5,6,木,キウイフルツ,49300,507,489
2021,5,6,木,バナナ,50100,490786,176
2021,5,6,木,パイナップル,50300,94166,194
2021,5,6,木,レモン,50400,18604,423
2021,5,6,木,オレンジ,50600,108326,252
2021,5,6,木,輸入おうとう,50700,1531,2350
2021,5,6,木,輸入キウイ,50800,61401,623
2021,5,6,木,輸入メロン,50850,10824,259
2021,5,7,金,みかん,40100,4470,1788
2021,5,7,金,はっさく,41321,2425,246
2021,5,7,金,りんご計,42000,572735,251
2021,5,7,金,びわ,43900,2712,1805
2021,5,7,金,もも,44100,2378,4014
2021,5,7,金,おうとう,44800,2900,8085
2021,5,7,金,うめ,44950,1430,732
2021,5,7,金,ぶどう計,45000,2798,3963
2021,5,7,金,いちご,46100,205968,1075
2021,5,7,金,メロン計,47000,235434,628
2021,5,7,金,すいか,48100,294950,325
2021,5,7,金,キウイフルツ,49300,325,427
2021,5,7,金,バナナ,50100,481979,165
2021,5,7,金,パイナップル,50300,167825,213
2021,5,7,金,レモン,50400,17960,410
2021,5,7,金,オレンジ,50600,70291,266
2021,5,7,金,輸入おうとう,50700,2677,2078
2021,5,7,金,輸入キウイ,50800,132333,631
2021,5,7,金,輸入メロン,50850,6871,244
2021,5,8,土,みかん,40100,8387,2001
2021,5,8,土,はっさく,41321,4889,274
2021,5,8,土,りんご計,42000,604459,253
2021,5,8,土,びわ,43900,12639,1829
2021,5,8,土,もも,44100,3540,3633
2021,5,8,土,すもも,44700,83,1452
2021,5,8,土,おうとう,44800,3789,7082
2021,5,8,土,うめ,44950,3512,768
2021,5,8,土,ぶどう計,45000,6414,3848
2021,5,8,土,いちご,46100,238609,1084
2021,5,8,土,メロン計,47000,257232,614
2021,5,8,土,すいか,48100,474232,315
2021,5,8,土,キウイフルツ,49300,400,419
2021,5,8,土,バナナ,50100,660966,173
2021,5,8,土,パイナップル,50300,120536,195
2021,5,8,土,レモン,50400,32120,360
2021,5,8,土,オレンジ,50600,155859,288
2021,5,8,土,輸入おうとう,50700,2459,2079
2021,5,8,土,輸入キウイ,50800,118376,640
2021,5,8,土,輸入メロン,50850,7140,233
2021,5,10,月,みかん,40100,14594,1911
2021,5,10,月,はっさく,41321,9355,282
2021,5,10,月,りんご計,42000,620873,277
2021,5,10,月,びわ,43900,12833,1732
2021,5,10,月,もも,44100,4964,3369
2021,5,10,月,すもも,44700,131,1516
2021,5,10,月,おうとう,44800,3419,6847
2021,5,10,月,うめ,44950,7296,675
2021,5,10,月,ぶどう計,45000,8021,3549
2021,5,10,月,いちご,46100,367920,1051
2021,5,10,月,メロン計,47000,311785,581
2021,5,10,月,すいか,48100,614033,322
2021,5,10,月,キウイフルツ,49300,233,467
2021,5,10,月,バナナ,50100,796143,171
2021,5,10,月,パイナップル,50300,145074,215
2021,5,10,月,レモン,50400,32358,386
2021,5,10,月,オレンジ,50600,105646,269
2021,5,10,月,輸入おうとう,50700,2762,1986
2021,5,10,月,輸入キウイ,50800,166981,630
2021,5,10,月,輸入メロン,50850,9562,243
2021,5,11,火,みかん,40100,13091,1865
2021,5,11,火,はっさく,41321,3870,255
2021,5,11,火,りんご計,42000,544891,264
2021,5,11,火,びわ,43900,4386,1742
2021,5,11,火,もも,44100,3942,3234
2021,5,11,火,すもも,44700,139,1498
2021,5,11,火,おうとう,44800,3684,6232
2021,5,11,火,うめ,44950,8077,639
2021,5,11,火,ぶどう計,45000,5087,3409
2021,5,11,火,いちご,46100,224032,1066
2021,5,11,火,メロン計,47000,236856,584
2021,5,11,火,すいか,48100,430443,315
2021,5,11,火,キウイフルツ,49300,347,449
2021,5,11,火,バナナ,50100,400409,171
2021,5,11,火,パイナップル,50300,129043,210
2021,5,11,火,レモン,50400,29312,409
2021,5,11,火,オレンジ,50600,119321,265
2021,5,11,火,輸入おうとう,50700,3929,1831
2021,5,11,火,輸入キウイ,50800,123791,623
2021,5,11,火,輸入メロン,50850,8882,209
2021,5,13,木,みかん,40100,29937,1825
2021,5,13,木,はっさく,41321,2580,278
2021,5,13,木,りんご計,42000,662524,279
2021,5,13,木,びわ,43900,21691,1692
2021,5,13,木,もも,44100,6794,2898
2021,5,13,木,すもも,44700,426,1533
2021,5,13,木,おうとう,44800,4621,5447
2021,5,13,木,うめ,44950,17439,627
2021,5,13,木,ぶどう計,45000,11705,3240
2021,5,13,木,いちご,46100,395663,1007
2021,5,13,木,メロン計,47000,355682,569
2021,5,13,木,すいか,48100,816288,315
2021,5,13,木,キウイフルツ,49300,2028,607
2021,5,13,木,バナナ,50100,588362,178
2021,5,13,木,パイナップル,50300,122523,222
2021,5,13,木,レモン,50400,22271,391
2021,5,13,木,オレンジ,50600,99150,273
2021,5,13,木,輸入おうとう,50700,5330,1830
2021,5,13,木,輸入キウイ,50800,109734,644
2021,5,13,木,輸入メロン,50850,13152,213
2021,5,14,金,みかん,40100,7251,1731
2021,5,14,金,はっさく,41321,470,313
2021,5,14,金,りんご計,42000,500379,273
2021,5,14,金,びわ,43900,10138,1664
2021,5,14,金,もも,44100,3991,2900
2021,5,14,金,すもも,44700,239,1444
2021,5,14,金,おうとう,44800,3460,5587
2021,5,14,金,うめ,44950,21393,644
2021,5,14,金,ぶどう計,45000,8018,2903
2021,5,14,金,いちご,46100,205284,998
2021,5,14,金,メロン計,47000,271313,571
2021,5,14,金,すいか,48100,560283,307
2021,5,14,金,キウイフルツ,49300,354,461
2021,5,14,金,バナナ,50100,544122,161
2021,5,14,金,パイナップル,50300,137354,201
2021,5,14,金,レモン,50400,38720,376
2021,5,14,金,オレンジ,50600,148021,263
2021,5,14,金,輸入おうとう,50700,7026,1741
2021,5,14,金,輸入キウイ,50800,108776,626
2021,5,14,金,輸入メロン,50850,3647,299
2021,5,15,土,みかん,40100,24031,1663
2021,5,15,土,はっさく,41321,2015,247
2021,5,15,土,りんご計,42000,513923,286
2021,5,15,土,びわ,43900,12896,1709
2021,5,15,土,もも,44100,6154,2590
2021,5,15,土,すもも,44700,505,1514
2021,5,15,土,おうとう,44800,4030,5448
2021,5,15,土,うめ,44950,26307,664
2021,5,15,土,ぶどう計,45000,11753,3000
2021,5,15,土,いちご,46100,227538,982
2021,5,15,土,メロン計,47000,257569,548
2021,5,15,土,すいか,48100,477925,313
2021,5,15,土,キウイフルツ,49300,100,486
2021,5,15,土,バナナ,50100,529491,170
2021,5,15,土,パイナップル,50300,122073,198
2021,5,15,土,レモン,50400,20475,348
2021,5,15,土,オレンジ,50600,115308,281
2021,5,15,土,輸入おうとう,50700,5412,1761
2021,5,15,土,輸入キウイ,50800,91953,646
2021,5,15,土,輸入メロン,50850,6945,272
2021,5,17,月,みかん,40100,27667,1580
2021,5,17,月,はっさく,41321,2010,294
2021,5,17,月,りんご計,42000,586904,303
2021,5,17,月,びわ,43900,19936,1645
2021,5,17,月,もも,44100,6820,2429
2021,5,17,月,すもも,44700,1390,1422
2021,5,17,月,おうとう,44800,4304,5273
2021,5,17,月,うめ,44950,42913,651
2021,5,17,月,ぶどう計,45000,15486,2774
2021,5,17,月,いちご,46100,337443,939
2021,5,17,月,メロン計,47000,375564,524
2021,5,17,月,すいか,48100,649874,303
2021,5,17,月,キウイフルツ,49300,150,508
2021,5,17,月,バナナ,50100,563455,165
2021,5,17,月,パイナップル,50300,109049,205
2021,5,17,月,レモン,50400,27876,390
2021,5,17,月,オレンジ,50600,77240,295
2021,5,17,月,輸入おうとう,50700,5766,1640
2021,5,17,月,輸入キウイ,50800,77779,624
2021,5,17,月,輸入メロン,50850,8383,204
2021,5,18,火,みかん,40100,22809,1589
2021,5,18,火,はっさく,41321,1475,295
2021,5,18,火,りんご計,42000,417106,291
2021,5,18,火,びわ,43900,12480,1532
2021,5,18,火,もも,44100,5907,2377
2021,5,18,火,すもも,44700,1103,1469
2021,5,18,火,おうとう,44800,3762,5254
2021,5,18,火,うめ,44950,59907,698
2021,5,18,火,ぶどう計,45000,13500,2612
2021,5,18,火,いちご,46100,219404,923
2021,5,18,火,メロン計,47000,269620,517
2021,5,18,火,すいか,48100,451449,301
2021,5,18,火,バナナ,50100,399747,169
2021,5,18,火,パイナップル,50300,76666,182
2021,5,18,火,レモン,50400,29041,366
2021,5,18,火,オレンジ,50600,57052,282
2021,5,18,火,輸入おうとう,50700,7326,1612
2021,5,18,火,輸入キウイ,50800,91120,638
2021,5,18,火,輸入メロン,50850,5742,185
2021,5,20,木,みかん,40100,35893,1469
2021,5,20,木,はっさく,41321,2623,279
2021,5,20,木,りんご計,42000,595067,299
2021,5,20,木,びわ,43900,20361,1512
2021,5,20,木,もも,44100,9550,2278
2021,5,20,木,すもも,44700,3788,1368
2021,5,20,木,おうとう,44800,5346,4819
2021,5,20,木,うめ,44950,60125,681
2021,5,20,木,ぶどう計,45000,20077,2596
2021,5,20,木,いちご,46100,333109,886
2021,5,20,木,メロン計,47000,386098,505
2021,5,20,木,すいか,48100,826365,290
2021,5,20,木,バナナ,50100,577391,175
2021,5,20,木,パイナップル,50300,138372,207
2021,5,20,木,レモン,50400,27260,398
2021,5,20,木,オレンジ,50600,148892,263
2021,5,20,木,輸入おうとう,50700,9750,1542
2021,5,20,木,輸入キウイ,50800,176929,632
2021,5,20,木,輸入メロン,50850,5877,261
2021,5,21,金,みかん,40100,17392,1464
2021,5,21,金,はっさく,41321,1152,367
2021,5,21,金,りんご計,42000,441988,306
2021,5,21,金,びわ,43900,14854,1432
2021,5,21,金,もも,44100,6730,2194
2021,5,21,金,すもも,44700,2422,1262
2021,5,21,金,おうとう,44800,3799,4874
2021,5,21,金,うめ,44950,58715,683
2021,5,21,金,ぶどう計,45000,14008,2415
2021,5,21,金,いちご,46100,156763,870
2021,5,21,金,メロン計,47000,288932,487
2021,5,21,金,すいか,48100,546698,287
2021,5,21,金,キウイフルツ,49300,227,304
2021,5,21,金,バナナ,50100,587887,162
2021,5,21,金,パイナップル,50300,122144,184
2021,5,21,金,レモン,50400,19782,383
2021,5,21,金,オレンジ,50600,66472,280
2021,5,21,金,輸入おうとう,50700,13205,1501
2021,5,21,金,輸入キウイ,50800,87614,627
2021,5,21,金,輸入メロン,50850,3604,222
2021,5,22,土,みかん,40100,47869,1287
2021,5,22,土,はっさく,41321,570,317
2021,5,22,土,りんご計,42000,474927,313
2021,5,22,土,びわ,43900,13923,1403
2021,5,22,土,もも,44100,9045,2167
2021,5,22,土,すもも,44700,5429,1333
2021,5,22,土,おうとう,44800,4136,4874
2021,5,22,土,うめ,44950,52652,673
2021,5,22,土,ぶどう計,45000,20424,2401
2021,5,22,土,いちご,46100,157330,877
2021,5,22,土,メロン計,47000,293290,466
2021,5,22,土,すいか,48100,705806,285
2021,5,22,土,バナナ,50100,576423,174
2021,5,22,土,パイナップル,50300,152473,186
2021,5,22,土,レモン,50400,27769,334
2021,5,22,土,オレンジ,50600,99801,266
2021,5,22,土,輸入おうとう,50700,8153,1493
2021,5,22,土,輸入キウイ,50800,96768,646
2021,5,22,土,輸入メロン,50850,9264,213
2021,5,24,月,みかん,40100,56339,1243
2021,5,24,月,はっさく,41321,1770,290
2021,5,24,月,りんご計,42000,495348,347
2021,5,24,月,びわ,43900,17708,1390
2021,5,24,月,もも,44100,10313,2067
2021,5,24,月,すもも,44700,9130,1240
2021,5,24,月,おうとう,44800,4546,4723
2021,5,24,月,うめ,44950,78552,688
2021,5,24,月,ぶどう計,45000,22465,2346
2021,5,24,月,いちご,46100,205108,874
2021,5,24,月,メロン計,47000,365034,475
2021,5,24,月,すいか,48100,740510,270
2021,5,24,月,キウイフルツ,49300,10,54
2021,5,24,月,バナナ,50100,565968,169
2021,5,24,月,パイナップル,50300,109997,202
2021,5,24,月,レモン,50400,13852,381
2021,5,24,月,オレンジ,50600,111392,275
2021,5,24,月,輸入おうとう,50700,18853,1464
2021,5,24,月,輸入キウイ,50800,82214,636
2021,5,24,月,輸入メロン,50850,4277,192
2021,5,25,火,みかん,40100,34007,1252
2021,5,25,火,はっさく,41321,1605,292
2021,5,25,火,りんご計,42000,396804,341
2021,5,25,火,びわ,43900,15994,1321
2021,5,25,火,もも,44100,10477,1907
2021,5,25,火,すもも,44700,10479,1198
2021,5,25,火,おうとう,44800,4226,4585
2021,5,25,火,うめ,44950,112937,687
2021,5,25,火,ぶどう計,45000,23421,2171
2021,5,25,火,いちご,46100,113446,902
2021,5,25,火,メロン計,47000,336763,455
2021,5,25,火,すいか,48100,625554,261
2021,5,25,火,キウイフルツ,49300,54,360
2021,5,25,火,バナナ,50100,422664,174
2021,5,25,火,パイナップル,50300,95470,188
2021,5,25,火,レモン,50400,25164,371
2021,5,25,火,オレンジ,50600,46083,280
2021,5,25,火,輸入おうとう,50700,10380,1412
2021,5,25,火,輸入キウイ,50800,111750,616
2021,5,25,火,輸入メロン,50850,7041,182
2021,5,27,木,みかん,40100,87428,1201
2021,5,27,木,はっさく,41321,300,292
2021,5,27,木,りんご計,42000,493485,337
2021,5,27,木,びわ,43900,17705,1337
2021,5,27,木,もも,44100,13998,1869
2021,5,27,木,すもも,44700,12847,1181
2021,5,27,木,おうとう,44800,6818,4229
2021,5,27,木,うめ,44950,189038,696
2021,5,27,木,ぶどう計,45000,31736,2304
2021,5,27,木,いちご,46100,197256,884
2021,5,27,木,メロン計,47000,478335,452
2021,5,27,木,すいか,48100,921733,259
2021,5,27,木,キウイフルツ,49300,113,172
2021,5,27,木,バナナ,50100,593522,178
2021,5,27,木,パイナップル,50300,160887,213
2021,5,27,木,レモン,50400,23545,386
2021,5,27,木,オレンジ,50600,76561,277
2021,5,27,木,輸入おうとう,50700,26743,1394
2021,5,27,木,輸入キウイ,50800,121214,629
2021,5,27,木,輸入メロン,50850,3278,270
2021,5,28,金,みかん,40100,18830,1324
2021,5,28,金,はっさく,41321,855,302
2021,5,28,金,りんご計,42000,410698,344
2021,5,28,金,びわ,43900,11428,1299
2021,5,28,金,もも,44100,9656,1727
2021,5,28,金,すもも,44700,8092,1148
2021,5,28,金,おうとう,44800,5782,4075
2021,5,28,金,うめ,44950,142931,700
2021,5,28,金,ぶどう計,45000,23279,2205
2021,5,28,金,いちご,46100,95874,913
2021,5,28,金,メロン計,47000,326724,462
2021,5,28,金,すいか,48100,629795,246
2021,5,28,金,バナナ,50100,605328,155
2021,5,28,金,パイナップル,50300,107833,193
2021,5,28,金,レモン,50400,16682,377
2021,5,28,金,オレンジ,50600,89946,266
2021,5,28,金,輸入おうとう,50700,18129,1318
2021,5,28,金,輸入キウイ,50800,75416,613
2021,5,28,金,輸入メロン,50850,3876,203
2021,5,29,土,みかん,40100,75319,1130
2021,5,29,土,りんご計,42000,453417,337
2021,5,29,土,びわ,43900,9908,1378
2021,5,29,土,もも,44100,13978,1724
2021,5,29,土,すもも,44700,9017,1174
2021,5,29,土,おうとう,44800,8607,3954
2021,5,29,土,うめ,44950,161194,705
2021,5,29,土,ぶどう計,45000,32944,2261
2021,5,29,土,いちご,46100,89455,941
2021,5,29,土,メロン計,47000,305881,461
2021,5,29,土,すいか,48100,650494,251
2021,5,29,土,バナナ,50100,527080,176
2021,5,29,土,パイナップル,50300,171383,208
2021,5,29,土,レモン,50400,25869,349
2021,5,29,土,オレンジ,50600,104254,267
2021,5,29,土,輸入おうとう,50700,20776,1301
2021,5,29,土,輸入キウイ,50800,146046,602
2021,5,29,土,輸入メロン,50850,5278,244
2021,5,31,月,みかん,40100,80138,1134
2021,5,31,月,はっさく,41321,300,277
2021,5,31,月,りんご計,42000,446826,344
2021,5,31,月,びわ,43900,11694,1359
2021,5,31,月,もも,44100,17290,1585
2021,5,31,月,すもも,44700,13450,1085
2021,5,31,月,おうとう,44800,13710,3498
2021,5,31,月,うめ,44950,263072,641
2021,5,31,月,ぶどう計,45000,34967,2013
2021,5,31,月,いちご,46100,128420,955
2021,5,31,月,メロン計,47000,450506,450
2021,5,31,月,すいか,48100,991136,246
2021,5,31,月,キウイフルツ,49300,24,585
2021,5,31,月,バナナ,50100,711684,175
2021,5,31,月,パイナップル,50300,151842,192
2021,5,31,月,レモン,50400,23390,361
2021,5,31,月,オレンジ,50600,117408,273
2021,5,31,月,輸入おうとう,50700,19194,1278
2021,5,31,月,輸入キウイ,50800,162629,625
2021,5,31,月,輸入メロン,50850,6795,229
2021,6,1,火,みかん,40100,48950,1115
2021,6,1,火,はっさく,41321,1550,274
2021,6,1,火,りんご計,42000,416579,353
2021,6,1,火,びわ,43900,10245,1454
2021,6,1,火,もも,44100,16388,1429
2021,6,1,火,すもも,44700,15536,1044
2021,6,1,火,おうとう,44800,12934,3241
2021,6,1,火,うめ,44950,303369,651
2021,6,1,火,ぶどう計,45000,36621,2117
2021,6,1,火,いちご,46100,77412,963
2021,6,1,火,メロン計,47000,378570,452
2021,6,1,火,すいか,48100,819644,248
2021,6,1,火,キウイフルツ,49300,28,585
2021,6,1,火,バナナ,50100,391700,173
2021,6,1,火,パイナップル,50300,130904,192
2021,6,1,火,レモン,50400,34064,383
2021,6,1,火,オレンジ,50600,69348,274
2021,6,1,火,輸入おうとう,50700,11929,1447
2021,6,1,火,輸入キウイ,50800,147949,618
2021,6,1,火,輸入メロン,50850,3604,208
2021,6,3,木,みかん,40100,116690,1096
2021,6,3,木,りんご計,42000,477127,349
2021,6,3,木,びわ,43900,14154,1409
2021,6,3,木,もも,44100,23456,1411
2021,6,3,木,すもも,44700,25948,939
2021,6,3,木,おうとう,44800,29625,2881
2021,6,3,木,うめ,44950,353414,649
2021,6,3,木,ぶどう計,45000,46850,2039
2021,6,3,木,いちご,46100,104931,954
2021,6,3,木,メロン計,47000,532226,448
2021,6,3,木,すいか,48100,1029591,249
2021,6,3,木,バナナ,50100,472716,174
2021,6,3,木,パイナップル,50300,97240,205
2021,6,3,木,レモン,50400,24486,363
2021,6,3,木,オレンジ,50600,104494,262
2021,6,3,木,輸入おうとう,50700,11074,1434
2021,6,3,木,輸入キウイ,50800,129350,626
2021,6,3,木,輸入メロン,50850,7094,235
2021,6,4,金,みかん,40100,30868,1202
2021,6,4,金,はっさく,41321,940,216
2021,6,4,金,りんご計,42000,392371,365
2021,6,4,金,びわ,43900,7613,1317
2021,6,4,金,もも,44100,17459,1389
2021,6,4,金,すもも,44700,25222,911
2021,6,4,金,おうとう,44800,25397,2598
2021,6,4,金,うめ,44950,292273,665
2021,6,4,金,ぶどう計,45000,42238,1962
2021,6,4,金,いちご,46100,49067,995
2021,6,4,金,メロン計,47000,390151,449
2021,6,4,金,すいか,48100,738526,244
2021,6,4,金,バナナ,50100,606834,159
2021,6,4,金,パイナップル,50300,165966,190
2021,6,4,金,レモン,50400,23386,376
2021,6,4,金,オレンジ,50600,85435,272
2021,6,4,金,輸入おうとう,50700,25357,1307
2021,6,4,金,輸入キウイ,50800,158860,581
2021,6,4,金,輸入メロン,50850,3452,225
2021,6,5,土,みかん,40100,90576,1069
2021,6,5,土,はっさく,41321,610,287
2021,6,5,土,りんご計,42000,408111,353
2021,6,5,土,びわ,43900,12348,1399
2021,6,5,土,もも,44100,18964,1375
2021,6,5,土,すもも,44700,29553,841
2021,6,5,土,おうとう,44800,31836,2437
2021,6,5,土,うめ,44950,255872,661
2021,6,5,土,ぶどう計,45000,45876,1991
2021,6,5,土,いちご,46100,55462,1001
2021,6,5,土,メロン計,47000,340716,459
2021,6,5,土,すいか,48100,742347,253
2021,6,5,土,バナナ,50100,533379,178
2021,6,5,土,パイナップル,50300,123629,203
2021,6,5,土,レモン,50400,30387,363
2021,6,5,土,オレンジ,50600,179136,260
2021,6,5,土,輸入おうとう,50700,19285,1386
2021,6,5,土,輸入キウイ,50800,106497,628
2021,6,5,土,輸入メロン,50850,11829,127
2021,6,7,月,みかん,40100,84674,1094
2021,6,7,月,はっさく,41321,580,237
2021,6,7,月,りんご計,42000,476149,353
2021,6,7,月,びわ,43900,12719,1376
2021,6,7,月,もも,44100,22665,1325
2021,6,7,月,すもも,44700,40353,816
2021,6,7,月,おうとう,44800,48610,2327
2021,6,7,月,うめ,44950,262092,634
2021,6,7,月,ぶどう計,45000,50161,2076
2021,6,7,月,いちご,46100,62539,1052
2021,6,7,月,メロン計,47000,395076,469
2021,6,7,月,すいか,48100,888691,244
2021,6,7,月,キウイフルツ,49300,39,288
2021,6,7,月,バナナ,50100,580965,169
2021,6,7,月,パイナップル,50300,92506,195
2021,6,7,月,レモン,50400,28867,351
2021,6,7,月,オレンジ,50600,127667,258
2021,6,7,月,輸入おうとう,50700,9502,1378
2021,6,7,月,輸入キウイ,50800,110277,621
2021,6,7,月,輸入メロン,50850,3328,206
2021,6,8,火,みかん,40100,55063,1113
2021,6,8,火,はっさく,41321,460,216
2021,6,8,火,りんご計,42000,398098,356
2021,6,8,火,びわ,43900,12451,1407
2021,6,8,火,もも,44100,20242,1208
2021,6,8,火,すもも,44700,45685,802
2021,6,8,火,おうとう,44800,32024,2364
2021,6,8,火,うめ,44950,345490,601
2021,6,8,火,ぶどう計,45000,45424,2001
2021,6,8,火,いちご,46100,41491,1021
2021,6,8,火,メロン計,47000,334834,463
2021,6,8,火,すいか,48100,690337,250
2021,6,8,火,バナナ,50100,459459,169
2021,6,8,火,パイナップル,50300,117147,197
2021,6,8,火,レモン,50400,19664,391
2021,6,8,火,オレンジ,50600,57866,282
2021,6,8,火,輸入おうとう,50700,15411,1364
2021,6,8,火,輸入キウイ,50800,143417,619
2021,6,8,火,輸入メロン,50850,4185,237
2021,6,10,木,みかん,40100,113455,1086
2021,6,10,木,はっさく,41321,400,204
2021,6,10,木,りんご計,42000,534468,352
2021,6,10,木,日本なし計,43000,138,2454
2021,6,10,木,びわ,43900,15536,1364
2021,6,10,木,もも,44100,30895,1114
2021,6,10,木,すもも,44700,75443,746
2021,6,10,木,おうとう,44800,41082,2558
2021,6,10,木,うめ,44950,327746,621
2021,6,10,木,ぶどう計,45000,59464,2004
2021,6,10,木,いちご,46100,52463,1076
2021,6,10,木,メロン計,47000,467524,471
2021,6,10,木,すいか,48100,1302382,247
2021,6,10,木,バナナ,50100,588558,180
2021,6,10,木,パイナップル,50300,157470,208
2021,6,10,木,レモン,50400,28200,349
2021,6,10,木,オレンジ,50600,122376,260
2021,6,10,木,輸入おうとう,50700,28804,1192
2021,6,10,木,輸入キウイ,50800,155783,621
2021,6,10,木,輸入メロン,50850,5030,260
2021,6,11,金,みかん,40100,24807,1135
2021,6,11,金,りんご計,42000,439648,347
2021,6,11,金,びわ,43900,6279,1346
2021,6,11,金,もも,44100,25234,1088
2021,6,11,金,すもも,44700,55524,738
2021,6,11,金,おうとう,44800,23815,2726
2021,6,11,金,うめ,44950,253417,621
2021,6,11,金,ぶどう計,45000,49975,2111
2021,6,11,金,いちご,46100,22424,1084
2021,6,11,金,メロン計,47000,328745,478
2021,6,11,金,すいか,48100,820444,251
2021,6,11,金,バナナ,50100,535878,164
2021,6,11,金,パイナップル,50300,150904,192
2021,6,11,金,レモン,50400,26363,344
2021,6,11,金,オレンジ,50600,81874,252
2021,6,11,金,輸入おうとう,50700,16090,1272
2021,6,11,金,輸入キウイ,50800,99986,622
2021,6,11,金,輸入メロン,50850,2840,270
2021,6,12,土,みかん,40100,89623,1078
2021,6,12,土,りんご計,42000,413750,355
2021,6,12,土,日本なし計,43000,229,2451
2021,6,12,土,びわ,43900,11410,1339
2021,6,12,土,もも,44100,46167,1013
2021,6,12,土,すもも,44700,55978,726
2021,6,12,土,おうとう,44800,23577,2752
2021,6,12,土,うめ,44950,243164,574
2021,6,12,土,ぶどう計,45000,57314,2052
2021,6,12,土,いちご,46100,23008,1196
2021,6,12,土,メロン計,47000,369230,485
2021,6,12,土,すいか,48100,991762,245
2021,6,12,土,バナナ,50100,578240,175
2021,6,12,土,パイナップル,50300,102644,201
2021,6,12,土,レモン,50400,36943,330
2021,6,12,土,オレンジ,50600,117946,267
2021,6,12,土,輸入おうとう,50700,21838,1263
2021,6,12,土,輸入キウイ,50800,196324,590
2021,6,12,土,輸入メロン,50850,9149,212
2021,6,14,月,みかん,40100,84458,1062
2021,6,14,月,りんご計,42000,445011,352
2021,6,14,月,日本なし計,43000,277,2236
2021,6,14,月,びわ,43900,11935,1275
2021,6,14,月,もも,44100,87341,959
2021,6,14,月,すもも,44700,76531,712
2021,6,14,月,おうとう,44800,47862,2748
2021,6,14,月,うめ,44950,277944,503
2021,6,14,月,ぶどう計,45000,63015,2060
2021,6,14,月,いちご,46100,27566,1208
2021,6,14,月,メロン計,47000,478977,493
2021,6,14,月,すいか,48100,1085248,242
2021,6,14,月,バナナ,50100,582953,165
2021,6,14,月,パイナップル,50300,115947,191
2021,6,14,月,レモン,50400,26487,369
2021,6,14,月,オレンジ,50600,107709,263
2021,6,14,月,輸入おうとう,50700,17786,1323
2021,6,14,月,輸入キウイ,50800,89856,618
2021,6,14,月,輸入メロン,50850,4626,114
2021,6,15,火,みかん,40100,54326,1087
2021,6,15,火,りんご計,42000,388440,351
2021,6,15,火,日本なし計,43000,644,1719
2021,6,15,火,びわ,43900,7714,1241
2021,6,15,火,もも,44100,72621,950
2021,6,15,火,すもも,44700,66278,727
2021,6,15,火,おうとう,44800,35491,2751
2021,6,15,火,うめ,44950,144490,531
2021,6,15,火,ぶどう計,45000,55103,2041
2021,6,15,火,いちご,46100,16528,1265
2021,6,15,火,メロン計,47000,360833,495
2021,6,15,火,すいか,48100,852050,250
2021,6,15,火,バナナ,50100,400640,176
2021,6,15,火,パイナップル,50300,140322,200
2021,6,15,火,レモン,50400,25763,348
2021,6,15,火,オレンジ,50600,69338,259
2021,6,15,火,輸入おうとう,50700,16399,1137
2021,6,15,火,輸入キウイ,50800,124589,602
2021,6,15,火,輸入メロン,50850,2086,233
2021,6,17,木,みかん,40100,105590,1041
2021,6,17,木,りんご計,42000,480920,353
2021,6,17,木,日本なし計,43000,882,1304
2021,6,17,木,びわ,43900,9880,1276
2021,6,17,木,もも,44100,118920,906
2021,6,17,木,すもも,44700,88640,717
2021,6,17,木,おうとう,44800,54457,2792
2021,6,17,木,うめ,44950,139328,517
2021,6,17,木,ぶどう計,45000,68580,2078
2021,6,17,木,いちご,46100,19688,1387
2021,6,17,木,メロン計,47000,449907,505
2021,6,17,木,すいか,48100,1035781,244
2021,6,17,木,バナナ,50100,564992,179
2021,6,17,木,パイナップル,50300,158063,202
2021,6,17,木,レモン,50400,36223,320
2021,6,17,木,オレンジ,50600,118976,259
2021,6,17,木,輸入おうとう,50700,18761,1126
2021,6,17,木,輸入キウイ,50800,156089,620
2021,6,17,木,輸入メロン,50850,6849,188
2021,6,18,金,みかん,40100,29694,1131
2021,6,18,金,りんご計,42000,374149,355
2021,6,18,金,びわ,43900,3801,1290
2021,6,18,金,もも,44100,93898,943
2021,6,18,金,すもも,44700,52107,754
2021,6,18,金,おうとう,44800,37361,2793
2021,6,18,金,うめ,44950,77693,528
2021,6,18,金,ぶどう計,45000,55562,2088
2021,6,18,金,いちご,46100,10661,1341
2021,6,18,金,メロン計,47000,318012,508
2021,6,18,金,すいか,48100,709065,242
2021,6,18,金,キウイフルツ,49300,399,770
2021,6,18,金,バナナ,50100,549376,163
2021,6,18,金,パイナップル,50300,132262,193
2021,6,18,金,レモン,50400,35010,351
2021,6,18,金,オレンジ,50600,77382,262
2021,6,18,金,輸入おうとう,50700,26313,1162
2021,6,18,金,輸入キウイ,50800,138548,579
2021,6,18,金,輸入メロン,50850,4378,207
2021,6,19,土,みかん,40100,87241,1030
2021,6,19,土,りんご計,42000,380292,351
2021,6,19,土,日本なし計,43000,732,1266
2021,6,19,土,びわ,43900,6477,1288
2021,6,19,土,もも,44100,126198,939
2021,6,19,土,すもも,44700,56233,744
2021,6,19,土,おうとう,44800,36711,2851
2021,6,19,土,うめ,44950,86600,511
2021,6,19,土,ぶどう計,45000,63917,2141
2021,6,19,土,いちご,46100,10065,1510
2021,6,19,土,メロン計,47000,318525,513
2021,6,19,土,すいか,48100,784442,247
2021,6,19,土,バナナ,50100,586747,173
2021,6,19,土,パイナップル,50300,154729,198
2021,6,19,土,レモン,50400,36099,313
2021,6,19,土,オレンジ,50600,126148,251
2021,6,19,土,輸入おうとう,50700,19214,1110
2021,6,19,土,輸入キウイ,50800,91480,629
2021,6,19,土,輸入メロン,50850,2434,276
2021,6,21,月,みかん,40100,98493,1028
2021,6,21,月,りんご計,42000,415003,346
2021,6,21,月,日本なし計,43000,1092,1081
2021,6,21,月,びわ,43900,5157,1282
2021,6,21,月,もも,44100,237741,934
2021,6,21,月,すもも,44700,73078,750
2021,6,21,月,おうとう,44800,80389,2665
2021,6,21,月,うめ,44950,67599,483
2021,6,21,月,ぶどう計,45000,70199,2115
2021,6,21,月,いちご,46100,14505,1346
2021,6,21,月,メロン計,47000,343370,525
2021,6,21,月,すいか,48100,851397,250
2021,6,21,月,バナナ,50100,522195,166
2021,6,21,月,パイナップル,50300,84225,194
2021,6,21,月,レモン,50400,38595,373
2021,6,21,月,オレンジ,50600,132836,261
2021,6,21,月,輸入おうとう,50700,14812,1273
2021,6,21,月,輸入キウイ,50800,127401,599
2021,6,21,月,輸入メロン,50850,1881,255
2021,6,22,火,みかん,40100,53405,1067
2021,6,22,火,りんご計,42000,326917,344
2021,6,22,火,日本なし計,43000,766,1304
2021,6,22,火,びわ,43900,2898,1181
2021,6,22,火,もも,44100,228407,908
2021,6,22,火,すもも,44700,70199,730
2021,6,22,火,おうとう,44800,51425,2597
2021,6,22,火,うめ,44950,53736,427
2021,6,22,火,ぶどう計,45000,66174,1978
2021,6,22,火,いちご,46100,7718,1450
2021,6,22,火,メロン計,47000,263662,526
2021,6,22,火,すいか,48100,617293,256
2021,6,22,火,バナナ,50100,450190,170
2021,6,22,火,パイナップル,50300,96586,188
2021,6,22,火,レモン,50400,22232,386
2021,6,22,火,オレンジ,50600,64739,269
2021,6,22,火,輸入おうとう,50700,10177,1223
2021,6,22,火,輸入キウイ,50800,79335,596
2021,6,22,火,輸入メロン,50850,4297,180
2021,6,24,木,みかん,40100,121287,1032
2021,6,24,木,りんご計,42000,386774,342
2021,6,24,木,日本なし計,43000,2455,1156
2021,6,24,木,びわ,43900,4641,1290
2021,6,24,木,もも,44100,432894,869
2021,6,24,木,すもも,44700,87407,727
2021,6,24,木,おうとう,44800,83225,2455
2021,6,24,木,うめ,44950,56753,491
2021,6,24,木,ぶどう計,45000,77056,2034
2021,6,24,木,いちご,46100,10765,1581
2021,6,24,木,メロン計,47000,378295,537
2021,6,24,木,すいか,48100,1133981,254
2021,6,24,木,バナナ,50100,589412,183
2021,6,24,木,パイナップル,50300,139725,208
2021,6,24,木,レモン,50400,39363,354
2021,6,24,木,オレンジ,50600,128762,263
2021,6,24,木,輸入おうとう,50700,12632,1304
2021,6,24,木,輸入キウイ,50800,147589,597
2021,6,24,木,輸入メロン,50850,2326,272
2021,6,25,金,みかん,40100,26418,1095
2021,6,25,金,りんご計,42000,317373,347
2021,6,25,金,日本なし計,43000,893,1110
2021,6,25,金,びわ,43900,1529,1356
2021,6,25,金,もも,44100,296332,836
2021,6,25,金,すもも,44700,52570,732
2021,6,25,金,おうとう,44800,49057,2461
2021,6,25,金,うめ,44950,137276,362
2021,6,25,金,ぶどう計,45000,67975,1927
2021,6,25,金,いちご,46100,5629,1594
2021,6,25,金,メロン計,47000,255520,558
2021,6,25,金,すいか,48100,754798,249
2021,6,25,金,バナナ,50100,574789,164
2021,6,25,金,パイナップル,50300,117498,186
2021,6,25,金,レモン,50400,33051,364
2021,6,25,金,オレンジ,50600,80216,251
2021,6,25,金,輸入おうとう,50700,19608,1152
2021,6,25,金,輸入キウイ,50800,142348,571
2021,6,25,金,輸入メロン,50850,3105,227
2021,6,26,土,みかん,40100,91862,1030
2021,6,26,土,りんご計,42000,340528,342
2021,6,26,土,日本なし計,43000,4464,1101
2021,6,26,土,びわ,43900,1709,1187
2021,6,26,土,もも,44100,319072,828
2021,6,26,土,すもも,44700,70201,721
2021,6,26,土,おうとう,44800,46455,2257
2021,6,26,土,うめ,44950,40832,394
2021,6,26,土,ぶどう計,45000,82923,2015
2021,6,26,土,いちご,46100,11079,1229
2021,6,26,土,メロン計,47000,274450,543
2021,6,26,土,すいか,48100,903077,251
2021,6,26,土,バナナ,50100,657198,169
2021,6,26,土,パイナップル,50300,137349,188
2021,6,26,土,レモン,50400,49294,338
2021,6,26,土,オレンジ,50600,104088,258
2021,6,26,土,輸入おうとう,50700,16601,1253
2021,6,26,土,輸入キウイ,50800,97171,615
2021,6,26,土,輸入メロン,50850,3733,274
2021,6,28,月,みかん,40100,104886,1047
2021,6,28,月,りんご計,42000,389199,348
2021,6,28,月,日本なし計,43000,3674,1005
2021,6,28,月,かき計,43500,115,808
2021,6,28,月,びわ,43900,1943,1397
2021,6,28,月,もも,44100,425068,819
2021,6,28,月,すもも,44700,101716,688
2021,6,28,月,おうとう,44800,82571,1947
2021,6,28,月,うめ,44950,27154,360
2021,6,28,月,ぶどう計,45000,85819,1892
2021,6,28,月,いちご,46100,7700,1767
2021,6,28,月,メロン計,47000,325536,553
2021,6,28,月,すいか,48100,992172,251
2021,6,28,月,バナナ,50100,613391,172
2021,6,28,月,パイナップル,50300,102393,184
2021,6,28,月,レモン,50400,49780,317
2021,6,28,月,オレンジ,50600,87210,279
2021,6,28,月,輸入おうとう,50700,12849,1134
2021,6,28,月,輸入キウイ,50800,151129,604
2021,6,28,月,輸入メロン,50850,2660,241
2021,6,29,火,みかん,40100,54179,1073
2021,6,29,火,りんご計,42000,262719,341
2021,6,29,火,日本なし計,43000,4909,1056
2021,6,29,火,びわ,43900,1383,1242
2021,6,29,火,もも,44100,301641,816
2021,6,29,火,すもも,44700,84750,685
2021,6,29,火,おうとう,44800,66649,1784
2021,6,29,火,うめ,44950,23738,436
2021,6,29,火,ぶどう計,45000,88747,1923
2021,6,29,火,いちご,46100,5096,1782
2021,6,29,火,メロン計,47000,262555,557
2021,6,29,火,すいか,48100,833915,254
2021,6,29,火,バナナ,50100,706572,167
2021,6,29,火,パイナップル,50300,91261,196
2021,6,29,火,レモン,50400,50206,355
2021,6,29,火,オレンジ,50600,72603,255
2021,6,29,火,輸入おうとう,50700,17221,1257
2021,6,29,火,輸入キウイ,50800,148683,586
2021,6,29,火,輸入メロン,50850,30405,205
2021,7,1,木,みかん,40100,139335,1051
2021,7,1,木,りんご計,42000,395066,345
2021,7,1,木,日本なし計,43000,13216,1036
2021,7,1,木,かき計,43500,156,721
2021,7,1,木,びわ,43900,1392,1226
2021,7,1,木,もも,44100,411238,816
2021,7,1,木,すもも,44700,95759,661
2021,7,1,木,おうとう,44800,65970,1728
2021,7,1,木,うめ,44950,10514,275
2021,7,1,木,ぶどう計,45000,100537,1858
2021,7,1,木,いちご,46100,7319,1838
2021,7,1,木,メロン計,47000,363595,557
2021,7,1,木,すいか,48100,1257341,246
2021,7,1,木,バナナ,50100,442527,179
2021,7,1,木,パイナップル,50300,118609,192
2021,7,1,木,レモン,50400,28965,357
2021,7,1,木,オレンジ,50600,115691,250
2021,7,1,木,輸入おうとう,50700,6846,1235
2021,7,1,木,輸入キウイ,50800,135062,584
2021,7,1,木,輸入メロン,50850,1827,311
2021,7,2,金,みかん,40100,33898,1117
2021,7,2,金,りんご計,42000,277004,342
2021,7,2,金,日本なし計,43000,4401,953
2021,7,2,金,かき計,43500,1082,562
2021,7,2,金,びわ,43900,324,1219
2021,7,2,金,もも,44100,258471,810
2021,7,2,金,すもも,44700,87080,653
2021,7,2,金,おうとう,44800,31105,1826
2021,7,2,金,うめ,44950,12665,320
2021,7,2,金,ぶどう計,45000,91732,1764
2021,7,2,金,いちご,46100,3986,1786
2021,7,2,金,メロン計,47000,259877,561
2021,7,2,金,すいか,48100,790186,242
2021,7,2,金,バナナ,50100,480157,160
2021,7,2,金,パイナップル,50300,113403,188
2021,7,2,金,レモン,50400,27493,381
2021,7,2,金,オレンジ,50600,98836,237
2021,7,2,金,輸入おうとう,50700,11992,1427
2021,7,2,金,輸入キウイ,50800,108111,582
2021,7,2,金,輸入メロン,50850,17471,191
2021,7,3,土,みかん,40100,135617,1051
2021,7,3,土,りんご計,42000,382599,337
2021,7,3,土,日本なし計,43000,17829,976
2021,7,3,土,びわ,43900,383,1210
2021,7,3,土,もも,44100,323947,810
2021,7,3,土,すもも,44700,78958,632
2021,7,3,土,おうとう,44800,29745,1928
2021,7,3,土,うめ,44950,4185,157
2021,7,3,土,ぶどう計,45000,97625,1828
2021,7,3,土,いちご,46100,4227,1950
2021,7,3,土,メロン計,47000,276745,563
2021,7,3,土,すいか,48100,857227,246
2021,7,3,土,バナナ,50100,578315,170
2021,7,3,土,パイナップル,50300,128635,185
2021,7,3,土,レモン,50400,38457,330
2021,7,3,土,オレンジ,50600,114004,253
2021,7,3,土,輸入おうとう,50700,22660,1242
2021,7,3,土,輸入キウイ,50800,187412,562
2021,7,3,土,輸入メロン,50850,2122,299
2021,7,5,月,みかん,40100,115691,1038
2021,7,5,月,りんご計,42000,372708,345
2021,7,5,月,日本なし計,43000,22233,941
2021,7,5,月,かき計,43500,137,862
2021,7,5,月,びわ,43900,613,1330
2021,7,5,月,もも,44100,451062,792
2021,7,5,月,すもも,44700,116862,616
2021,7,5,月,おうとう,44800,38752,1992
2021,7,5,月,うめ,44950,4082,262
2021,7,5,月,ぶどう計,45000,104500,1737
2021,7,5,月,いちご,46100,5336,1997
2021,7,5,月,メロン計,47000,301246,581
2021,7,5,月,すいか,48100,815140,235
2021,7,5,月,バナナ,50100,616370,163
2021,7,5,月,パイナップル,50300,67500,196
2021,7,5,月,レモン,50400,34127,360
2021,7,5,月,オレンジ,50600,98271,252
2021,7,5,月,輸入おうとう,50700,10263,1414
2021,7,5,月,輸入キウイ,50800,93624,613
2021,7,5,月,輸入メロン,50850,524,338
2021,7,6,火,みかん,40100,55815,1055
2021,7,6,火,りんご計,42000,300945,335
2021,7,6,火,日本なし計,43000,19137,812
2021,7,6,火,びわ,43900,277,1144
2021,7,6,火,もも,44100,356974,783
2021,7,6,火,すもも,44700,98700,622
2021,7,6,火,おうとう,44800,29614,2204
2021,7,6,火,うめ,44950,1218,119
2021,7,6,火,ぶどう計,45000,107326,1703
2021,7,6,火,いちご,46100,4089,2147
2021,7,6,火,メロン計,47000,250723,601
2021,7,6,火,すいか,48100,895747,240
2021,7,6,火,バナナ,50100,400217,169
2021,7,6,火,パイナップル,50300,103102,189
2021,7,6,火,レモン,50400,30556,365
2021,7,6,火,オレンジ,50600,71741,258
2021,7,6,火,輸入おうとう,50700,6164,1357
2021,7,6,火,輸入キウイ,50800,77129,580
2021,7,6,火,輸入メロン,50850,2515,262
2021,7,7,水,みかん,40100,101,1590
2021,7,7,水,りんご計,42000,6934,326
2021,7,7,水,日本なし計,43000,15,1026
2021,7,7,水,もも,44100,6240,695
2021,7,7,水,すもも,44700,173,637
2021,7,7,水,おうとう,44800,4589,1417
2021,7,7,水,ぶどう計,45000,495,1899
2021,7,7,水,いちご,46100,121,1412
2021,7,7,水,メロン計,47000,46792,684
2021,7,7,水,すいか,48100,64403,251
2021,7,7,水,バナナ,50100,17996,207
2021,7,7,水,パイナップル,50300,8969,208
2021,7,7,水,レモン,50400,1612,344
2021,7,7,水,オレンジ,50600,1208,238
2021,7,7,水,輸入おうとう,50700,41,659
2021,7,7,水,輸入キウイ,50800,1207,624
2021,7,8,木,みかん,40100,166081,1051
2021,7,8,木,りんご計,42000,385369,346
2021,7,8,木,日本なし計,43000,65190,801
2021,7,8,木,かき計,43500,245,950
2021,7,8,木,びわ,43900,140,1179
2021,7,8,木,もも,44100,486698,784
2021,7,8,木,すもも,44700,133143,597
2021,7,8,木,おうとう,44800,38667,2210
2021,7,8,木,うめ,44950,5710,299
2021,7,8,木,ぶどう計,45000,114432,1706
2021,7,8,木,いちご,46100,5572,2188
2021,7,8,木,メロン計,47000,348616,578
2021,7,8,木,すいか,48100,1298284,237
2021,7,8,木,バナナ,50100,471611,176
2021,7,8,木,パイナップル,50300,128779,195
2021,7,8,木,レモン,50400,34364,352
2021,7,8,木,オレンジ,50600,108048,247
2021,7,8,木,輸入おうとう,50700,9474,1173
2021,7,8,木,輸入キウイ,50800,141669,599
2021,7,8,木,輸入メロン,50850,862,301
2021,7,9,金,みかん,40100,46634,1110
2021,7,9,金,りんご計,42000,292678,344
2021,7,9,金,日本なし計,43000,34418,766
2021,7,9,金,かき計,43500,2111,636
2021,7,9,金,もも,44100,334642,786
2021,7,9,金,すもも,44700,89099,609
2021,7,9,金,おうとう,44800,21180,1972
2021,7,9,金,うめ,44950,1411,93
2021,7,9,金,ぶどう計,45000,104197,1707
2021,7,9,金,いちご,46100,3132,2130
2021,7,9,金,メロン計,47000,272387,597
2021,7,9,金,すいか,48100,988929,231
2021,7,9,金,バナナ,50100,565888,159
2021,7,9,金,パイナップル,50300,107044,177
2021,7,9,金,レモン,50400,30179,362
2021,7,9,金,オレンジ,50600,64805,257
2021,7,9,金,輸入おうとう,50700,10939,1271
2021,7,9,金,輸入キウイ,50800,95227,585
2021,7,9,金,輸入メロン,50850,2869,294
2021,7,10,土,みかん,40100,143929,1036
2021,7,10,土,りんご計,42000,303859,333
2021,7,10,土,日本なし計,43000,42725,731
2021,7,10,土,かき計,43500,85,600
2021,7,10,土,びわ,43900,161,1184
2021,7,10,土,もも,44100,355759,799
2021,7,10,土,すもも,44700,95569,603
2021,7,10,土,おうとう,44800,20425,2006
2021,7,10,土,うめ,44950,3546,293
2021,7,10,土,ぶどう計,45000,116311,1799
2021,7,10,土,いちご,46100,3744,2157
2021,7,10,土,メロン計,47000,305858,588
2021,7,10,土,すいか,48100,1284213,233
2021,7,10,土,バナナ,50100,575492,168
2021,7,10,土,パイナップル,50300,127883,188
2021,7,10,土,レモン,50400,34126,329
2021,7,10,土,オレンジ,50600,100748,256
2021,7,10,土,輸入おうとう,50700,10182,1576
2021,7,10,土,輸入キウイ,50800,134883,624
2021,7,10,土,輸入メロン,50850,280,276
2021,7,12,月,みかん,40100,128649,1013
2021,7,12,月,りんご計,42000,326104,346
2021,7,12,月,日本なし計,43000,62217,709
2021,7,12,月,かき計,43500,5577,596
2021,7,12,月,びわ,43900,8,448
2021,7,12,月,もも,44100,586403,779
2021,7,12,月,すもも,44700,130162,600
2021,7,12,月,おうとう,44800,28131,1990
2021,7,12,月,うめ,44950,6400,266
2021,7,12,月,ぶどう計,45000,127518,1720
2021,7,12,月,いちご,46100,4503,2215
2021,7,12,月,メロン計,47000,384303,574
2021,7,12,月,すいか,48100,1310073,232
2021,7,12,月,バナナ,50100,594126,168
2021,7,12,月,パイナップル,50300,70388,196
2021,7,12,月,レモン,50400,59818,356
2021,7,12,月,オレンジ,50600,77182,259
2021,7,12,月,輸入おうとう,50700,14605,1287
2021,7,12,月,輸入キウイ,50800,117690,566
2021,7,12,月,輸入メロン,50850,380,346
2021,7,13,火,みかん,40100,72122,1038
2021,7,13,火,りんご計,42000,252499,343
2021,7,13,火,日本なし計,43000,42173,696
2021,7,13,火,びわ,43900,213,1179
2021,7,13,火,もも,44100,413277,778
2021,7,13,火,すもも,44700,108603,608
2021,7,13,火,おうとう,44800,17218,2003
2021,7,13,火,うめ,44950,165,172
2021,7,13,火,ぶどう計,45000,127668,1747
2021,7,13,火,いちご,46100,3745,2171
2021,7,13,火,メロン計,47000,267687,590
2021,7,13,火,すいか,48100,1239684,226
2021,7,13,火,バナナ,50100,397388,169
2021,7,13,火,パイナップル,50300,77390,184
2021,7,13,火,レモン,50400,30206,370
2021,7,13,火,オレンジ,50600,48560,259
2021,7,13,火,輸入おうとう,50700,4652,1572
2021,7,13,火,輸入キウイ,50800,75770,619
2021,7,13,火,輸入メロン,50850,274,277
2021,7,15,木,みかん,40100,182081,1022
2021,7,15,木,りんご計,42000,340933,346
2021,7,15,木,日本なし計,43000,105001,686
2021,7,15,木,かき計,43500,1052,793
2021,7,15,木,びわ,43900,134,1161
2021,7,15,木,もも,44100,666806,776
2021,7,15,木,すもも,44700,119515,614
2021,7,15,木,おうとう,44800,26598,1962
2021,7,15,木,うめ,44950,8419,322
2021,7,15,木,ぶどう計,45000,158123,1683
2021,7,15,木,いちご,46100,5793,2208
2021,7,15,木,メロン計,47000,387741,579
2021,7,15,木,すいか,48100,1908128,228
2021,7,15,木,バナナ,50100,522093,173
2021,7,15,木,パイナップル,50300,98221,198
2021,7,15,木,レモン,50400,32326,363
2021,7,15,木,オレンジ,50600,94832,271
2021,7,15,木,輸入おうとう,50700,7415,1329
2021,7,15,木,輸入キウイ,50800,116036,624
2021,7,15,木,輸入メロン,50850,2200,323
2021,7,16,金,みかん,40100,37175,962
2021,7,16,金,りんご計,42000,306457,351
2021,7,16,金,日本なし計,43000,103435,634
2021,7,16,金,かき計,43500,3940,626
2021,7,16,金,びわ,43900,107,1195
2021,7,16,金,もも,44100,397925,783
2021,7,16,金,すもも,44700,78407,624
2021,7,16,金,おうとう,44800,15781,1893
2021,7,16,金,うめ,44950,189215,672
2021,7,16,金,ぶどう計,45000,127597,1798
2021,7,16,金,いちご,46100,3018,2136
2021,7,16,金,メロン計,47000,291357,597
2021,7,16,金,すいか,48100,1428206,223
2021,7,16,金,バナナ,50100,576073,159
2021,7,16,金,パイナップル,50300,110529,190
2021,7,16,金,レモン,50400,29500,383
2021,7,16,金,オレンジ,50600,41432,257
2021,7,16,金,輸入おうとう,50700,14581,1208
2021,7,16,金,輸入キウイ,50800,102067,575
2021,7,16,金,輸入メロン,50850,1715,335
2021,7,17,土,みかん,40100,156314,1012
2021,7,17,土,りんご計,42000,298138,339
2021,7,17,土,日本なし計,43000,99716,621
2021,7,17,土,びわ,43900,119,1133
2021,7,17,土,もも,44100,422658,776
2021,7,17,土,すもも,44700,82021,648
2021,7,17,土,おうとう,44800,14798,1830
2021,7,17,土,うめ,44950,9225,290
2021,7,17,土,ぶどう計,45000,140052,1812
2021,7,17,土,いちご,46100,4150,2056
2021,7,17,土,メロン計,47000,305010,590
2021,7,17,土,すいか,48100,1525549,220
2021,7,17,土,バナナ,50100,555469,168
2021,7,17,土,パイナップル,50300,118903,181
2021,7,17,土,レモン,50400,41978,326
2021,7,17,土,オレンジ,50600,124759,251
2021,7,17,土,輸入おうとう,50700,6616,1158
2021,7,17,土,輸入キウイ,50800,131372,629
2021,7,17,土,輸入メロン,50850,1078,330
2021,7,19,月,みかん,40100,144225,984
2021,7,19,月,りんご計,42000,311236,365
2021,7,19,月,日本なし計,43000,171611,578
2021,7,19,月,かき計,43500,5007,615
2021,7,19,月,びわ,43900,14,472
2021,7,19,月,もも,44100,591223,776
2021,7,19,月,すもも,44700,100045,650
2021,7,19,月,おうとう,44800,18179,1794
2021,7,19,月,うめ,44950,122000,370
2021,7,19,月,ぶどう計,45000,154451,1779
2021,7,19,月,いちご,46100,5537,2241
2021,7,19,月,メロン計,47000,362365,589
2021,7,19,月,すいか,48100,1495344,223
2021,7,19,月,バナナ,50100,560560,159
2021,7,19,月,パイナップル,50300,96033,183
2021,7,19,月,レモン,50400,33402,369
2021,7,19,月,オレンジ,50600,79116,265
2021,7,19,月,輸入おうとう,50700,5849,1377
2021,7,19,月,輸入キウイ,50800,85767,599
2021,7,19,月,輸入メロン,50850,1010,301
2021,7,20,火,みかん,40100,82941,1023
2021,7,20,火,りんご計,42000,294704,367
2021,7,20,火,日本なし計,43000,108056,567
2021,7,20,火,かき計,43500,310,1137
2021,7,20,火,びわ,43900,154,1242
2021,7,20,火,もも,44100,411797,802
2021,7,20,火,すもも,44700,70990,658
2021,7,20,火,おうとう,44800,11920,1822
2021,7,20,火,うめ,44950,860,159
2021,7,20,火,ぶどう計,45000,152147,1849
2021,7,20,火,いちご,46100,3878,2056
2021,7,20,火,メロン計,47000,315986,582
2021,7,20,火,すいか,48100,1455035,223
2021,7,20,火,バナナ,50100,413005,160
2021,7,20,火,パイナップル,50300,91667,176
2021,7,20,火,レモン,50400,42778,368
2021,7,20,火,オレンジ,50600,50035,252
2021,7,20,火,輸入おうとう,50700,4688,1115
2021,7,20,火,輸入キウイ,50800,137519,593
2021,7,20,火,輸入メロン,50850,441,406
2021,7,21,水,みかん,40100,15204,1001
2021,7,21,水,りんご計,42000,164461,352
2021,7,21,水,日本なし計,43000,121071,547
2021,7,21,水,かき計,43500,5401,618
2021,7,21,水,もも,44100,270838,759
2021,7,21,水,すもも,44700,51606,674
2021,7,21,水,おうとう,44800,6375,1756
2021,7,21,水,うめ,44950,6327,227
2021,7,21,水,ぶどう計,45000,75350,1710
2021,7,21,水,いちご,46100,2775,2058
2021,7,21,水,メロン計,47000,232928,554
2021,7,21,水,すいか,48100,950818,223
2021,7,21,水,バナナ,50100,185189,159
2021,7,21,水,パイナップル,50300,45019,162
2021,7,21,水,レモン,50400,14347,384
2021,7,21,水,オレンジ,50600,32313,254
2021,7,21,水,輸入おうとう,50700,7359,1085
2021,7,21,水,輸入キウイ,50800,41586,593
2021,7,21,水,輸入メロン,50850,670,370
2021,7,22,木,りんご計,42000,2950,341
2021,7,22,木,ぶどう計,45000,392,995
2021,7,22,木,すいか,48100,8268,192
2021,7,22,木,バナナ,50100,8026,215
2021,7,22,木,パイナップル,50300,1550,243
2021,7,22,木,レモン,50400,644,410
2021,7,22,木,オレンジ,50600,1763,306
2021,7,22,木,輸入キウイ,50800,858,639
2021,7,22,木,輸入メロン,50850,30,400
2021,7,23,金,みかん,40100,144394,973
2021,7,23,金,りんご計,42000,300614,367
2021,7,23,金,日本なし計,43000,249066,560
2021,7,23,金,かき計,43500,2426,690
2021,7,23,金,もも,44100,640596,787
2021,7,23,金,すもも,44700,66343,692
2021,7,23,金,おうとう,44800,11113,1641
2021,7,23,金,ぶどう計,45000,185276,1903
2021,7,23,金,いちご,46100,6330,2281
2021,7,23,金,メロン計,47000,329547,549
2021,7,23,金,すいか,48100,2026871,227
2021,7,23,金,バナナ,50100,526659,165
2021,7,23,金,パイナップル,50300,114228,199
2021,7,23,金,レモン,50400,31180,385
2021,7,23,金,オレンジ,50600,89565,250
2021,7,23,金,輸入おうとう,50700,4442,1114
2021,7,23,金,輸入キウイ,50800,119790,607
2021,7,23,金,輸入メロン,50850,888,322
2021,7,24,土,みかん,40100,205747,964
2021,7,24,土,りんご計,42000,250123,354
2021,7,24,土,日本なし計,43000,226287,533
2021,7,24,土,かき計,43500,3605,663
2021,7,24,土,もも,44100,483273,769
2021,7,24,土,すもも,44700,61363,671
2021,7,24,土,おうとう,44800,9148,1668
2021,7,24,土,うめ,44950,6650,229
2021,7,24,土,ぶどう計,45000,174894,1880
2021,7,24,土,いちご,46100,5235,2053
2021,7,24,土,メロン計,47000,443718,540
2021,7,24,土,すいか,48100,1658040,226
2021,7,24,土,バナナ,50100,674587,159
2021,7,24,土,パイナップル,50300,123586,186
2021,7,24,土,レモン,50400,38619,376
2021,7,24,土,オレンジ,50600,49905,270
2021,7,24,土,輸入おうとう,50700,3315,1182
2021,7,24,土,輸入キウイ,50800,128238,566
2021,7,24,土,輸入メロン,50850,7167,312
2021,7,26,月,みかん,40100,143953,962
2021,7,26,月,りんご計,42000,261339,383
2021,7,26,月,日本なし計,43000,388936,531
2021,7,26,月,かき計,43500,5639,677
2021,7,26,月,もも,44100,745901,751
2021,7,26,月,すもも,44700,72835,685
2021,7,26,月,おうとう,44800,8998,1672
2021,7,26,月,うめ,44950,3723,242
2021,7,26,月,ぶどう計,45000,181865,1782
2021,7,26,月,いちご,46100,6351,2236
2021,7,26,月,メロン計,47000,421286,533
2021,7,26,月,すいか,48100,1718367,230
2021,7,26,月,バナナ,50100,659444,158
2021,7,26,月,パイナップル,50300,95036,192
2021,7,26,月,レモン,50400,66605,343
2021,7,26,月,オレンジ,50600,74167,273
2021,7,26,月,輸入おうとう,50700,5597,1010
2021,7,26,月,輸入キウイ,50800,104247,609
2021,7,26,月,輸入メロン,50850,245,499
2021,7,27,火,みかん,40100,95568,986
2021,7,27,火,りんご計,42000,206111,390
2021,7,27,火,日本なし計,43000,258513,536
2021,7,27,火,かき計,43500,1187,659
2021,7,27,火,もも,44100,591554,741
2021,7,27,火,すもも,44700,56373,675
2021,7,27,火,おうとう,44800,4988,1786
2021,7,27,火,うめ,44950,122075,687
2021,7,27,火,ぶどう計,45000,180999,1790
2021,7,27,火,いちご,46100,4808,2140
2021,7,27,火,メロン計,47000,300868,527
2021,7,27,火,すいか,48100,1540535,229
2021,7,27,火,バナナ,50100,459645,150
2021,7,27,火,パイナップル,50300,104848,189
2021,7,27,火,レモン,50400,38125,366
2021,7,27,火,オレンジ,50600,64209,246
2021,7,27,火,輸入おうとう,50700,2269,1168
2021,7,27,火,輸入キウイ,50800,74030,582
2021,7,27,火,輸入メロン,50850,490,196
2021,7,28,水,みかん,40100,13372,947
2021,7,28,水,りんご計,42000,61220,419
2021,7,28,水,日本なし計,43000,130696,547
2021,7,28,水,もも,44100,302396,707
2021,7,28,水,すもも,44700,32292,673
2021,7,28,水,おうとう,44800,915,4184
2021,7,28,水,ぶどう計,45000,56847,1711
2021,7,28,水,いちご,46100,2285,1850
2021,7,28,水,メロン計,47000,83630,514
2021,7,28,水,すいか,48100,506194,233
2021,7,28,水,バナナ,50100,36165,174
2021,7,28,水,パイナップル,50300,6584,202
2021,7,28,水,レモン,50400,5362,359
2021,7,28,水,オレンジ,50600,14384,226
2021,7,28,水,輸入おうとう,50700,142,1316
2021,7,28,水,輸入キウイ,50800,6378,670
2021,7,29,木,みかん,40100,186028,967
2021,7,29,木,りんご計,42000,261973,383
2021,7,29,木,日本なし計,43000,376765,536
2021,7,29,木,かき計,43500,8737,664
2021,7,29,木,びわ,43900,26,864
2021,7,29,木,もも,44100,691593,753
2021,7,29,木,すもも,44700,64485,679
2021,7,29,木,おうとう,44800,4945,1572
2021,7,29,木,うめ,44950,404,174
2021,7,29,木,ぶどう計,45000,212212,1780
2021,7,29,木,いちご,46100,5678,2157
2021,7,29,木,メロン計,47000,374411,520
2021,7,29,木,すいか,48100,1675105,223
2021,7,29,木,バナナ,50100,560750,167
2021,7,29,木,パイナップル,50300,109779,197
2021,7,29,木,レモン,50400,39234,379
2021,7,29,木,オレンジ,50600,70931,264
2021,7,29,木,輸入おうとう,50700,5569,1286
2021,7,29,木,輸入キウイ,50800,116827,615
2021,7,29,木,輸入メロン,50850,1817,283
2021,7,30,金,みかん,40100,24058,970
2021,7,30,金,りんご計,42000,122610,378
2021,7,30,金,日本なし計,43000,149465,506
2021,7,30,金,かき計,43500,85,1580
2021,7,30,金,もも,44100,261770,786
2021,7,30,金,すもも,44700,13608,692
2021,7,30,金,おうとう,44800,2160,1465
2021,7,30,金,ぶどう計,45000,114874,1764
2021,7,30,金,いちご,46100,2099,2106
2021,7,30,金,メロン計,47000,167124,536
2021,7,30,金,すいか,48100,781943,210
2021,7,30,金,バナナ,50100,500830,145
2021,7,30,金,パイナップル,50300,86384,194
2021,7,30,金,レモン,50400,43944,348
2021,7,30,金,オレンジ,50600,51728,253
2021,7,30,金,輸入おうとう,50700,1810,1087
2021,7,30,金,輸入キウイ,50800,77592,600
2021,7,30,金,輸入メロン,50850,1130,332
2021,7,31,土,みかん,40100,200801,980
2021,7,31,土,りんご計,42000,260620,389
2021,7,31,土,日本なし計,43000,543548,535
2021,7,31,土,かき計,43500,10001,634
2021,7,31,土,もも,44100,822612,727
2021,7,31,土,すもも,44700,77163,694
2021,7,31,土,おうとう,44800,2778,1290
2021,7,31,土,うめ,44950,185,79
2021,7,31,土,ぶどう計,45000,238280,1782
2021,7,31,土,いちご,46100,5369,1987
2021,7,31,土,メロン計,47000,333044,518
2021,7,31,土,すいか,48100,1984826,225
2021,7,31,土,バナナ,50100,676890,169
2021,7,31,土,パイナップル,50300,129804,183
2021,7,31,土,レモン,50400,67641,326
2021,7,31,土,オレンジ,50600,58840,261
2021,7,31,土,輸入おうとう,50700,1826,856
2021,7,31,土,輸入キウイ,50800,155352,606
2021,7,31,土,輸入メロン,50850,1885,293
2021,8,2,月,みかん,40100,165036,964
2021,8,2,月,りんご計,42000,302739,421
2021,8,2,月,日本なし計,43000,670650,536
2021,8,2,月,かき計,43500,10004,670
2021,8,2,月,もも,44100,826789,735
2021,8,2,月,すもも,44700,88202,682
2021,8,2,月,おうとう,44800,886,1308
2021,8,2,月,ぶどう計,45000,276206,1663
2021,8,2,月,いちご,46100,5440,2027
2021,8,2,月,メロン計,47000,418516,514
2021,8,2,月,すいか,48100,1915581,222
2021,8,2,月,バナナ,50100,487246,163
2021,8,2,月,パイナップル,50300,115826,180
2021,8,2,月,レモン,50400,25809,375
2021,8,2,月,オレンジ,50600,105181,256
2021,8,2,月,輸入おうとう,50700,1356,1169
2021,8,2,月,輸入キウイ,50800,150028,622
2021,8,2,月,輸入メロン,50850,1854,333
2021,8,3,火,みかん,40100,105277,1019
2021,8,3,火,りんご計,42000,291591,412
2021,8,3,火,日本なし計,43000,445866,550
2021,8,3,火,かき計,43500,770,692
2021,8,3,火,もも,44100,554092,743
2021,8,3,火,すもも,44700,72790,681
2021,8,3,火,おうとう,44800,738,796
2021,8,3,火,うめ,44950,5,54
2021,8,3,火,ぶどう計,45000,272578,1648
2021,8,3,火,いちご,46100,4189,1854
2021,8,3,火,メロン計,47000,325148,507
2021,8,3,火,すいか,48100,1422617,222
2021,8,3,火,バナナ,50100,363586,159
2021,8,3,火,パイナップル,50300,82661,186
2021,8,3,火,レモン,50400,26799,364
2021,8,3,火,オレンジ,50600,39722,272
2021,8,3,火,輸入おうとう,50700,702,1281
2021,8,3,火,輸入キウイ,50800,61576,596
2021,8,3,火,輸入メロン,50850,897,458
2021,8,4,水,みかん,40100,14631,1077
2021,8,4,水,りんご計,42000,74533,459
2021,8,4,水,日本なし計,43000,222107,554
2021,8,4,水,かき計,43500,10102,665
2021,8,4,水,もも,44100,229693,700
2021,8,4,水,すもも,44700,33300,688
2021,8,4,水,ぶどう計,45000,87398,1491
2021,8,4,水,いちご,46100,1249,1889
2021,8,4,水,メロン計,47000,112330,480
2021,8,4,水,すいか,48100,519755,241
2021,8,4,水,バナナ,50100,27681,155
2021,8,4,水,パイナップル,50300,6490,199
2021,8,4,水,レモン,50400,4147,353
2021,8,4,水,オレンジ,50600,7925,228
2021,8,4,水,輸入おうとう,50700,111,1294
2021,8,4,水,輸入キウイ,50800,16277,716
2021,8,4,水,輸入メロン,50850,100,356
2021,8,5,木,みかん,40100,206960,991
2021,8,5,木,りんご計,42000,324067,409
2021,8,5,木,日本なし計,43000,530280,563
2021,8,5,木,かき計,43500,1733,808
2021,8,5,木,もも,44100,594688,755
2021,8,5,木,すもも,44700,83495,688
2021,8,5,木,おうとう,44800,431,495
2021,8,5,木,ぶどう計,45000,386535,1590
2021,8,5,木,いちご,46100,4993,1988
2021,8,5,木,メロン計,47000,421753,509
2021,8,5,木,すいか,48100,1612447,225
2021,8,5,木,バナナ,50100,490206,165
2021,8,5,木,パイナップル,50300,105573,196
2021,8,5,木,レモン,50400,34844,364
2021,8,5,木,オレンジ,50600,71595,264
2021,8,5,木,輸入おうとう,50700,612,1263
2021,8,5,木,輸入キウイ,50800,112223,560
2021,8,5,木,輸入メロン,50850,1078,346
2021,8,6,金,みかん,40100,33274,959
2021,8,6,金,りんご計,42000,211667,401
2021,8,6,金,日本なし計,43000,167481,597
2021,8,6,金,かき計,43500,464,1251
2021,8,6,金,もも,44100,243899,760
2021,8,6,金,すもも,44700,18116,694
2021,8,6,金,おうとう,44800,279,2485
2021,8,6,金,ぶどう計,45000,189991,1617
2021,8,6,金,いちご,46100,1723,2045
2021,8,6,金,メロン計,47000,232950,531
2021,8,6,金,すいか,48100,784159,214
2021,8,6,金,バナナ,50100,492222,153
2021,8,6,金,パイナップル,50300,96702,193
2021,8,6,金,レモン,50400,22268,369
2021,8,6,金,オレンジ,50600,64295,256
2021,8,6,金,輸入おうとう,50700,6934,1196
2021,8,6,金,輸入キウイ,50800,83729,600
2021,8,6,金,輸入メロン,50850,294,393
2021,8,7,土,みかん,40100,196198,980
2021,8,7,土,りんご計,42000,276512,411
2021,8,7,土,日本なし計,43000,615197,568
2021,8,7,土,かき計,43500,13497,648
2021,8,7,土,もも,44100,574114,749
2021,8,7,土,すもも,44700,86116,679
2021,8,7,土,おうとう,44800,60,108
2021,8,7,土,うめ,44950,12,1998
2021,8,7,土,ぶどう計,45000,438488,1640
2021,8,7,土,いちご,46100,3558,2015
2021,8,7,土,メロン計,47000,359396,531
2021,8,7,土,すいか,48100,1432161,235
2021,8,7,土,バナナ,50100,555335,154
2021,8,7,土,パイナップル,50300,113255,182
2021,8,7,土,レモン,50400,47170,334
2021,8,7,土,オレンジ,50600,60954,265
2021,8,7,土,輸入おうとう,50700,802,1139
2021,8,7,土,輸入キウイ,50800,106482,593
2021,8,7,土,輸入メロン,50850,1884,366
2021,8,9,月,みかん,40100,49197,972
2021,8,9,月,りんご計,42000,107959,403
2021,8,9,月,日本なし計,43000,176761,579
2021,8,9,月,かき計,43500,746,807
2021,8,9,月,もも,44100,219530,773
2021,8,9,月,すもも,44700,21229,672
2021,8,9,月,ぶどう計,45000,262123,1562
2021,8,9,月,いちご,46100,1913,1967
2021,8,9,月,メロン計,47000,239959,533
2021,8,9,月,すいか,48100,592445,217
2021,8,9,月,バナナ,50100,384336,164
2021,8,9,月,パイナップル,50300,57588,185
2021,8,9,月,レモン,50400,33167,336
2021,8,9,月,オレンジ,50600,59891,264
2021,8,9,月,輸入おうとう,50700,259,774
2021,8,9,月,輸入キウイ,50800,50001,576
2021,8,9,月,輸入メロン,50850,2531,283
2021,8,10,火,みかん,40100,180046,956
2021,8,10,火,りんご計,42000,323678,432
2021,8,10,火,日本なし計,43000,692130,575
2021,8,10,火,かき計,43500,21132,672
2021,8,10,火,もも,44100,636610,743
2021,8,10,火,すもも,44700,80302,681
2021,8,10,火,おうとう,44800,60,5400
2021,8,10,火,うめ,44950,173,243
2021,8,10,火,ぶどう計,45000,572183,1611
2021,8,10,火,いちご,46100,4891,2081
2021,8,10,火,メロン計,47000,493689,530
2021,8,10,火,すいか,48100,1762179,242
2021,8,10,火,バナナ,50100,472533,154
2021,8,10,火,パイナップル,50300,104941,181
2021,8,10,火,レモン,50400,23024,366
2021,8,10,火,オレンジ,50600,51746,270
2021,8,10,火,輸入おうとう,50700,163,1161
2021,8,10,火,輸入キウイ,50800,111020,597
2021,8,10,火,輸入メロン,50850,2345,314
2021,8,11,水,みかん,40100,47691,908
2021,8,11,水,りんご計,42000,173664,397
2021,8,11,水,日本なし計,43000,314711,574
2021,8,11,水,かき計,43500,4923,659
2021,8,11,水,もも,44100,322587,733
2021,8,11,水,すもも,44700,45051,665
2021,8,11,水,おうとう,44800,706,3789
2021,8,11,水,うめ,44950,35,270
2021,8,11,水,ぶどう計,45000,348073,1662
2021,8,11,水,いちご,46100,1698,2157
2021,8,11,水,メロン計,47000,360479,538
2021,8,11,水,すいか,48100,966110,234
2021,8,11,水,バナナ,50100,267856,145
2021,8,11,水,パイナップル,50300,72997,186
2021,8,11,水,レモン,50400,36501,290
2021,8,11,水,オレンジ,50600,35984,262
2021,8,11,水,輸入おうとう,50700,230,1717
2021,8,11,水,輸入キウイ,50800,96630,611
2021,8,11,水,輸入メロン,50850,2046,325
2021,8,12,木,みかん,40100,192863,923
2021,8,12,木,りんご計,42000,215444,406
2021,8,12,木,日本なし計,43000,429786,567
2021,8,12,木,かき計,43500,16043,654
2021,8,12,木,もも,44100,280291,738
2021,8,12,木,すもも,44700,47943,701
2021,8,12,木,ぶどう計,45000,392422,1622
2021,8,12,木,いちご,46100,2294,1977
2021,8,12,木,メロン計,47000,341560,529
2021,8,12,木,すいか,48100,910895,236
2021,8,12,木,バナナ,50100,432757,143
2021,8,12,木,パイナップル,50300,97489,199
2021,8,12,木,レモン,50400,27604,373
2021,8,12,木,オレンジ,50600,64624,264
2021,8,12,木,輸入おうとう,50700,353,1607
2021,8,12,木,輸入キウイ,50800,89877,602
2021,8,12,木,輸入メロン,50850,1492,336
2021,8,13,金,みかん,40100,17321,880
2021,8,13,金,りんご計,42000,196119,411
2021,8,13,金,日本なし計,43000,393308,566
2021,8,13,金,かき計,43500,952,683
2021,8,13,金,もも,44100,302934,725
2021,8,13,金,すもも,44700,51527,684
2021,8,13,金,おうとう,44800,0,…
2021,8,13,金,ぶどう計,45000,377974,1595
2021,8,13,金,いちご,46100,1606,2238
2021,8,13,金,メロン計,47000,231947,499
2021,8,13,金,すいか,48100,696120,230
2021,8,13,金,バナナ,50100,681680,157
2021,8,13,金,パイナップル,50300,139969,192
2021,8,13,金,レモン,50400,53394,378
2021,8,13,金,オレンジ,50600,71347,269
2021,8,13,金,輸入おうとう,50700,2934,928
2021,8,13,金,輸入キウイ,50800,129578,599
2021,8,13,金,輸入メロン,50850,2450,314
2021,8,14,土,みかん,40100,6480,658
2021,8,14,土,りんご計,42000,3580,389
2021,8,14,土,日本なし計,43000,5340,619
2021,8,14,土,ぶどう計,45000,2684,1139
2021,8,14,土,メロン計,47000,440,477
2021,8,14,土,すいか,48100,11223,221
2021,8,14,土,バナナ,50100,7148,221
2021,8,14,土,パイナップル,50300,2550,233
2021,8,14,土,レモン,50400,1059,502
2021,8,14,土,オレンジ,50600,2783,332
2021,8,14,土,輸入キウイ,50800,1434,648
2021,8,16,月,みかん,40100,3678,522
2021,8,16,月,りんご計,42000,17110,571
2021,8,16,月,日本なし計,43000,100,648
2021,8,16,月,もも,44100,195,698
2021,8,16,月,ぶどう計,45000,743,1477
2021,8,16,月,メロン計,47000,1304,622
2021,8,16,月,すいか,48100,19530,201
2021,8,16,月,バナナ,50100,7319,220
2021,8,16,月,パイナップル,50300,8270,249
2021,8,16,月,レモン,50400,687,460
2021,8,16,月,オレンジ,50600,4454,335
2021,8,16,月,輸入キウイ,50800,1911,635
2021,8,17,火,みかん,40100,27426,835
2021,8,17,火,りんご計,42000,210485,370
2021,8,17,火,日本なし計,43000,639899,552
2021,8,17,火,かき計,43500,14343,662
2021,8,17,火,もも,44100,483233,727
2021,8,17,火,すもも,44700,53875,700
2021,8,17,火,おうとう,44800,545,3669
2021,8,17,火,ぶどう計,45000,299540,1502
2021,8,17,火,くり,45700,200,983
2021,8,17,火,いちご,46100,5119,2196
2021,8,17,火,メロン計,47000,196412,504
2021,8,17,火,すいか,48100,680616,229
2021,8,17,火,バナナ,50100,801828,163
2021,8,17,火,パイナップル,50300,139420,196
2021,8,17,火,レモン,50400,42863,308
2021,8,17,火,オレンジ,50600,94550,262
2021,8,17,火,輸入おうとう,50700,153,1200
2021,8,17,火,輸入キウイ,50800,146303,614
2021,8,17,火,輸入メロン,50850,3378,357
2021,8,18,水,みかん,40100,240,419
2021,8,18,水,りんご計,42000,630,435
2021,8,18,水,日本なし計,43000,7240,508
2021,8,18,水,もも,44100,1365,756
2021,8,18,水,すもも,44700,252,734
2021,8,18,水,ぶどう計,45000,6339,752
2021,8,18,水,メロン計,47000,770,376
2021,8,18,水,すいか,48100,29726,221
2021,8,18,水,バナナ,50100,26237,197
2021,8,18,水,パイナップル,50300,29560,226
2021,8,18,水,レモン,50400,883,432
2021,8,18,水,オレンジ,50600,5843,318
2021,8,18,水,輸入キウイ,50800,4119,618
2021,8,18,水,輸入メロン,50850,160,400
2021,8,19,木,みかん,40100,76117,832
2021,8,19,木,りんご計,42000,282829,383
2021,8,19,木,日本なし計,43000,831826,536
2021,8,19,木,かき計,43500,13896,659
2021,8,19,木,もも,44100,362905,703
2021,8,19,木,すもも,44700,55469,691
2021,8,19,木,おうとう,44800,46,7231
2021,8,19,木,ぶどう計,45000,351021,1443
2021,8,19,木,くり,45700,1031,908
2021,8,19,木,いちご,46100,2294,2152
2021,8,19,木,メロン計,47000,203250,498
2021,8,19,木,すいか,48100,661019,227
2021,8,19,木,バナナ,50100,512361,157
2021,8,19,木,パイナップル,50300,116415,186
2021,8,19,木,レモン,50400,23935,354
2021,8,19,木,オレンジ,50600,55509,267
2021,8,19,木,輸入おうとう,50700,70,918
2021,8,19,木,輸入キウイ,50800,113947,582
2021,8,19,木,輸入メロン,50850,3292,287
2021,8,20,金,みかん,40100,17643,779
2021,8,20,金,りんご計,42000,201874,378
2021,8,20,金,日本なし計,43000,529206,536
2021,8,20,金,かき計,43500,1473,807
2021,8,20,金,もも,44100,158461,694
2021,8,20,金,すもも,44700,38236,718
2021,8,20,金,おうとう,44800,170,4431
2021,8,20,金,うめ,44950,135762,316
2021,8,20,金,ぶどう計,45000,276304,1439
2021,8,20,金,くり,45700,2238,877
2021,8,20,金,いちご,46100,1499,2195
2021,8,20,金,メロン計,47000,189098,477
2021,8,20,金,すいか,48100,483334,219
2021,8,20,金,バナナ,50100,600392,147
2021,8,20,金,パイナップル,50300,110802,202
2021,8,20,金,レモン,50400,23103,340
2021,8,20,金,オレンジ,50600,66867,267
2021,8,20,金,輸入おうとう,50700,3029,1380
2021,8,20,金,輸入キウイ,50800,139200,592
2021,8,20,金,輸入メロン,50850,3738,347
2021,8,21,土,みかん,40100,70572,824
2021,8,21,土,りんご計,42000,270895,361
2021,8,21,土,日本なし計,43000,690085,519
2021,8,21,土,かき計,43500,17111,652
2021,8,21,土,もも,44100,221525,733
2021,8,21,土,すもも,44700,42633,691
2021,8,21,土,ぶどう計,45000,357366,1382
2021,8,21,土,くり,45700,10648,874
2021,8,21,土,いちご,46100,1335,2178
2021,8,21,土,メロン計,47000,182030,465
2021,8,21,土,すいか,48100,580539,206
2021,8,21,土,バナナ,50100,578383,154
2021,8,21,土,パイナップル,50300,101367,187
2021,8,21,土,レモン,50400,50584,296
2021,8,21,土,オレンジ,50600,63738,261
2021,8,21,土,輸入おうとう,50700,239,1132
2021,8,21,土,輸入キウイ,50800,88384,593
2021,8,21,土,輸入メロン,50850,3395,332
2021,8,23,月,みかん,40100,68315,825
2021,8,23,月,りんご計,42000,351640,362
2021,8,23,月,日本なし計,43000,1139894,516
2021,8,23,月,かき計,43500,15307,657
2021,8,23,月,もも,44100,211062,724
2021,8,23,月,すもも,44700,49385,673
2021,8,23,月,ぶどう計,45000,399850,1340
2021,8,23,月,くり,45700,28190,859
2021,8,23,月,いちご,46100,2180,2306
2021,8,23,月,メロン計,47000,205542,465
2021,8,23,月,すいか,48100,418939,211
2021,8,23,月,バナナ,50100,485572,159
2021,8,23,月,パイナップル,50300,68555,195
2021,8,23,月,レモン,50400,41777,349
2021,8,23,月,オレンジ,50600,42099,261
2021,8,23,月,輸入キウイ,50800,100427,602
2021,8,23,月,輸入メロン,50850,1214,314
2021,8,24,火,みかん,40100,59044,802
2021,8,24,火,りんご計,42000,336460,367
2021,8,24,火,日本なし計,43000,841823,505
2021,8,24,火,かき計,43500,1417,874
2021,8,24,火,もも,44100,191644,759
2021,8,24,火,すもも,44700,44501,684
2021,8,24,火,おうとう,44800,23,676
2021,8,24,火,ぶどう計,45000,364630,1345
2021,8,24,火,くり,45700,19731,777
2021,8,24,火,いちご,46100,1346,2258
2021,8,24,火,メロン計,47000,225267,436
2021,8,24,火,すいか,48100,374824,200
2021,8,24,火,バナナ,50100,401835,149
2021,8,24,火,パイナップル,50300,77894,181
2021,8,24,火,レモン,50400,29539,322
2021,8,24,火,オレンジ,50600,50710,256
2021,8,24,火,輸入おうとう,50700,8,1350
2021,8,24,火,輸入キウイ,50800,109965,570
2021,8,24,火,輸入メロン,50850,3695,277
2021,8,26,木,みかん,40100,106664,783
2021,8,26,木,りんご計,42000,559078,343
2021,8,26,木,日本なし計,43000,1146944,475
2021,8,26,木,かき計,43500,16162,664
2021,8,26,木,もも,44100,250022,729
2021,8,26,木,すもも,44700,44836,682
2021,8,26,木,ぶどう計,45000,398648,1355
2021,8,26,木,くり,45700,50999,784
2021,8,26,木,いちご,46100,2271,2274
2021,8,26,木,メロン計,47000,246678,431
2021,8,26,木,すいか,48100,397356,199
2021,8,26,木,バナナ,50100,579987,157
2021,8,26,木,パイナップル,50300,86745,197
2021,8,26,木,レモン,50400,30863,297
2021,8,26,木,オレンジ,50600,40781,273
2021,8,26,木,輸入キウイ,50800,78925,614
2021,8,26,木,輸入メロン,50850,3666,320
2021,8,27,金,みかん,40100,27414,812
2021,8,27,金,りんご計,42000,398572,325
2021,8,27,金,日本なし計,43000,646588,482
2021,8,27,金,かき計,43500,1197,945
2021,8,27,金,もも,44100,151410,726
2021,8,27,金,すもも,44700,30656,684
2021,8,27,金,うめ,44950,5407,356
2021,8,27,金,ぶどう計,45000,334038,1365
2021,8,27,金,くり,45700,26061,743
2021,8,27,金,いちご,46100,1326,2371
2021,8,27,金,メロン計,47000,235446,410
2021,8,27,金,すいか,48100,317582,192
2021,8,27,金,バナナ,50100,625452,138
2021,8,27,金,パイナップル,50300,86660,198
2021,8,27,金,レモン,50400,23327,294
2021,8,27,金,オレンジ,50600,40835,252
2021,8,27,金,輸入おうとう,50700,3200,985
2021,8,27,金,輸入キウイ,50800,91117,569
2021,8,27,金,輸入メロン,50850,2138,244
2021,8,28,土,みかん,40100,92102,744
2021,8,28,土,りんご計,42000,454087,305
2021,8,28,土,日本なし計,43000,734900,463
2021,8,28,土,かき計,43500,19086,642
2021,8,28,土,もも,44100,201980,728
2021,8,28,土,すもも,44700,34558,693
2021,8,28,土,ぶどう計,45000,360321,1370
2021,8,28,土,くり,45700,29573,740
2021,8,28,土,いちご,46100,1679,2355
2021,8,28,土,メロン計,47000,223013,404
2021,8,28,土,すいか,48100,348682,197
2021,8,28,土,バナナ,50100,584132,146
2021,8,28,土,パイナップル,50300,93214,183
2021,8,28,土,レモン,50400,28359,308
2021,8,28,土,オレンジ,50600,54154,266
2021,8,28,土,輸入キウイ,50800,99314,592
2021,8,28,土,輸入メロン,50850,1946,286
2021,8,30,月,みかん,40100,74556,699
2021,8,30,月,りんご計,42000,590376,306
2021,8,30,月,日本なし計,43000,885446,446
2021,8,30,月,かき計,43500,17413,625
2021,8,30,月,もも,44100,208949,696
2021,8,30,月,すもも,44700,38620,688
2021,8,30,月,ぶどう計,45000,409734,1381
2021,8,30,月,くり,45700,36629,752
2021,8,30,月,いちご,46100,2544,2522
2021,8,30,月,メロン計,47000,211558,398
2021,8,30,月,すいか,48100,163394,225
2021,8,30,月,キウイフルツ,49300,8,369
2021,8,30,月,バナナ,50100,546426,164
2021,8,30,月,パイナップル,50300,93062,180
2021,8,30,月,レモン,50400,16498,334
2021,8,30,月,オレンジ,50600,62163,261
2021,8,30,月,輸入キウイ,50800,128695,589
2021,8,30,月,輸入メロン,50850,2488,240
2021,8,31,火,みかん,40100,45674,801
2021,8,31,火,りんご計,42000,365539,317
2021,8,31,火,日本なし計,43000,575238,449
2021,8,31,火,かき計,43500,1312,955
2021,8,31,火,もも,44100,198609,709
2021,8,31,火,すもも,44700,29370,678
2021,8,31,火,ぶどう計,45000,376109,1413
2021,8,31,火,くり,45700,28357,690
2021,8,31,火,いちご,46100,1838,2589
2021,8,31,火,メロン計,47000,214634,372
2021,8,31,火,すいか,48100,315157,217
2021,8,31,火,バナナ,50100,504157,163
2021,8,31,火,パイナップル,50300,90862,196
2021,8,31,火,レモン,50400,30838,309
2021,8,31,火,オレンジ,50600,56409,267
2021,8,31,火,輸入キウイ,50800,159169,526
2021,8,31,火,輸入メロン,50850,5335,290
2021,9,2,木,みかん,40100,243715,519
2021,9,2,木,りんご計,42000,547663,312
2021,9,2,木,日本なし計,43000,919772,446
2021,9,2,木,かき計,43500,68227,512
2021,9,2,木,もも,44100,227501,712
2021,9,2,木,すもも,44700,34201,704
2021,9,2,木,ぶどう計,45000,426713,1428
2021,9,2,木,くり,45700,41111,692
2021,9,2,木,いちご,46100,3079,2455
2021,9,2,木,メロン計,47000,195737,414
2021,9,2,木,すいか,48100,203168,218
2021,9,2,木,バナナ,50100,448670,156
2021,9,2,木,パイナップル,50300,97300,170
2021,9,2,木,レモン,50400,29613,290
2021,9,2,木,オレンジ,50600,45389,267
2021,9,2,木,輸入キウイ,50800,102797,587
2021,9,2,木,輸入メロン,50850,1545,294
2021,9,3,金,みかん,40100,75459,372
2021,9,3,金,りんご計,42000,411989,316
2021,9,3,金,日本なし計,43000,519953,433
2021,9,3,金,かき計,43500,30487,449
2021,9,3,金,もも,44100,128373,722
2021,9,3,金,すもも,44700,23870,708
2021,9,3,金,ぶどう計,45000,376355,1445
2021,9,3,金,くり,45700,22691,720
2021,9,3,金,いちご,46100,1730,2462
2021,9,3,金,メロン計,47000,171125,404
2021,9,3,金,すいか,48100,206469,225
2021,9,3,金,バナナ,50100,484214,145
2021,9,3,金,パイナップル,50300,82240,187
2021,9,3,金,レモン,50400,24623,266
2021,9,3,金,オレンジ,50600,50327,254
2021,9,3,金,輸入キウイ,50800,39538,605
2021,9,3,金,輸入メロン,50850,5823,285
2021,9,4,土,みかん,40100,131057,530
2021,9,4,土,りんご計,42000,476447,307
2021,9,4,土,日本なし計,43000,601306,447
2021,9,4,土,かき計,43500,98234,464
2021,9,4,土,もも,44100,148741,701
2021,9,4,土,すもも,44700,27972,679
2021,9,4,土,ぶどう計,45000,351081,1447
2021,9,4,土,くり,45700,32659,717
2021,9,4,土,いちご,46100,1885,2561
2021,9,4,土,メロン計,47000,187388,394
2021,9,4,土,すいか,48100,115554,250
2021,9,4,土,バナナ,50100,513533,150
2021,9,4,土,パイナップル,50300,105898,174
2021,9,4,土,レモン,50400,43052,269
2021,9,4,土,オレンジ,50600,50422,262
2021,9,4,土,輸入キウイ,50800,155927,572
2021,9,4,土,輸入メロン,50850,2226,187
2021,9,6,月,みかん,40100,209937,396
2021,9,6,月,りんご計,42000,575472,305
2021,9,6,月,日本なし計,43000,870518,412
2021,9,6,月,かき計,43500,107353,448
2021,9,6,月,もも,44100,152160,710
2021,9,6,月,すもも,44700,32030,703
2021,9,6,月,ぶどう計,45000,459950,1415
2021,9,6,月,くり,45700,50274,696
2021,9,6,月,いちご,46100,2310,2609
2021,9,6,月,メロン計,47000,147400,426
2021,9,6,月,すいか,48100,140435,256
2021,9,6,月,バナナ,50100,584343,159
2021,9,6,月,パイナップル,50300,76535,182
2021,9,6,月,レモン,50400,23864,278
2021,9,6,月,オレンジ,50600,38309,266
2021,9,6,月,輸入キウイ,50800,71944,590
2021,9,6,月,輸入メロン,50850,3464,259
2021,9,7,火,みかん,40100,150732,401
2021,9,7,火,りんご計,42000,499645,296
2021,9,7,火,日本なし計,43000,678246,419
2021,9,7,火,かき計,43500,51037,421
2021,9,7,火,もも,44100,127027,729
2021,9,7,火,すもも,44700,33245,705
2021,9,7,火,ぶどう計,45000,453335,1450
2021,9,7,火,くり,45700,36067,717
2021,9,7,火,いちご,46100,1902,2523
2021,9,7,火,メロン計,47000,127220,438
2021,9,7,火,すいか,48100,114855,235
2021,9,7,火,バナナ,50100,340331,159
2021,9,7,火,パイナップル,50300,99907,158
2021,9,7,火,レモン,50400,22887,297
2021,9,7,火,オレンジ,50600,47811,272
2021,9,7,火,輸入キウイ,50800,71168,607
2021,9,7,火,輸入メロン,50850,3306,258
2021,9,9,木,みかん,40100,354169,360
2021,9,9,木,りんご計,42000,638499,315
2021,9,9,木,日本なし計,43000,1035266,389
2021,9,9,木,かき計,43500,249482,433
2021,9,9,木,もも,44100,139420,692
2021,9,9,木,すもも,44700,38280,703
2021,9,9,木,ぶどう計,45000,504067,1439
2021,9,9,木,くり,45700,51376,729
2021,9,9,木,いちご,46100,2906,2468
2021,9,9,木,メロン計,47000,117697,493
2021,9,9,木,すいか,48100,159458,258
2021,9,9,木,バナナ,50100,481974,165
2021,9,9,木,パイナップル,50300,106210,194
2021,9,9,木,レモン,50400,21398,305
2021,9,9,木,オレンジ,50600,49548,261
2021,9,9,木,輸入キウイ,50800,127837,590
2021,9,9,木,輸入メロン,50850,2691,287
2021,9,10,金,みかん,40100,213959,317
2021,9,10,金,りんご計,42000,538253,314
2021,9,10,金,日本なし計,43000,652235,401
2021,9,10,金,かき計,43500,244382,408
2021,9,10,金,もも,44100,76216,692
2021,9,10,金,すもも,44700,32484,735
2021,9,10,金,ぶどう計,45000,433243,1465
2021,9,10,金,くり,45700,34938,715
2021,9,10,金,いちご,46100,1422,2634
2021,9,10,金,メロン計,47000,104876,488
2021,9,10,金,すいか,48100,102534,238
2021,9,10,金,バナナ,50100,586835,140
2021,9,10,金,パイナップル,50300,101879,182
2021,9,10,金,レモン,50400,41282,228
2021,9,10,金,オレンジ,50600,44293,259
2021,9,10,金,輸入キウイ,50800,74401,606
2021,9,10,金,輸入メロン,50850,3285,280
2021,9,11,土,みかん,40100,268149,327
2021,9,11,土,りんご計,42000,593608,311
2021,9,11,土,日本なし計,43000,781215,381
2021,9,11,土,かき計,43500,310569,406
2021,9,11,土,もも,44100,101588,694
2021,9,11,土,すもも,44700,30844,706
2021,9,11,土,ぶどう計,45000,411553,1459
2021,9,11,土,くり,45700,46840,718
2021,9,11,土,いちご,46100,1650,2524
2021,9,11,土,メロン計,47000,106926,507
2021,9,11,土,すいか,48100,129234,268
2021,9,11,土,バナナ,50100,527163,161
2021,9,11,土,パイナップル,50300,111571,174
2021,9,11,土,レモン,50400,27569,253
2021,9,11,土,オレンジ,50600,63952,255
2021,9,11,土,輸入キウイ,50800,110064,561
2021,9,11,土,輸入メロン,50850,4719,235
2021,9,13,月,みかん,40100,454684,316
2021,9,13,月,りんご計,42000,727445,312
2021,9,13,月,日本なし計,43000,957402,380
2021,9,13,月,かき計,43500,342954,379
2021,9,13,月,もも,44100,107715,710
2021,9,13,月,すもも,44700,35256,698
2021,9,13,月,ぶどう計,45000,529774,1458
2021,9,13,月,くり,45700,58598,706
2021,9,13,月,いちご,46100,2588,2612
2021,9,13,月,メロン計,47000,109203,540
2021,9,13,月,すいか,48100,91328,236
2021,9,13,月,バナナ,50100,604581,163
2021,9,13,月,パイナップル,50300,64246,193
2021,9,13,月,レモン,50400,20153,296
2021,9,13,月,オレンジ,50600,56525,258
2021,9,13,月,輸入キウイ,50800,87702,564
2021,9,13,月,輸入メロン,50850,3118,233
2021,9,14,火,みかん,40100,290368,306
2021,9,14,火,りんご計,42000,554527,314
2021,9,14,火,日本なし計,43000,682990,383
2021,9,14,火,かき計,43500,293834,398
2021,9,14,火,もも,44100,74664,700
2021,9,14,火,すもも,44700,31688,718
2021,9,14,火,ぶどう計,45000,489074,1480
2021,9,14,火,くり,45700,63144,678
2021,9,14,火,いちご,46100,2243,2531
2021,9,14,火,メロン計,47000,102005,546
2021,9,14,火,すいか,48100,69994,252
2021,9,14,火,キウイフルツ,49300,390,553
2021,9,14,火,バナナ,50100,427239,141
2021,9,14,火,パイナップル,50300,83349,178
2021,9,14,火,レモン,50400,24758,278
2021,9,14,火,オレンジ,50600,46736,263
2021,9,14,火,輸入キウイ,50800,79380,574
2021,9,14,火,輸入メロン,50850,6819,253
2021,9,16,木,みかん,40100,701282,307
2021,9,16,木,りんご計,42000,757025,312
2021,9,16,木,日本なし計,43000,1000851,389
2021,9,16,木,かき計,43500,461043,387
2021,9,16,木,もも,44100,92626,708
2021,9,16,木,すもも,44700,31290,710
2021,9,16,木,ぶどう計,45000,538856,1486
2021,9,16,木,くり,45700,81238,743
2021,9,16,木,いちご,46100,3172,2606
2021,9,16,木,メロン計,47000,103762,603
2021,9,16,木,すいか,48100,45343,256
2021,9,16,木,キウイフルツ,49300,315,626
2021,9,16,木,バナナ,50100,530347,171
2021,9,16,木,パイナップル,50300,94124,195
2021,9,16,木,レモン,50400,22642,275
2021,9,16,木,オレンジ,50600,61932,256
2021,9,16,木,輸入キウイ,50800,103877,579
2021,9,16,木,輸入メロン,50850,4914,259
2021,9,17,金,みかん,40100,484967,298
2021,9,17,金,りんご計,42000,610778,306
2021,9,17,金,日本なし計,43000,552722,396
2021,9,17,金,かき計,43500,233956,400
2021,9,17,金,もも,44100,51962,700
2021,9,17,金,すもも,44700,24539,711
2021,9,17,金,ぶどう計,45000,449397,1497
2021,9,17,金,くり,45700,58134,761
2021,9,17,金,いちご,46100,1604,2672
2021,9,17,金,メロン計,47000,91981,599
2021,9,17,金,すいか,48100,18022,280
2021,9,17,金,キウイフルツ,49300,918,361
2021,9,17,金,バナナ,50100,513090,157
2021,9,17,金,パイナップル,50300,94048,177
2021,9,17,金,レモン,50400,31544,265
2021,9,17,金,オレンジ,50600,48516,250
2021,9,17,金,輸入キウイ,50800,107008,573
2021,9,17,金,輸入メロン,50850,3697,248
2021,9,18,土,みかん,40100,470743,281
2021,9,18,土,りんご計,42000,726368,314
2021,9,18,土,日本なし計,43000,681094,387
2021,9,18,土,かき計,43500,280566,391
2021,9,18,土,もも,44100,61593,705
2021,9,18,土,すもも,44700,25006,720
2021,9,18,土,ぶどう計,45000,494469,1506
2021,9,18,土,くり,45700,73220,732
2021,9,18,土,いちご,46100,2382,2568
2021,9,18,土,メロン計,47000,110728,599
2021,9,18,土,すいか,48100,50468,281
2021,9,18,土,キウイフルツ,49300,539,417
2021,9,18,土,バナナ,50100,511139,167
2021,9,18,土,パイナップル,50300,122995,171
2021,9,18,土,レモン,50400,43180,247
2021,9,18,土,オレンジ,50600,63394,261
2021,9,18,土,輸入キウイ,50800,120508,588
2021,9,18,土,輸入メロン,50850,6035,268
2021,9,20,月,みかん,40100,2550,217
2021,9,20,月,りんご計,42000,2840,343
2021,9,20,月,日本なし計,43000,910,430
2021,9,20,月,ぶどう計,45000,344,1637
2021,9,20,月,メロン計,47000,253,573
2021,9,20,月,すいか,48100,1373,202
2021,9,20,月,バナナ,50100,7949,214
2021,9,20,月,パイナップル,50300,1260,221
2021,9,20,月,レモン,50400,763,307
2021,9,20,月,オレンジ,50600,1208,326
2021,9,20,月,輸入キウイ,50800,785,638
2021,9,20,月,輸入メロン,50850,170,334
2021,9,21,火,みかん,40100,705534,266
2021,9,21,火,りんご計,42000,733517,319
2021,9,21,火,日本なし計,43000,813554,390
2021,9,21,火,かき計,43500,663365,381
2021,9,21,火,もも,44100,54667,697
2021,9,21,火,すもも,44700,25466,688
2021,9,21,火,ぶどう計,45000,555111,1477
2021,9,21,火,くり,45700,118152,798
2021,9,21,火,いちご,46100,5067,2626
2021,9,21,火,メロン計,47000,95837,611
2021,9,21,火,すいか,48100,33910,287
2021,9,21,火,キウイフルツ,49300,244,433
2021,9,21,火,バナナ,50100,827431,167
2021,9,21,火,パイナップル,50300,101216,183
2021,9,21,火,レモン,50400,29943,281
2021,9,21,火,オレンジ,50600,62062,255
2021,9,21,火,輸入おうとう,50700,451,659
2021,9,21,火,輸入キウイ,50800,127851,535
2021,9,21,火,輸入メロン,50850,2309,258
2021,9,22,水,みかん,40100,609359,280
2021,9,22,水,りんご計,42000,622454,326
2021,9,22,水,日本なし計,43000,474069,401
2021,9,22,水,かき計,43500,445125,377
2021,9,22,水,もも,44100,38565,681
2021,9,22,水,すもも,44700,15756,679
2021,9,22,水,ぶどう計,45000,444977,1532
2021,9,22,水,くり,45700,76553,797
2021,9,22,水,いちご,46100,2477,2675
2021,9,22,水,メロン計,47000,86987,592
2021,9,22,水,すいか,48100,32924,263
2021,9,22,水,キウイフルツ,49300,187,240
2021,9,22,水,バナナ,50100,316694,156
2021,9,22,水,パイナップル,50300,85119,179
2021,9,22,水,レモン,50400,27562,296
2021,9,22,水,オレンジ,50600,45729,247
2021,9,22,水,輸入キウイ,50800,77514,586
2021,9,22,水,輸入メロン,50850,2693,287
2021,9,24,金,みかん,40100,879543,257
2021,9,24,金,りんご計,42000,801803,319
2021,9,24,金,日本なし計,43000,590447,417
2021,9,24,金,かき計,43500,824639,367
2021,9,24,金,もも,44100,31188,699
2021,9,24,金,すもも,44700,18364,644
2021,9,24,金,ぶどう計,45000,470687,1548
2021,9,24,金,くり,45700,88214,791
2021,9,24,金,いちご,46100,4532,2637
2021,9,24,金,メロン計,47000,115330,568
2021,9,24,金,すいか,48100,48136,252
2021,9,24,金,キウイフルツ,49300,2330,301
2021,9,24,金,バナナ,50100,679353,163
2021,9,24,金,パイナップル,50300,118524,185
2021,9,24,金,レモン,50400,28147,270
2021,9,24,金,オレンジ,50600,55860,255
2021,9,24,金,輸入キウイ,50800,108867,545
2021,9,24,金,輸入メロン,50850,3647,251
2021,9,25,土,みかん,40100,496597,263
2021,9,25,土,りんご計,42000,632046,326
2021,9,25,土,日本なし計,43000,408631,409
2021,9,25,土,かき計,43500,629703,367
2021,9,25,土,もも,44100,24529,681
2021,9,25,土,すもも,44700,15166,692
2021,9,25,土,ぶどう計,45000,418737,1580
2021,9,25,土,くり,45700,72202,768
2021,9,25,土,いちご,46100,2871,2683
2021,9,25,土,メロン計,47000,100746,574
2021,9,25,土,すいか,48100,23934,274
2021,9,25,土,キウイフルツ,49300,1302,588
2021,9,25,土,バナナ,50100,641714,167
2021,9,25,土,パイナップル,50300,102953,186
2021,9,25,土,レモン,50400,33020,264
2021,9,25,土,オレンジ,50600,65922,257
2021,9,25,土,輸入キウイ,50800,140836,552
2021,9,25,土,輸入メロン,50850,3801,273
2021,9,27,月,みかん,40100,682836,254
2021,9,27,月,りんご計,42000,671154,335
2021,9,27,月,日本なし計,43000,389763,435
2021,9,27,月,かき計,43500,745705,344
2021,9,27,月,もも,44100,18527,705
2021,9,27,月,すもも,44700,14100,683
2021,9,27,月,ぶどう計,45000,436934,1584
2021,9,27,月,くり,45700,77748,772
2021,9,27,月,いちご,46100,4105,2742
2021,9,27,月,メロン計,47000,106856,583
2021,9,27,月,すいか,48100,22714,287
2021,9,27,月,キウイフルツ,49300,1302,652
2021,9,27,月,バナナ,50100,571211,167
2021,9,27,月,パイナップル,50300,74574,180
2021,9,27,月,レモン,50400,34695,253
2021,9,27,月,オレンジ,50600,52806,246
2021,9,27,月,輸入キウイ,50800,103285,582
2021,9,27,月,輸入メロン,50850,11543,182
2021,9,28,火,みかん,40100,718562,257
2021,9,28,火,りんご計,42000,549124,329
2021,9,28,火,日本なし計,43000,325392,416
2021,9,28,火,かき計,43500,648204,335
2021,9,28,火,もも,44100,9343,668
2021,9,28,火,すもも,44700,10097,728
2021,9,28,火,ぶどう計,45000,368751,1615
2021,9,28,火,くり,45700,64297,792
2021,9,28,火,いちご,46100,3248,2686
2021,9,28,火,メロン計,47000,117897,579
2021,9,28,火,すいか,48100,33446,279
2021,9,28,火,キウイフルツ,49300,1856,519
2021,9,28,火,バナナ,50100,429172,165
2021,9,28,火,パイナップル,50300,80305,179
2021,9,28,火,レモン,50400,31090,248
2021,9,28,火,オレンジ,50600,62113,241
2021,9,28,火,輸入キウイ,50800,97026,588
2021,9,28,火,輸入メロン,50850,3619,230
2021,9,30,木,みかん,40100,795563,229
2021,9,30,木,りんご計,42000,765062,349
2021,9,30,木,日本なし計,43000,333634,437
2021,9,30,木,かき計,43500,1079662,326
2021,9,30,木,もも,44100,14744,665
2021,9,30,木,すもも,44700,12568,747
2021,9,30,木,ぶどう計,45000,436802,1613
2021,9,30,木,くり,45700,58976,795
2021,9,30,木,いちご,46100,4581,2738
2021,9,30,木,メロン計,47000,98881,581
2021,9,30,木,すいか,48100,39035,251
2021,9,30,木,キウイフルツ,49300,1146,448
2021,9,30,木,バナナ,50100,905376,167
2021,9,30,木,パイナップル,50300,104314,203
2021,9,30,木,レモン,50400,49490,244
2021,9,30,木,オレンジ,50600,60460,264
2021,9,30,木,輸入キウイ,50800,224600,511
2021,9,30,木,輸入メロン,50850,5263,248
2021,10,1,金,みかん,40100,960618,233
2021,10,1,金,りんご計,42000,654372,341
2021,10,1,金,日本なし計,43000,286133,431
2021,10,1,金,かき計,43500,733457,314
2021,10,1,金,もも,44100,7247,647
2021,10,1,金,すもも,44700,12070,680
2021,10,1,金,ぶどう計,45000,353216,1612
2021,10,1,金,くり,45700,37820,766
2021,10,1,金,いちご,46100,2658,2780
2021,10,1,金,メロン計,47000,110017,555
2021,10,1,金,すいか,48100,19013,265
2021,10,1,金,キウイフルツ,49300,3541,796
2021,10,1,金,バナナ,50100,418746,154
2021,10,1,金,パイナップル,50300,57005,193
2021,10,1,金,レモン,50400,16805,288
2021,10,1,金,オレンジ,50600,24930,259
2021,10,1,金,輸入キウイ,50800,60428,546
2021,10,1,金,輸入メロン,50850,2482,271
2021,10,2,土,みかん,40100,802393,221
2021,10,2,土,りんご計,42000,684681,344
2021,10,2,土,日本なし計,43000,270433,442
2021,10,2,土,かき計,43500,842400,313
2021,10,2,土,もも,44100,3194,726
2021,10,2,土,すもも,44700,8237,702
2021,10,2,土,ぶどう計,45000,357240,1616
2021,10,2,土,くり,45700,38258,899
2021,10,2,土,いちご,46100,3833,2544
2021,10,2,土,メロン計,47000,90150,564
2021,10,2,土,すいか,48100,16615,260
2021,10,2,土,キウイフルツ,49300,5242,1037
2021,10,2,土,バナナ,50100,404290,168
2021,10,2,土,パイナップル,50300,59902,193
2021,10,2,土,レモン,50400,36748,244
2021,10,2,土,オレンジ,50600,51104,242
2021,10,2,土,輸入キウイ,50800,67280,554
2021,10,2,土,輸入メロン,50850,2879,311
2021,10,4,月,みかん,40100,1094438,213
2021,10,4,月,りんご計,42000,695643,344
2021,10,4,月,日本なし計,43000,161131,421
2021,10,4,月,かき計,43500,1191974,291
2021,10,4,月,もも,44100,1336,729
2021,10,4,月,すもも,44700,8443,715
2021,10,4,月,ぶどう計,45000,357190,1587
2021,10,4,月,くり,45700,47168,819
2021,10,4,月,いちご,46100,4667,2545
2021,10,4,月,メロン計,47000,97210,587
2021,10,4,月,すいか,48100,21295,215
2021,10,4,月,キウイフルツ,49300,4941,1051
2021,10,4,月,バナナ,50100,563331,156
2021,10,4,月,パイナップル,50300,63293,185
2021,10,4,月,レモン,50400,36662,243
2021,10,4,月,オレンジ,50600,36094,252
2021,10,4,月,輸入キウイ,50800,64965,572
2021,10,4,月,輸入メロン,50850,1595,256
2021,10,5,火,みかん,40100,750872,207
2021,10,5,火,りんご計,42000,650923,360
2021,10,5,火,日本なし計,43000,287282,449
2021,10,5,火,かき計,43500,749033,286
2021,10,5,火,もも,44100,2158,682
2021,10,5,火,すもも,44700,8995,701
2021,10,5,火,ぶどう計,45000,320938,1630
2021,10,5,火,くり,45700,39405,788
2021,10,5,火,いちご,46100,3786,2521
2021,10,5,火,メロン計,47000,90896,570
2021,10,5,火,すいか,48100,20817,251
2021,10,5,火,キウイフルツ,49300,3044,960
2021,10,5,火,バナナ,50100,370945,167
2021,10,5,火,パイナップル,50300,60304,186
2021,10,5,火,レモン,50400,61320,210
2021,10,5,火,オレンジ,50600,37896,249
2021,10,5,火,輸入キウイ,50800,58600,582
2021,10,5,火,輸入メロン,50850,1339,306
2021,10,7,木,みかん,40100,1359999,217
2021,10,7,木,りんご計,42000,1032941,354
2021,10,7,木,日本なし計,43000,285781,455
2021,10,7,木,かき計,43500,1368274,282
2021,10,7,木,もも,44100,424,584
2021,10,7,木,すもも,44700,6654,717
2021,10,7,木,ぶどう計,45000,357300,1594
2021,10,7,木,くり,45700,48056,776
2021,10,7,木,いちご,46100,5602,2491
2021,10,7,木,メロン計,47000,90776,571
2021,10,7,木,すいか,48100,25277,256
2021,10,7,木,キウイフルツ,49300,5290,981
2021,10,7,木,バナナ,50100,485211,169
2021,10,7,木,パイナップル,50300,84622,198
2021,10,7,木,レモン,50400,34645,259
2021,10,7,木,オレンジ,50600,40435,255
2021,10,7,木,輸入キウイ,50800,65276,571
2021,10,7,木,輸入メロン,50850,4436,299
2021,10,8,金,みかん,40100,1079633,212
2021,10,8,金,りんご計,42000,723792,350
2021,10,8,金,日本なし計,43000,150180,429
2021,10,8,金,かき計,43500,823768,279
2021,10,8,金,もも,44100,712,666
2021,10,8,金,すもも,44700,5455,720
2021,10,8,金,ぶどう計,45000,278135,1625
2021,10,8,金,くり,45700,34495,632
2021,10,8,金,いちご,46100,2980,2165
2021,10,8,金,メロン計,47000,85164,566
2021,10,8,金,すいか,48100,24441,239
2021,10,8,金,キウイフルツ,49300,5027,741
2021,10,8,金,バナナ,50100,478221,161
2021,10,8,金,パイナップル,50300,78601,194
2021,10,8,金,レモン,50400,18379,293
2021,10,8,金,オレンジ,50600,34212,247
2021,10,8,金,輸入キウイ,50800,54064,575
2021,10,8,金,輸入メロン,50850,2104,334
2021,10,9,土,みかん,40100,1044513,215
2021,10,9,土,りんご計,42000,819405,356
2021,10,9,土,日本なし計,43000,203970,453
2021,10,9,土,かき計,43500,851484,280
2021,10,9,土,もも,44100,432,508
2021,10,9,土,すもも,44700,5138,706
2021,10,9,土,ぶどう計,45000,293745,1611
2021,10,9,土,くり,45700,29056,767
2021,10,9,土,いちご,46100,3349,2347
2021,10,9,土,メロン計,47000,103401,552
2021,10,9,土,すいか,48100,15628,270
2021,10,9,土,キウイフルツ,49300,5328,973
2021,10,9,土,バナナ,50100,538913,168
2021,10,9,土,パイナップル,50300,72809,197
2021,10,9,土,レモン,50400,53704,211
2021,10,9,土,オレンジ,50600,46706,256
2021,10,9,土,輸入キウイ,50800,114043,579
2021,10,9,土,輸入メロン,50850,1443,352
2021,10,11,月,みかん,40100,1514369,205
2021,10,11,月,りんご計,42000,853655,347
2021,10,11,月,日本なし計,43000,127438,420
2021,10,11,月,かき計,43500,1064005,283
2021,10,11,月,すもも,44700,4600,710
2021,10,11,月,ぶどう計,45000,287347,1594
2021,10,11,月,くり,45700,23365,721
2021,10,11,月,いちご,46100,4053,2469
2021,10,11,月,メロン計,47000,97091,568
2021,10,11,月,すいか,48100,26927,280
2021,10,11,月,キウイフルツ,49300,5175,1025
2021,10,11,月,バナナ,50100,538143,159
2021,10,11,月,パイナップル,50300,69048,178
2021,10,11,月,レモン,50400,27447,247
2021,10,11,月,オレンジ,50600,39068,257
2021,10,11,月,輸入キウイ,50800,65469,591
2021,10,11,月,輸入メロン,50850,318,371
2021,10,12,火,みかん,40100,982252,206
2021,10,12,火,りんご計,42000,812724,351
2021,10,12,火,日本なし計,43000,225202,437
2021,10,12,火,かき計,43500,884159,289
2021,10,12,火,すもも,44700,4193,708
2021,10,12,火,ぶどう計,45000,251638,1628
2021,10,12,火,くり,45700,20395,875
2021,10,12,火,いちご,46100,4063,2204
2021,10,12,火,メロン計,47000,92916,587
2021,10,12,火,すいか,48100,23685,248
2021,10,12,火,キウイフルツ,49300,3574,906
2021,10,12,火,バナナ,50100,324151,177
2021,10,12,火,パイナップル,50300,76753,178
2021,10,12,火,レモン,50400,28365,264
2021,10,12,火,オレンジ,50600,41072,253
2021,10,12,火,輸入キウイ,50800,68247,568
2021,10,12,火,輸入メロン,50850,1594,308
2021,10,14,木,みかん,40100,1576676,207
2021,10,14,木,りんご計,42000,1016508,345
2021,10,14,木,日本なし計,43000,264601,450
2021,10,14,木,かき計,43500,1105060,282
2021,10,14,木,もも,44100,390,1459
2021,10,14,木,すもも,44700,2311,634
2021,10,14,木,ぶどう計,45000,285363,1606
2021,10,14,木,くり,45700,18294,835
2021,10,14,木,いちご,46100,4649,2456
2021,10,14,木,メロン計,47000,89525,579
2021,10,14,木,すいか,48100,30618,292
2021,10,14,木,キウイフルツ,49300,10823,926
2021,10,14,木,バナナ,50100,477468,173
2021,10,14,木,パイナップル,50300,83678,192
2021,10,14,木,レモン,50400,28892,288
2021,10,14,木,オレンジ,50600,35801,258
2021,10,14,木,輸入キウイ,50800,78228,564
2021,10,14,木,輸入メロン,50850,1769,346
2021,10,15,金,みかん,40100,1189989,199
2021,10,15,金,りんご計,42000,838102,338
2021,10,15,金,日本なし計,43000,79466,441
2021,10,15,金,かき計,43500,834344,288
2021,10,15,金,もも,44100,2665,1013
2021,10,15,金,すもも,44700,2204,708
2021,10,15,金,ぶどう計,45000,185024,1626
2021,10,15,金,くり,45700,17090,953
2021,10,15,金,いちご,46100,2986,2428
2021,10,15,金,メロン計,47000,65357,591
2021,10,15,金,すいか,48100,16993,285
2021,10,15,金,キウイフルツ,49300,4838,704
2021,10,15,金,バナナ,50100,482672,159
2021,10,15,金,パイナップル,50300,82089,191
2021,10,15,金,レモン,50400,35212,255
2021,10,15,金,オレンジ,50600,35989,253
2021,10,15,金,輸入キウイ,50800,87465,563
2021,10,15,金,輸入メロン,50850,2359,299
2021,10,16,土,みかん,40100,1035610,212
2021,10,16,土,りんご計,42000,776491,345
2021,10,16,土,日本なし計,43000,190412,451
2021,10,16,土,かき計,43500,805068,284
2021,10,16,土,もも,44100,515,1283
2021,10,16,土,すもも,44700,2043,708
2021,10,16,土,ぶどう計,45000,238571,1621
2021,10,16,土,くり,45700,14411,869
2021,10,16,土,いちご,46100,3822,2622
2021,10,16,土,メロン計,47000,85220,564
2021,10,16,土,すいか,48100,18880,320
2021,10,16,土,キウイフルツ,49300,7219,829
2021,10,16,土,バナナ,50100,493872,160
2021,10,16,土,パイナップル,50300,71854,189
2021,10,16,土,レモン,50400,40498,224
2021,10,16,土,オレンジ,50600,37464,255
2021,10,16,土,輸入キウイ,50800,71068,568
2021,10,16,土,輸入メロン,50850,1109,370
2021,10,18,月,みかん,40100,1339620,210
2021,10,18,月,りんご計,42000,758104,337
2021,10,18,月,日本なし計,43000,108090,445
2021,10,18,月,かき計,43500,930217,285
2021,10,18,月,もも,44100,495,720
2021,10,18,月,すもも,44700,1656,666
2021,10,18,月,ぶどう計,45000,209810,1591
2021,10,18,月,くり,45700,10808,852
2021,10,18,月,いちご,46100,5179,2687
2021,10,18,月,メロン計,47000,67679,619
2021,10,18,月,すいか,48100,9674,369
2021,10,18,月,キウイフルツ,49300,3347,817
2021,10,18,月,バナナ,50100,578559,161
2021,10,18,月,パイナップル,50300,70149,179
2021,10,18,月,レモン,50400,26573,247
2021,10,18,月,オレンジ,50600,29927,259
2021,10,18,月,輸入キウイ,50800,73354,581
2021,10,18,月,輸入メロン,50850,1601,303
2021,10,19,火,みかん,40100,1147674,202
2021,10,19,火,りんご計,42000,686141,337
2021,10,19,火,日本なし計,43000,134245,449
2021,10,19,火,かき計,43500,642556,298
2021,10,19,火,もも,44100,1950,578
2021,10,19,火,すもも,44700,1115,721
2021,10,19,火,ぶどう計,45000,185148,1657
2021,10,19,火,くり,45700,9925,1041
2021,10,19,火,いちご,46100,4145,2503
2021,10,19,火,メロン計,47000,80497,592
2021,10,19,火,すいか,48100,7143,329
2021,10,19,火,キウイフルツ,49300,4089,822
2021,10,19,火,バナナ,50100,377169,169
2021,10,19,火,パイナップル,50300,67949,184
2021,10,19,火,レモン,50400,30700,267
2021,10,19,火,オレンジ,50600,50450,248
2021,10,19,火,輸入キウイ,50800,80150,605
2021,10,19,火,輸入メロン,50850,3275,326
2021,10,21,木,みかん,40100,1587873,213
2021,10,21,木,りんご計,42000,873875,333
2021,10,21,木,日本なし計,43000,158995,465
2021,10,21,木,かき計,43500,792351,309
2021,10,21,木,もも,44100,90,498
2021,10,21,木,すもも,44700,1028,686
2021,10,21,木,ぶどう計,45000,222895,1628
2021,10,21,木,くり,45700,8485,1006
2021,10,21,木,いちご,46100,5563,2834
2021,10,21,木,メロン計,47000,68710,619
2021,10,21,木,すいか,48100,23084,305
2021,10,21,木,キウイフルツ,49300,10090,675
2021,10,21,木,バナナ,50100,464507,173
2021,10,21,木,パイナップル,50300,83429,197
2021,10,21,木,レモン,50400,40374,243
2021,10,21,木,オレンジ,50600,38381,246
2021,10,21,木,輸入キウイ,50800,96244,574
2021,10,21,木,輸入メロン,50850,2865,332
2021,10,22,金,みかん,40100,1131886,207
2021,10,22,金,りんご計,42000,742565,333
2021,10,22,金,日本なし計,43000,100876,460
2021,10,22,金,かき計,43500,556840,302
2021,10,22,金,もも,44100,220,405
2021,10,22,金,すもも,44700,1312,732
2021,10,22,金,ぶどう計,45000,151949,1690
2021,10,22,金,くり,45700,11453,1168
2021,10,22,金,いちご,46100,2780,2811
2021,10,22,金,メロン計,47000,51466,630
2021,10,22,金,すいか,48100,16413,289
2021,10,22,金,キウイフルツ,49300,12530,840
2021,10,22,金,バナナ,50100,540296,156
2021,10,22,金,パイナップル,50300,84260,192
2021,10,22,金,レモン,50400,52465,222
2021,10,22,金,オレンジ,50600,45923,240
2021,10,22,金,輸入キウイ,50800,81677,514
2021,10,22,金,輸入メロン,50850,2580,326
2021,10,23,土,みかん,40100,1083609,216
2021,10,23,土,りんご計,42000,712211,341
2021,10,23,土,日本なし計,43000,155314,436
2021,10,23,土,かき計,43500,557245,318
2021,10,23,土,すもも,44700,632,598
2021,10,23,土,ぶどう計,45000,180275,1650
2021,10,23,土,くり,45700,10436,1101
2021,10,23,土,いちご,46100,4127,2801
2021,10,23,土,メロン計,47000,62663,590
2021,10,23,土,すいか,48100,13811,335
2021,10,23,土,キウイフルツ,49300,8476,521
2021,10,23,土,バナナ,50100,482288,165
2021,10,23,土,パイナップル,50300,88458,189
2021,10,23,土,レモン,50400,34448,248
2021,10,23,土,オレンジ,50600,47753,247
2021,10,23,土,輸入キウイ,50800,100942,590
2021,10,23,土,輸入メロン,50850,3168,346
2021,10,25,月,みかん,40100,1219677,224
2021,10,25,月,りんご計,42000,779871,340
2021,10,25,月,日本なし計,43000,143969,468
2021,10,25,月,かき計,43500,720857,321
2021,10,25,月,もも,44100,290,329
2021,10,25,月,すもも,44700,648,524
2021,10,25,月,ぶどう計,45000,155184,1657
2021,10,25,月,くり,45700,8469,1064
2021,10,25,月,いちご,46100,5528,3046
2021,10,25,月,メロン計,47000,59365,617
2021,10,25,月,すいか,48100,13604,325
2021,10,25,月,キウイフルツ,49300,2410,492
2021,10,25,月,バナナ,50100,635912,155
2021,10,25,月,パイナップル,50300,60141,188
2021,10,25,月,レモン,50400,33670,236
2021,10,25,月,オレンジ,50600,31540,248
2021,10,25,月,輸入キウイ,50800,85990,543
2021,10,25,月,輸入メロン,50850,2059,352
2021,10,26,火,みかん,40100,939446,219
2021,10,26,火,りんご計,42000,670576,333
2021,10,26,火,日本なし計,43000,168003,474
2021,10,26,火,かき計,43500,536493,337
2021,10,26,火,もも,44100,101,431
2021,10,26,火,ぶどう計,45000,145908,1742
2021,10,26,火,くり,45700,8371,1096
2021,10,26,火,いちご,46100,6219,3068
2021,10,26,火,メロン計,47000,48949,638
2021,10,26,火,すいか,48100,7158,359
2021,10,26,火,キウイフルツ,49300,11654,624
2021,10,26,火,バナナ,50100,380927,172
2021,10,26,火,パイナップル,50300,79050,171
2021,10,26,火,レモン,50400,38261,228
2021,10,26,火,オレンジ,50600,27856,256
2021,10,26,火,輸入キウイ,50800,57947,578
2021,10,26,火,輸入メロン,50850,4087,305
2021,10,28,木,みかん,40100,1397763,240
2021,10,28,木,りんご計,42000,766459,344
2021,10,28,木,日本なし計,43000,205251,462
2021,10,28,木,かき計,43500,888607,327
2021,10,28,木,すもも,44700,196,403
2021,10,28,木,ぶどう計,45000,164793,1689
2021,10,28,木,くり,45700,7751,1059
2021,10,28,木,いちご,46100,10074,2974
2021,10,28,木,メロン計,47000,70841,609
2021,10,28,木,すいか,48100,20768,261
2021,10,28,木,キウイフルツ,49300,25066,600
2021,10,28,木,バナナ,50100,543499,161
2021,10,28,木,パイナップル,50300,97837,191
2021,10,28,木,レモン,50400,48945,238
2021,10,28,木,オレンジ,50600,41496,245
2021,10,28,木,輸入キウイ,50800,90456,576
2021,10,28,木,輸入メロン,50850,5794,326
2021,10,29,金,みかん,40100,953116,246
2021,10,29,金,りんご計,42000,605888,343
2021,10,29,金,日本なし計,43000,105962,472
2021,10,29,金,かき計,43500,697767,331
2021,10,29,金,すもも,44700,104,403
2021,10,29,金,ぶどう計,45000,109293,1746
2021,10,29,金,くり,45700,9205,1232
2021,10,29,金,いちご,46100,6138,2942
2021,10,29,金,メロン計,47000,31707,688
2021,10,29,金,すいか,48100,9983,298
2021,10,29,金,キウイフルツ,49300,3334,631
2021,10,29,金,バナナ,50100,575865,148
2021,10,29,金,パイナップル,50300,79269,187
2021,10,29,金,レモン,50400,35629,250
2021,10,29,金,オレンジ,50600,34087,233
2021,10,29,金,輸入キウイ,50800,94749,561
2021,10,29,金,輸入メロン,50850,4240,334
2021,10,30,土,みかん,40100,1082465,243
2021,10,30,土,りんご計,42000,625451,347
2021,10,30,土,日本なし計,43000,169161,472
2021,10,30,土,かき計,43500,616150,344
2021,10,30,土,ぶどう計,45000,125261,1719
2021,10,30,土,くり,45700,10080,926
2021,10,30,土,いちご,46100,10956,3005
2021,10,30,土,メロン計,47000,51485,660
2021,10,30,土,すいか,48100,11575,342
2021,10,30,土,キウイフルツ,49300,11278,632
2021,10,30,土,バナナ,50100,647646,166
2021,10,30,土,パイナップル,50300,101992,183
2021,10,30,土,レモン,50400,33722,262
2021,10,30,土,オレンジ,50600,41545,230
2021,10,30,土,輸入キウイ,50800,127485,589
2021,10,30,土,輸入メロン,50850,2335,336
2021,11,1,月,みかん,40100,1491479,273
2021,11,1,月,りんご計,42000,746715,342
2021,11,1,月,日本なし計,43000,103948,486
2021,11,1,月,かき計,43500,929938,340
2021,11,1,月,ぶどう計,45000,115909,1763
2021,11,1,月,くり,45700,6628,1105
2021,11,1,月,いちご,46100,14478,2985
2021,11,1,月,メロン計,47000,61416,657
2021,11,1,月,すいか,48100,11791,331
2021,11,1,月,キウイフルツ,49300,9246,707
2021,11,1,月,バナナ,50100,510447,156
2021,11,1,月,パイナップル,50300,54326,167
2021,11,1,月,レモン,50400,27047,227
2021,11,1,月,オレンジ,50600,21359,248
2021,11,1,月,輸入キウイ,50800,53368,572
2021,11,1,月,輸入メロン,50850,1161,334
2021,11,2,火,みかん,40100,973906,265
2021,11,2,火,りんご計,42000,538241,354
2021,11,2,火,日本なし計,43000,93183,470
2021,11,2,火,かき計,43500,778151,334
2021,11,2,火,もも,44100,48,451
2021,11,2,火,ぶどう計,45000,92113,1888
2021,11,2,火,くり,45700,5252,1182
2021,11,2,火,いちご,46100,13022,2978
2021,11,2,火,メロン計,47000,35972,744
2021,11,2,火,すいか,48100,9811,320
2021,11,2,火,キウイフルツ,49300,11963,671
2021,11,2,火,バナナ,50100,356736,166
2021,11,2,火,パイナップル,50300,66458,184
2021,11,2,火,レモン,50400,35306,237
2021,11,2,火,オレンジ,50600,38489,225
2021,11,2,火,輸入キウイ,50800,56536,559
2021,11,2,火,輸入メロン,50850,3804,296
2021,11,4,木,みかん,40100,1762990,278
2021,11,4,木,りんご計,42000,663293,361
2021,11,4,木,日本なし計,43000,113648,471
2021,11,4,木,かき計,43500,1192023,333
2021,11,4,木,ぶどう計,45000,106960,1787
2021,11,4,木,くり,45700,5666,1273
2021,11,4,木,いちご,46100,27010,2707
2021,11,4,木,メロン計,47000,62058,694
2021,11,4,木,すいか,48100,14967,342
2021,11,4,木,キウイフルツ,49300,17644,660
2021,11,4,木,バナナ,50100,468653,169
2021,11,4,木,パイナップル,50300,75018,192
2021,11,4,木,レモン,50400,31477,256
2021,11,4,木,オレンジ,50600,27338,251
2021,11,4,木,輸入キウイ,50800,84906,564
2021,11,4,木,輸入メロン,50850,3631,326
2021,11,5,金,みかん,40100,1261673,277
2021,11,5,金,りんご計,42000,613158,355
2021,11,5,金,日本なし計,43000,58115,454
2021,11,5,金,かき計,43500,657216,336
2021,11,5,金,ぶどう計,45000,66072,1840
2021,11,5,金,くり,45700,3330,1366
2021,11,5,金,いちご,46100,15062,2651
2021,11,5,金,メロン計,47000,33454,814
2021,11,5,金,すいか,48100,13535,301
2021,11,5,金,キウイフルツ,49300,12208,573
2021,11,5,金,バナナ,50100,582681,143
2021,11,5,金,パイナップル,50300,74808,191
2021,11,5,金,レモン,50400,42029,241
2021,11,5,金,オレンジ,50600,37776,246
2021,11,5,金,輸入キウイ,50800,79011,527
2021,11,5,金,輸入メロン,50850,3052,328
2021,11,6,土,みかん,40100,1393607,279
2021,11,6,土,りんご計,42000,606345,371
2021,11,6,土,日本なし計,43000,67570,449
2021,11,6,土,かき計,43500,783424,337
2021,11,6,土,すもも,44700,104,335
2021,11,6,土,ぶどう計,45000,81389,1847
2021,11,6,土,くり,45700,2906,1431
2021,11,6,土,いちご,46100,26730,2718
2021,11,6,土,メロン計,47000,41351,796
2021,11,6,土,すいか,48100,7100,295
2021,11,6,土,キウイフルツ,49300,20573,609
2021,11,6,土,バナナ,50100,510734,158
2021,11,6,土,パイナップル,50300,81372,194
2021,11,6,土,レモン,50400,34030,249
2021,11,6,土,オレンジ,50600,45277,209
2021,11,6,土,輸入キウイ,50800,73659,574
2021,11,6,土,輸入メロン,50850,2552,326
2021,11,8,月,みかん,40100,1962950,289
2021,11,8,月,りんご計,42000,618839,375
2021,11,8,月,日本なし計,43000,56521,453
2021,11,8,月,かき計,43500,917386,346
2021,11,8,月,ぶどう計,45000,71378,1843
2021,11,8,月,くり,45700,3150,1362
2021,11,8,月,いちご,46100,33853,2229
2021,11,8,月,メロン計,47000,51284,850
2021,11,8,月,すいか,48100,14690,286
2021,11,8,月,キウイフルツ,49300,9840,723
2021,11,8,月,バナナ,50100,615498,160
2021,11,8,月,パイナップル,50300,83190,174
2021,11,8,月,レモン,50400,50117,211
2021,11,8,月,オレンジ,50600,27584,256
2021,11,8,月,輸入キウイ,50800,62399,579
2021,11,8,月,輸入メロン,50850,2808,338
2021,11,9,火,みかん,40100,1346967,287
2021,11,9,火,りんご計,42000,565132,382
2021,11,9,火,日本なし計,43000,33360,455
2021,11,9,火,かき計,43500,692710,346
2021,11,9,火,ぶどう計,45000,65314,1823
2021,11,9,火,くり,45700,2359,1427
2021,11,9,火,いちご,46100,30764,2316
2021,11,9,火,メロン計,47000,31550,1003
2021,11,9,火,すいか,48100,7096,333
2021,11,9,火,キウイフルツ,49300,15360,629
2021,11,9,火,バナナ,50100,385725,162
2021,11,9,火,パイナップル,50300,62076,181
2021,11,9,火,レモン,50400,35303,254
2021,11,9,火,オレンジ,50600,32081,239
2021,11,9,火,輸入キウイ,50800,58402,568
2021,11,9,火,輸入メロン,50850,3555,327
2021,11,11,木,みかん,40100,2253302,282
2021,11,11,木,りんご計,42000,759315,403
2021,11,11,木,日本なし計,43000,65125,458
2021,11,11,木,かき計,43500,797920,340
2021,11,11,木,ぶどう計,45000,70197,1894
2021,11,11,木,くり,45700,1159,870
2021,11,11,木,いちご,46100,56738,2183
2021,11,11,木,メロン計,47000,59286,814
2021,11,11,木,すいか,48100,14200,291
2021,11,11,木,キウイフルツ,49300,23792,645
2021,11,11,木,バナナ,50100,452462,170
2021,11,11,木,パイナップル,50300,77597,191
2021,11,11,木,レモン,50400,32110,258
2021,11,11,木,オレンジ,50600,33793,239
2021,11,11,木,輸入キウイ,50800,87608,531
2021,11,11,木,輸入メロン,50850,1820,307
2021,11,12,金,みかん,40100,1686236,287
2021,11,12,金,りんご計,42000,642224,387
2021,11,12,金,日本なし計,43000,31898,460
2021,11,12,金,かき計,43500,521042,345
2021,11,12,金,ぶどう計,45000,38007,1802
2021,11,12,金,くり,45700,1387,1203
2021,11,12,金,いちご,46100,30680,2155
2021,11,12,金,メロン計,47000,48138,776
2021,11,12,金,すいか,48100,7616,302
2021,11,12,金,キウイフルツ,49300,18625,557
2021,11,12,金,バナナ,50100,520892,150
2021,11,12,金,パイナップル,50300,75510,182
2021,11,12,金,レモン,50400,38491,219
2021,11,12,金,オレンジ,50600,41641,237
2021,11,12,金,輸入キウイ,50800,46916,570
2021,11,12,金,輸入メロン,50850,2837,330
2021,11,13,土,みかん,40100,1688785,280
2021,11,13,土,りんご計,42000,664348,408
2021,11,13,土,日本なし計,43000,23955,468
2021,11,13,土,かき計,43500,435232,351
2021,11,13,土,ぶどう計,45000,47720,1895
2021,11,13,土,くり,45700,485,958
2021,11,13,土,いちご,46100,52881,2192
2021,11,13,土,メロン計,47000,53253,688
2021,11,13,土,すいか,48100,12351,307
2021,11,13,土,キウイフルツ,49300,16927,652
2021,11,13,土,バナナ,50100,463136,162
2021,11,13,土,パイナップル,50300,60548,196
2021,11,13,土,レモン,50400,43277,242
2021,11,13,土,オレンジ,50600,32526,244
2021,11,13,土,輸入キウイ,50800,64495,573
2021,11,13,土,輸入メロン,50850,2602,339
2021,11,15,月,みかん,40100,2260490,284
2021,11,15,月,りんご計,42000,750094,403
2021,11,15,月,日本なし計,43000,13472,493
2021,11,15,月,かき計,43500,566549,342
2021,11,15,月,ぶどう計,45000,49372,2043
2021,11,15,月,くり,45700,2015,1294
2021,11,15,月,いちご,46100,61377,2073
2021,11,15,月,メロン計,47000,62914,684
2021,11,15,月,すいか,48100,12212,253
2021,11,15,月,キウイフルツ,49300,19289,640
2021,11,15,月,バナナ,50100,515550,159
2021,11,15,月,パイナップル,50300,63714,178
2021,11,15,月,レモン,50400,54484,229
2021,11,15,月,オレンジ,50600,26782,245
2021,11,15,月,輸入キウイ,50800,65338,589
2021,11,15,月,輸入メロン,50850,2167,299
2021,11,16,火,みかん,40100,1593034,280
2021,11,16,火,りんご計,42000,718484,418
2021,11,16,火,日本なし計,43000,20917,461
2021,11,16,火,かき計,43500,558660,339
2021,11,16,火,もも,44100,206,4087
2021,11,16,火,ぶどう計,45000,45481,2140
2021,11,16,火,くり,45700,497,748
2021,11,16,火,いちご,46100,54500,2172
2021,11,16,火,メロン計,47000,39226,740
2021,11,16,火,すいか,48100,9128,282
2021,11,16,火,キウイフルツ,49300,20750,537
2021,11,16,火,バナナ,50100,386324,150
2021,11,16,火,パイナップル,50300,49277,188
2021,11,16,火,レモン,50400,40611,241
2021,11,16,火,オレンジ,50600,25603,247
2021,11,16,火,輸入キウイ,50800,56454,529
2021,11,16,火,輸入メロン,50850,4254,325
2021,11,18,木,みかん,40100,2537019,283
2021,11,18,木,りんご計,42000,920845,405
2021,11,18,木,日本なし計,43000,21285,476
2021,11,18,木,かき計,43500,703786,350
2021,11,18,木,もも,44100,268,4050
2021,11,18,木,ぶどう計,45000,52742,2124
2021,11,18,木,くり,45700,60,1926
2021,11,18,木,いちご,46100,98295,2103
2021,11,18,木,メロン計,47000,68552,674
2021,11,18,木,すいか,48100,34429,272
2021,11,18,木,キウイフルツ,49300,15997,589
2021,11,18,木,バナナ,50100,483940,159
2021,11,18,木,パイナップル,50300,79096,195
2021,11,18,木,レモン,50400,30890,258
2021,11,18,木,オレンジ,50600,28077,246
2021,11,18,木,輸入キウイ,50800,73006,582
2021,11,18,木,輸入メロン,50850,2671,312
2021,11,19,金,みかん,40100,1994921,277
2021,11,19,金,りんご計,42000,693104,403
2021,11,19,金,日本なし計,43000,12990,442
2021,11,19,金,かき計,43500,556774,351
2021,11,19,金,もも,44100,14,6866
2021,11,19,金,ぶどう計,45000,32012,2234
2021,11,19,金,くり,45700,430,987
2021,11,19,金,いちご,46100,50435,2103
2021,11,19,金,メロン計,47000,45872,707
2021,11,19,金,すいか,48100,14257,244
2021,11,19,金,キウイフルツ,49300,14157,500
2021,11,19,金,バナナ,50100,491130,158
2021,11,19,金,パイナップル,50300,88194,178
2021,11,19,金,レモン,50400,31409,262
2021,11,19,金,オレンジ,50600,27863,235
2021,11,19,金,輸入キウイ,50800,64709,550
2021,11,19,金,輸入メロン,50850,5014,288
2021,11,20,土,みかん,40100,2210118,276
2021,11,20,土,りんご計,42000,760369,412
2021,11,20,土,日本なし計,43000,32675,479
2021,11,20,土,かき計,43500,536487,335
2021,11,20,土,もも,44100,326,3255
2021,11,20,土,ぶどう計,45000,46924,2094
2021,11,20,土,くり,45700,345,878
2021,11,20,土,いちご,46100,82417,2126
2021,11,20,土,メロン計,47000,55782,677
2021,11,20,土,すいか,48100,13267,285
2021,11,20,土,キウイフルツ,49300,24006,602
2021,11,20,土,バナナ,50100,558433,162
2021,11,20,土,パイナップル,50300,87728,175
2021,11,20,土,レモン,50400,64394,210
2021,11,20,土,オレンジ,50600,44073,238
2021,11,20,土,輸入キウイ,50800,105547,585
2021,11,20,土,輸入メロン,50850,4818,298
2021,11,22,月,みかん,40100,2638752,278
2021,11,22,月,りんご計,42000,968199,400
2021,11,22,月,日本なし計,43000,20050,457
2021,11,22,月,かき計,43500,614723,335
2021,11,22,月,もも,44100,65,4785
2021,11,22,月,ぶどう計,45000,39606,2129
2021,11,22,月,いちご,46100,124221,2098
2021,11,22,月,メロン計,47000,70584,732
2021,11,22,月,すいか,48100,16934,256
2021,11,22,月,キウイフルツ,49300,31482,496
2021,11,22,月,バナナ,50100,612288,150
2021,11,22,月,パイナップル,50300,89239,168
2021,11,22,月,レモン,50400,21688,290
2021,11,22,月,オレンジ,50600,36676,248
2021,11,22,月,輸入キウイ,50800,81714,582
2021,11,22,月,輸入メロン,50850,4119,321
2021,11,24,水,みかん,40100,1646081,260
2021,11,24,水,りんご計,42000,859589,401
2021,11,24,水,日本なし計,43000,14554,444
2021,11,24,水,かき計,43500,592320,339
2021,11,24,水,もも,44100,299,3676
2021,11,24,水,ぶどう計,45000,29156,2349
2021,11,24,水,くり,45700,456,1030
2021,11,24,水,いちご,46100,149519,2027
2021,11,24,水,メロン計,47000,60783,766
2021,11,24,水,すいか,48100,12049,278
2021,11,24,水,キウイフルツ,49300,18291,469
2021,11,24,水,バナナ,50100,396353,160
2021,11,24,水,パイナップル,50300,72011,172
2021,11,24,水,レモン,50400,39083,259
2021,11,24,水,オレンジ,50600,33710,241
2021,11,24,水,輸入キウイ,50800,83167,554
2021,11,24,水,輸入メロン,50850,3676,322
2021,11,25,木,みかん,40100,2156881,275
2021,11,25,木,りんご計,42000,883753,401
2021,11,25,木,日本なし計,43000,24072,426
2021,11,25,木,かき計,43500,455536,334
2021,11,25,木,もも,44100,423,3156
2021,11,25,木,ぶどう計,45000,35387,2236
2021,11,25,木,くり,45700,20,1350
2021,11,25,木,いちご,46100,102390,2053
2021,11,25,木,メロン計,47000,46705,755
2021,11,25,木,すいか,48100,16922,244
2021,11,25,木,キウイフルツ,49300,32900,433
2021,11,25,木,バナナ,50100,398302,155
2021,11,25,木,パイナップル,50300,67732,183
2021,11,25,木,レモン,50400,45029,238
2021,11,25,木,オレンジ,50600,35873,238
2021,11,25,木,輸入キウイ,50800,32303,520
2021,11,25,木,輸入メロン,50850,2972,324
2021,11,26,金,みかん,40100,1909459,263
2021,11,26,金,りんご計,42000,707992,399
2021,11,26,金,日本なし計,43000,10622,517
2021,11,26,金,かき計,43500,380134,328
2021,11,26,金,ぶどう計,45000,33276,1976
2021,11,26,金,くり,45700,300,1757
2021,11,26,金,いちご,46100,93310,2021
2021,11,26,金,メロン計,47000,48620,741
2021,11,26,金,すいか,48100,12144,261
2021,11,26,金,キウイフルツ,49300,32497,383
2021,11,26,金,バナナ,50100,493379,154
2021,11,26,金,パイナップル,50300,103923,174
2021,11,26,金,レモン,50400,36496,249
2021,11,26,金,オレンジ,50600,29771,225
2021,11,26,金,輸入キウイ,50800,80110,560
2021,11,26,金,輸入メロン,50850,4621,290
2021,11,27,土,みかん,40100,2064504,271
2021,11,27,土,りんご計,42000,847424,398
2021,11,27,土,日本なし計,43000,22580,542
2021,11,27,土,かき計,43500,407451,329
2021,11,27,土,もも,44100,464,3494
2021,11,27,土,ぶどう計,45000,35339,2125
2021,11,27,土,くり,45700,227,1865
2021,11,27,土,いちご,46100,124534,2023
2021,11,27,土,メロン計,47000,41396,759
2021,11,27,土,すいか,48100,8619,270
2021,11,27,土,キウイフルツ,49300,17180,614
2021,11,27,土,バナナ,50100,466098,160
2021,11,27,土,パイナップル,50300,63198,175
2021,11,27,土,レモン,50400,33282,269
2021,11,27,土,オレンジ,50600,45055,239
2021,11,27,土,輸入キウイ,50800,69123,575
2021,11,27,土,輸入メロン,50850,3255,308
2021,11,29,月,みかん,40100,2836835,273
2021,11,29,月,りんご計,42000,818185,401
2021,11,29,月,日本なし計,43000,11136,482
2021,11,29,月,かき計,43500,527984,326
2021,11,29,月,もも,44100,135,1288
2021,11,29,月,ぶどう計,45000,33582,2028
2021,11,29,月,くり,45700,89,1286
2021,11,29,月,いちご,46100,160002,1995
2021,11,29,月,メロン計,47000,57317,858
2021,11,29,月,すいか,48100,14722,282
2021,11,29,月,キウイフルツ,49300,28847,569
2021,11,29,月,バナナ,50100,558138,154
2021,11,29,月,パイナップル,50300,92145,171
2021,11,29,月,レモン,50400,32048,267
2021,11,29,月,オレンジ,50600,28125,249
2021,11,29,月,輸入キウイ,50800,47917,526
2021,11,29,月,輸入メロン,50850,1678,324
2021,11,30,火,みかん,40100,1891341,255
2021,11,30,火,りんご計,42000,686313,399
2021,11,30,火,日本なし計,43000,11317,458
2021,11,30,火,かき計,43500,377881,317
2021,11,30,火,もも,44100,496,2703
2021,11,30,火,ぶどう計,45000,27003,2306
2021,11,30,火,くり,45700,195,1632
2021,11,30,火,いちご,46100,120184,1994
2021,11,30,火,メロン計,47000,42072,935
2021,11,30,火,すいか,48100,8712,304
2021,11,30,火,キウイフルツ,49300,11311,661
2021,11,30,火,バナナ,50100,481426,163
2021,11,30,火,パイナップル,50300,75909,174
2021,11,30,火,レモン,50400,38808,264
2021,11,30,火,オレンジ,50600,24923,261
2021,11,30,火,輸入キウイ,50800,94588,556
2021,11,30,火,輸入メロン,50850,2339,305
2021,12,2,木,みかん,40100,2680580,275
2021,12,2,木,はっさく,41321,3915,247
2021,12,2,木,りんご計,42000,986890,409
2021,12,2,木,日本なし計,43000,23040,503
2021,12,2,木,かき計,43500,561324,304
2021,12,2,木,もも,44100,593,3097
2021,12,2,木,ぶどう計,45000,34472,2140
2021,12,2,木,くり,45700,100,562
2021,12,2,木,いちご,46100,190856,2004
2021,12,2,木,メロン計,47000,65783,836
2021,12,2,木,すいか,48100,22860,267
2021,12,2,木,キウイフルツ,49300,36877,533
2021,12,2,木,バナナ,50100,492878,161
2021,12,2,木,パイナップル,50300,70664,179
2021,12,2,木,レモン,50400,37712,271
2021,12,2,木,オレンジ,50600,27352,221
2021,12,2,木,輸入おうとう,50700,15,2196
2021,12,2,木,輸入キウイ,50800,50954,524
2021,12,2,木,輸入メロン,50850,1141,272
2021,12,3,金,みかん,40100,1976466,271
2021,12,3,金,りんご計,42000,820489,383
2021,12,3,金,日本なし計,43000,11120,459
2021,12,3,金,かき計,43500,278386,310
2021,12,3,金,もも,44100,74,1905
2021,12,3,金,ぶどう計,45000,23509,2447
2021,12,3,金,くり,45700,177,361
2021,12,3,金,いちご,46100,116854,1989
2021,12,3,金,メロン計,47000,47817,863
2021,12,3,金,すいか,48100,18920,267
2021,12,3,金,キウイフルツ,49300,13763,624
2021,12,3,金,バナナ,50100,419360,148
2021,12,3,金,パイナップル,50300,95407,172
2021,12,3,金,レモン,50400,33901,267
2021,12,3,金,オレンジ,50600,24061,260
2021,12,3,金,輸入おうとう,50700,35,2237
2021,12,3,金,輸入キウイ,50800,32005,555
2021,12,3,金,輸入メロン,50850,4635,280
2021,12,4,土,みかん,40100,2278209,273
2021,12,4,土,はっさく,41321,20415,269
2021,12,4,土,りんご計,42000,705555,401
2021,12,4,土,日本なし計,43000,20627,452
2021,12,4,土,かき計,43500,309978,297
2021,12,4,土,もも,44100,438,2954
2021,12,4,土,ぶどう計,45000,31192,2340
2021,12,4,土,くり,45700,196,1840
2021,12,4,土,いちご,46100,145199,2024
2021,12,4,土,メロン計,47000,41651,908
2021,12,4,土,すいか,48100,11651,286
2021,12,4,土,キウイフルツ,49300,43720,441
2021,12,4,土,バナナ,50100,493331,155
2021,12,4,土,パイナップル,50300,72688,171
2021,12,4,土,レモン,50400,48102,250
2021,12,4,土,オレンジ,50600,36418,246
2021,12,4,土,輸入キウイ,50800,83099,507
2021,12,4,土,輸入メロン,50850,3618,294
2021,12,6,月,みかん,40100,2698497,277
2021,12,6,月,はっさく,41321,18805,248
2021,12,6,月,りんご計,42000,708103,406
2021,12,6,月,日本なし計,43000,2741,556
2021,12,6,月,かき計,43500,345932,320
2021,12,6,月,ぶどう計,45000,29713,2390
2021,12,6,月,いちご,46100,222302,2026
2021,12,6,月,メロン計,47000,69864,840
2021,12,6,月,すいか,48100,18802,277
2021,12,6,月,キウイフルツ,49300,22741,536
2021,12,6,月,バナナ,50100,554397,147
2021,12,6,月,パイナップル,50300,71637,164
2021,12,6,月,レモン,50400,38532,243
2021,12,6,月,オレンジ,50600,29829,227
2021,12,6,月,輸入キウイ,50800,38692,496
2021,12,6,月,輸入メロン,50850,3478,309
2021,12,7,火,みかん,40100,1852388,269
2021,12,7,火,はっさく,41321,18082,269
2021,12,7,火,りんご計,42000,613850,395
2021,12,7,火,日本なし計,43000,10532,504
2021,12,7,火,かき計,43500,206646,308
2021,12,7,火,もも,44100,386,3107
2021,12,7,火,ぶどう計,45000,28149,2603
2021,12,7,火,くり,45700,190,1762
2021,12,7,火,いちご,46100,151924,2057
2021,12,7,火,メロン計,47000,39071,993
2021,12,7,火,すいか,48100,21415,245
2021,12,7,火,キウイフルツ,49300,35512,531
2021,12,7,火,バナナ,50100,314181,167
2021,12,7,火,パイナップル,50300,69872,157
2021,12,7,火,レモン,50400,30359,281
2021,12,7,火,オレンジ,50600,27781,250
2021,12,7,火,輸入おうとう,50700,55,2472
2021,12,7,火,輸入キウイ,50800,52527,530
2021,12,7,火,輸入メロン,50850,3210,256
2021,12,9,木,みかん,40100,2806580,278
2021,12,9,木,はっさく,41321,14720,249
2021,12,9,木,りんご計,42000,974617,404
2021,12,9,木,日本なし計,43000,6785,473
2021,12,9,木,かき計,43500,272416,313
2021,12,9,木,もも,44100,633,2702
2021,12,9,木,ぶどう計,45000,37565,2286
2021,12,9,木,くり,45700,100,508
2021,12,9,木,いちご,46100,250527,2087
2021,12,9,木,メロン計,47000,101735,823
2021,12,9,木,すいか,48100,8790,319
2021,12,9,木,キウイフルツ,49300,28283,609
2021,12,9,木,バナナ,50100,485858,154
2021,12,9,木,パイナップル,50300,83641,176
2021,12,9,木,レモン,50400,42316,284
2021,12,9,木,オレンジ,50600,35812,244
2021,12,9,木,輸入キウイ,50800,34206,511
2021,12,9,木,輸入メロン,50850,4165,301
2021,12,10,金,みかん,40100,2257304,271
2021,12,10,金,はっさく,41321,23532,239
2021,12,10,金,りんご計,42000,636679,409
2021,12,10,金,日本なし計,43000,10368,480
2021,12,10,金,かき計,43500,140452,332
2021,12,10,金,ぶどう計,45000,35788,2190
2021,12,10,金,いちご,46100,134060,2116
2021,12,10,金,メロン計,47000,55445,891
2021,12,10,金,すいか,48100,13318,312
2021,12,10,金,キウイフルツ,49300,19355,629
2021,12,10,金,バナナ,50100,472515,154
2021,12,10,金,パイナップル,50300,78436,174
2021,12,10,金,レモン,50400,64829,220
2021,12,10,金,オレンジ,50600,27366,258
2021,12,10,金,輸入おうとう,50700,40,2174
2021,12,10,金,輸入キウイ,50800,46664,504
2021,12,10,金,輸入メロン,50850,4599,350
2021,12,11,土,みかん,40100,2134290,274
2021,12,11,土,はっさく,41321,23138,260
2021,12,11,土,りんご計,42000,623486,417
2021,12,11,土,日本なし計,43000,12821,424
2021,12,11,土,かき計,43500,123787,336
2021,12,11,土,もも,44100,275,3111
2021,12,11,土,ぶどう計,45000,33009,2540
2021,12,11,土,くり,45700,190,1779
2021,12,11,土,いちご,46100,169906,2106
2021,12,11,土,メロン計,47000,70201,822
2021,12,11,土,すいか,48100,14478,297
2021,12,11,土,キウイフルツ,49300,31977,580
2021,12,11,土,バナナ,50100,513907,158
2021,12,11,土,パイナップル,50300,83815,169
2021,12,11,土,レモン,50400,37645,329
2021,12,11,土,オレンジ,50600,33107,243
2021,12,11,土,輸入キウイ,50800,45766,529
2021,12,11,土,輸入メロン,50850,4210,282
2021,12,13,月,みかん,40100,2790419,285
2021,12,13,月,はっさく,41321,19681,253
2021,12,13,月,りんご計,42000,682683,413
2021,12,13,月,日本なし計,43000,24094,477
2021,12,13,月,かき計,43500,144544,390
2021,12,13,月,もも,44100,8,4320
2021,12,13,月,ぶどう計,45000,31517,2452
2021,12,13,月,くり,45700,20,540
2021,12,13,月,いちご,46100,268363,2174
2021,12,13,月,メロン計,47000,79242,847
2021,12,13,月,すいか,48100,12417,292
2021,12,13,月,キウイフルツ,49300,24849,568
2021,12,13,月,バナナ,50100,538211,147
2021,12,13,月,パイナップル,50300,64090,173
2021,12,13,月,レモン,50400,34410,303
2021,12,13,月,オレンジ,50600,38861,223
2021,12,13,月,輸入おうとう,50700,25,2786
2021,12,13,月,輸入キウイ,50800,44642,494
2021,12,13,月,輸入メロン,50850,4811,251
2021,12,14,火,みかん,40100,1912248,282
2021,12,14,火,はっさく,41321,21455,242
2021,12,14,火,りんご計,42000,523968,406
2021,12,14,火,日本なし計,43000,10430,574
2021,12,14,火,かき計,43500,110942,410
2021,12,14,火,もも,44100,177,2365
2021,12,14,火,ぶどう計,45000,29904,2514
2021,12,14,火,くり,45700,322,2083
2021,12,14,火,いちご,46100,190745,2236
2021,12,14,火,メロン計,47000,43506,1035
2021,12,14,火,すいか,48100,14384,271
2021,12,14,火,キウイフルツ,49300,22569,619
2021,12,14,火,バナナ,50100,356058,155
2021,12,14,火,パイナップル,50300,66170,165
2021,12,14,火,レモン,50400,32130,359
2021,12,14,火,オレンジ,50600,25601,258
2021,12,14,火,輸入キウイ,50800,21496,511
2021,12,14,火,輸入メロン,50850,4455,329
2021,12,16,木,みかん,40100,3026388,297
2021,12,16,木,はっさく,41321,20464,244
2021,12,16,木,りんご計,42000,767031,419
2021,12,16,木,日本なし計,43000,2919,633
2021,12,16,木,かき計,43500,223439,441
2021,12,16,木,もも,44100,4,6329
2021,12,16,木,ぶどう計,45000,40537,2262
2021,12,16,木,くり,45700,100,713
2021,12,16,木,いちご,46100,338696,2275
2021,12,16,木,メロン計,47000,86794,927
2021,12,16,木,すいか,48100,20960,269
2021,12,16,木,キウイフルツ,49300,28169,625
2021,12,16,木,バナナ,50100,491853,158
2021,12,16,木,パイナップル,50300,99831,173
2021,12,16,木,レモン,50400,30695,354
2021,12,16,木,オレンジ,50600,23058,256
2021,12,16,木,輸入おうとう,50700,260,2181
2021,12,16,木,輸入キウイ,50800,48977,472
2021,12,16,木,輸入メロン,50850,11109,234
2021,12,17,金,みかん,40100,2416962,283
2021,12,17,金,はっさく,41321,10835,252
2021,12,17,金,りんご計,42000,612739,417
2021,12,17,金,日本なし計,43000,4233,440
2021,12,17,金,かき計,43500,82099,433
2021,12,17,金,ぶどう計,45000,28574,2520
2021,12,17,金,くり,45700,50,842
2021,12,17,金,いちご,46100,189593,2381
2021,12,17,金,メロン計,47000,55847,993
2021,12,17,金,すいか,48100,20471,285
2021,12,17,金,キウイフルツ,49300,40417,550
2021,12,17,金,バナナ,50100,425215,155
2021,12,17,金,パイナップル,50300,87780,170
2021,12,17,金,レモン,50400,38070,339
2021,12,17,金,オレンジ,50600,45350,231
2021,12,17,金,輸入おうとう,50700,29,1825
2021,12,17,金,輸入キウイ,50800,38824,470
2021,12,17,金,輸入メロン,50850,4012,319
2021,12,18,土,みかん,40100,2242797,296
2021,12,18,土,はっさく,41321,27700,246
2021,12,18,土,りんご計,42000,572747,414
2021,12,18,土,日本なし計,43000,6843,415
2021,12,18,土,かき計,43500,116178,466
2021,12,18,土,ぶどう計,45000,36497,2623
2021,12,18,土,くり,45700,223,1434
2021,12,18,土,いちご,46100,210873,2524
2021,12,18,土,メロン計,47000,52604,1028
2021,12,18,土,すいか,48100,12394,291
2021,12,18,土,キウイフルツ,49300,39413,567
2021,12,18,土,バナナ,50100,502338,157
2021,12,18,土,パイナップル,50300,84877,166
2021,12,18,土,レモン,50400,38348,331
2021,12,18,土,オレンジ,50600,40140,247
2021,12,18,土,輸入おうとう,50700,64,2346
2021,12,18,土,輸入キウイ,50800,47294,494
2021,12,18,土,輸入メロン,50850,5501,318
2021,12,20,月,みかん,40100,3334716,298
2021,12,20,月,はっさく,41321,22859,227
2021,12,20,月,りんご計,42000,554215,425
2021,12,20,月,日本なし計,43000,4701,570
2021,12,20,月,かき計,43500,152436,454
2021,12,20,月,ぶどう計,45000,32241,2514
2021,12,20,月,くり,45700,54,890
2021,12,20,月,いちご,46100,317407,2746
2021,12,20,月,メロン計,47000,76187,1025
2021,12,20,月,すいか,48100,14267,293
2021,12,20,月,キウイフルツ,49300,24737,614
2021,12,20,月,バナナ,50100,601539,141
2021,12,20,月,パイナップル,50300,82342,163
2021,12,20,月,レモン,50400,40676,393
2021,12,20,月,オレンジ,50600,35385,254
2021,12,20,月,輸入おうとう,50700,65,2318
2021,12,20,月,輸入キウイ,50800,47711,479
2021,12,20,月,輸入メロン,50850,2531,292
2021,12,21,火,みかん,40100,2926925,290
2021,12,21,火,はっさく,41321,22285,243
2021,12,21,火,りんご計,42000,488703,429
2021,12,21,火,日本なし計,43000,6695,478
2021,12,21,火,かき計,43500,124287,478
2021,12,21,火,もも,44100,8,2160
2021,12,21,火,ぶどう計,45000,24430,2718
2021,12,21,火,くり,45700,193,1275
2021,12,21,火,いちご,46100,202919,3018
2021,12,21,火,メロン計,47000,56068,1167
2021,12,21,火,すいか,48100,14785,282
2021,12,21,火,キウイフルツ,49300,33419,568
2021,12,21,火,バナナ,50100,340197,152
2021,12,21,火,パイナップル,50300,96877,156
2021,12,21,火,レモン,50400,36444,366
2021,12,21,火,オレンジ,50600,42729,240
2021,12,21,火,輸入おうとう,50700,100,2160
2021,12,21,火,輸入キウイ,50800,34137,495
2021,12,21,火,輸入メロン,50850,5290,315
2021,12,23,木,みかん,40100,3966942,297
2021,12,23,木,はっさく,41321,34472,242
2021,12,23,木,りんご計,42000,642649,434
2021,12,23,木,日本なし計,43000,9953,464
2021,12,23,木,かき計,43500,209873,469
2021,12,23,木,ぶどう計,45000,34201,2482
2021,12,23,木,くり,45700,124,1028
2021,12,23,木,いちご,46100,342789,2842
2021,12,23,木,メロン計,47000,78864,1100
2021,12,23,木,すいか,48100,16209,273
2021,12,23,木,キウイフルツ,49300,27122,680
2021,12,23,木,バナナ,50100,475102,157
2021,12,23,木,パイナップル,50300,136253,165
2021,12,23,木,レモン,50400,48170,402
2021,12,23,木,オレンジ,50600,34822,243
2021,12,23,木,輸入おうとう,50700,133,2225
2021,12,23,木,輸入キウイ,50800,48077,482
2021,12,23,木,輸入メロン,50850,7372,318
2021,12,24,金,みかん,40100,3182870,294
2021,12,24,金,はっさく,41321,12730,252
2021,12,24,金,りんご計,42000,610168,425
2021,12,24,金,日本なし計,43000,12138,467
2021,12,24,金,かき計,43500,100981,470
2021,12,24,金,ぶどう計,45000,23290,2675
2021,12,24,金,いちご,46100,204195,2773
2021,12,24,金,メロン計,47000,56228,1220
2021,12,24,金,すいか,48100,8804,291
2021,12,24,金,キウイフルツ,49300,26282,571
2021,12,24,金,バナナ,50100,453881,156
2021,12,24,金,パイナップル,50300,117832,158
2021,12,24,金,レモン,50400,46389,419
2021,12,24,金,オレンジ,50600,30686,264
2021,12,24,金,輸入おうとう,50700,5,2851
2021,12,24,金,輸入キウイ,50800,41052,506
2021,12,24,金,輸入メロン,50850,5399,326
2021,12,25,土,みかん,40100,3111946,297
2021,12,25,土,はっさく,41321,29380,245
2021,12,25,土,りんご計,42000,655187,444
2021,12,25,土,日本なし計,43000,6115,455
2021,12,25,土,かき計,43500,153525,453
2021,12,25,土,ぶどう計,45000,29142,2538
2021,12,25,土,くり,45700,132,1424
2021,12,25,土,いちご,46100,222683,2762
2021,12,25,土,メロン計,47000,54298,1351
2021,12,25,土,すいか,48100,7309,283
2021,12,25,土,キウイフルツ,49300,19257,602
2021,12,25,土,バナナ,50100,478760,154
2021,12,25,土,パイナップル,50300,111926,156
2021,12,25,土,レモン,50400,45338,392
2021,12,25,土,オレンジ,50600,40633,254
2021,12,25,土,輸入おうとう,50700,30,1944
2021,12,25,土,輸入キウイ,50800,36728,507
2021,12,25,土,輸入メロン,50850,4236,358
2021,12,27,月,みかん,40100,4444710,290
2021,12,27,月,はっさく,41321,19492,242
2021,12,27,月,りんご計,42000,700134,427
2021,12,27,月,日本なし計,43000,1496,502
2021,12,27,月,かき計,43500,100242,463
2021,12,27,月,ぶどう計,45000,25245,2353
2021,12,27,月,いちご,46100,356991,2660
2021,12,27,月,メロン計,47000,61270,1476
2021,12,27,月,すいか,48100,7031,251
2021,12,27,月,キウイフルツ,49300,46216,561
2021,12,27,月,バナナ,50100,515454,145
2021,12,27,月,パイナップル,50300,82624,174
2021,12,27,月,レモン,50400,36859,436
2021,12,27,月,オレンジ,50600,31395,258
2021,12,27,月,輸入キウイ,50800,37327,496
2021,12,27,月,輸入メロン,50850,5867,349
2021,12,28,火,みかん,40100,2463383,286
2021,12,28,火,はっさく,41321,5836,221
2021,12,28,火,りんご計,42000,540217,420
2021,12,28,火,日本なし計,43000,4095,494
2021,12,28,火,かき計,43500,120994,484
2021,12,28,火,ぶどう計,45000,15317,2655
2021,12,28,火,いちご,46100,214138,2736
2021,12,28,火,メロン計,47000,36433,1935
2021,12,28,火,すいか,48100,9781,276
2021,12,28,火,キウイフルツ,49300,50359,402
2021,12,28,火,バナナ,50100,386042,149
2021,12,28,火,パイナップル,50300,100842,170
2021,12,28,火,レモン,50400,64420,388
2021,12,28,火,オレンジ,50600,50393,261
2021,12,28,火,輸入おうとう,50700,87,2649
2021,12,28,火,輸入キウイ,50800,40743,479
2021,12,28,火,輸入メロン,50850,5274,297
2021,12,29,水,みかん,40100,2103178,274
2021,12,29,水,はっさく,41321,9460,209
2021,12,29,水,りんご計,42000,275726,441
2021,12,29,水,日本なし計,43000,6895,440
2021,12,29,水,かき計,43500,35464,476
2021,12,29,水,ぶどう計,45000,8534,2140
2021,12,29,水,いちご,46100,208070,2786
2021,12,29,水,メロン計,47000,27346,1837
2021,12,29,水,すいか,48100,8630,270
2021,12,29,水,キウイフルツ,49300,7100,757
2021,12,29,水,バナナ,50100,380468,160
2021,12,29,水,パイナップル,50300,107734,172
2021,12,29,水,レモン,50400,55009,436
2021,12,29,水,オレンジ,50600,38710,271
2021,12,29,水,輸入キウイ,50800,58223,489
2021,12,29,水,輸入メロン,50850,2719,279
2021,12,30,木,みかん,40100,42460,224
2021,12,30,木,りんご計,42000,4480,455
2021,12,30,木,いちご,46100,58148,3138
2021,12,30,木,メロン計,47000,27,4800
2021,12,30,木,キウイフルツ,49300,5324,673
2021,12,30,木,バナナ,50100,262915,169
2021,12,30,木,パイナップル,50300,44060,185
2021,12,30,木,レモン,50400,29495,406
2021,12,30,木,オレンジ,50600,24735,290
2021,12,30,木,輸入キウイ,50800,16370,473
2021,12,30,木,輸入メロン,50850,1743,306
2022,1,5,水,みかん,40100,1242886,271
2022,1,5,水,はっさく,41321,28955,210
2022,1,5,水,りんご計,42000,590611,414
2022,1,5,水,日本なし計,43000,110,450
2022,1,5,水,かき計,43500,29253,423
2022,1,5,水,おうとう,44800,31,68740
2022,1,5,水,ぶどう計,45000,3267,1045
2022,1,5,水,いちご,46100,1019572,2208
2022,1,5,水,メロン計,47000,27589,1652
2022,1,5,水,すいか,48100,1717,642
2022,1,5,水,キウイフルツ,49300,13022,783
2022,1,5,水,バナナ,50100,661463,175
2022,1,5,水,パイナップル,50300,161386,169
2022,1,5,水,レモン,50400,72260,228
2022,1,5,水,オレンジ,50600,67122,270
2022,1,5,水,輸入おうとう,50700,12,3006
2022,1,5,水,輸入キウイ,50800,38755,506
2022,1,5,水,輸入メロン,50850,2469,349
2022,1,6,木,みかん,40100,1086620,275
2022,1,6,木,はっさく,41321,25201,212
2022,1,6,木,りんご計,42000,460639,389
2022,1,6,木,日本なし計,43000,8592,485
2022,1,6,木,かき計,43500,54027,427
2022,1,6,木,ぶどう計,45000,5761,2056
2022,1,6,木,いちご,46100,307156,1998
2022,1,6,木,メロン計,47000,30391,1435
2022,1,6,木,すいか,48100,1965,251
2022,1,6,木,キウイフルツ,49300,10871,738
2022,1,6,木,バナナ,50100,447652,164
2022,1,6,木,パイナップル,50300,93612,148
2022,1,6,木,レモン,50400,40856,412
2022,1,6,木,オレンジ,50600,27375,271
2022,1,6,木,輸入おうとう,50700,60,2484
2022,1,6,木,輸入キウイ,50800,26564,515
2022,1,6,木,輸入メロン,50850,2697,319
2022,1,7,金,みかん,40100,1211137,282
2022,1,7,金,はっさく,41321,26635,223
2022,1,7,金,りんご計,42000,483262,418
2022,1,7,金,日本なし計,43000,1388,395
2022,1,7,金,かき計,43500,18207,481
2022,1,7,金,ぶどう計,45000,4953,2325
2022,1,7,金,いちご,46100,253976,1965
2022,1,7,金,メロン計,47000,39172,1172
2022,1,7,金,すいか,48100,3057,395
2022,1,7,金,キウイフルツ,49300,23709,590
2022,1,7,金,バナナ,50100,530588,155
2022,1,7,金,パイナップル,50300,77949,175
2022,1,7,金,レモン,50400,38143,444
2022,1,7,金,オレンジ,50600,22692,289
2022,1,7,金,輸入おうとう,50700,10,2484
2022,1,7,金,輸入キウイ,50800,37022,502
2022,1,7,金,輸入メロン,50850,2067,330
2022,1,8,土,みかん,40100,1305105,263
2022,1,8,土,はっさく,41321,21469,232
2022,1,8,土,りんご計,42000,628477,383
2022,1,8,土,日本なし計,43000,1004,717
2022,1,8,土,かき計,43500,54290,483
2022,1,8,土,おうとう,44800,5,2851
2022,1,8,土,ぶどう計,45000,5799,2671
2022,1,8,土,いちご,46100,281862,1998
2022,1,8,土,メロン計,47000,38963,1203
2022,1,8,土,すいか,48100,1982,673
2022,1,8,土,キウイフルツ,49300,28437,544
2022,1,8,土,バナナ,50100,420509,161
2022,1,8,土,パイナップル,50300,79572,162
2022,1,8,土,レモン,50400,36301,409
2022,1,8,土,オレンジ,50600,32651,287
2022,1,8,土,輸入おうとう,50700,30,2189
2022,1,8,土,輸入キウイ,50800,31860,484
2022,1,8,土,輸入メロン,50850,2262,309
2022,1,10,月,みかん,40100,10750,275
2022,1,10,月,りんご計,42000,1875,465
2022,1,10,月,いちご,46100,1176,1874
2022,1,10,月,メロン計,47000,108,1265
2022,1,10,月,キウイフルツ,49300,464,630
2022,1,10,月,バナナ,50100,6334,216
2022,1,10,月,パイナップル,50300,1080,219
2022,1,10,月,レモン,50400,1106,536
2022,1,10,月,オレンジ,50600,579,297
2022,1,10,月,輸入キウイ,50800,341,611
2022,1,10,月,輸入メロン,50850,56,363
2022,1,11,火,みかん,40100,1587745,268
2022,1,11,火,はっさく,41321,90175,220
2022,1,11,火,りんご計,42000,612336,391
2022,1,11,火,日本なし計,43000,1265,345
2022,1,11,火,かき計,43500,96616,462
2022,1,11,火,ぶどう計,45000,7605,1989
2022,1,11,火,いちご,46100,547203,1889
2022,1,11,火,メロン計,47000,54633,1205
2022,1,11,火,すいか,48100,8886,307
2022,1,11,火,キウイフルツ,49300,72827,579
2022,1,11,火,バナナ,50100,660085,167
2022,1,11,火,パイナップル,50300,86851,176
2022,1,11,火,レモン,50400,30233,428
2022,1,11,火,オレンジ,50600,26160,268
2022,1,11,火,輸入おうとう,50700,5,2160
2022,1,11,火,輸入キウイ,50800,45244,499
2022,1,11,火,輸入メロン,50850,2647,275
2022,1,12,水,みかん,40100,519285,261
2022,1,12,水,はっさく,41321,525,271
2022,1,12,水,りんご計,42000,320033,392
2022,1,12,水,日本なし計,43000,380,360
2022,1,12,水,かき計,43500,11589,476
2022,1,12,水,ぶどう計,45000,7833,2873
2022,1,12,水,いちご,46100,210533,1858
2022,1,12,水,メロン計,47000,23249,1410
2022,1,12,水,すいか,48100,3374,419
2022,1,12,水,キウイフルツ,49300,17633,639
2022,1,12,水,バナナ,50100,191079,158
2022,1,12,水,パイナップル,50300,36723,158
2022,1,12,水,レモン,50400,17839,455
2022,1,12,水,オレンジ,50600,10168,295
2022,1,12,水,輸入キウイ,50800,22601,502
2022,1,12,水,輸入メロン,50850,2604,221
2022,1,13,木,みかん,40100,1352879,266
2022,1,13,木,はっさく,41321,58415,215
2022,1,13,木,りんご計,42000,528297,391
2022,1,13,木,日本なし計,43000,7457,437
2022,1,13,木,かき計,43500,51004,495
2022,1,13,木,ぶどう計,45000,6303,2470
2022,1,13,木,いちご,46100,283455,1876
2022,1,13,木,メロン計,47000,36430,1109
2022,1,13,木,すいか,48100,4690,384
2022,1,13,木,キウイフルツ,49300,83036,589
2022,1,13,木,バナナ,50100,308995,174
2022,1,13,木,パイナップル,50300,83297,181
2022,1,13,木,レモン,50400,26912,446
2022,1,13,木,オレンジ,50600,20440,296
2022,1,13,木,輸入おうとう,50700,15,2592
2022,1,13,木,輸入キウイ,50800,32640,487
2022,1,13,木,輸入メロン,50850,1850,338
2022,1,14,金,みかん,40100,1216283,261
2022,1,14,金,はっさく,41321,58686,229
2022,1,14,金,りんご計,42000,614228,390
2022,1,14,金,日本なし計,43000,1560,365
2022,1,14,金,かき計,43500,11152,490
2022,1,14,金,ぶどう計,45000,7912,2804
2022,1,14,金,いちご,46100,217888,1868
2022,1,14,金,メロン計,47000,26245,1175
2022,1,14,金,すいか,48100,4225,377
2022,1,14,金,キウイフルツ,49300,72221,578
2022,1,14,金,バナナ,50100,478240,161
2022,1,14,金,パイナップル,50300,83645,175
2022,1,14,金,レモン,50400,26498,453
2022,1,14,金,オレンジ,50600,35354,310
2022,1,14,金,輸入おうとう,50700,15,2448
2022,1,14,金,輸入キウイ,50800,28933,492
2022,1,14,金,輸入メロン,50850,2646,261
2022,1,15,土,みかん,40100,1229836,263
2022,1,15,土,はっさく,41321,89389,229
2022,1,15,土,りんご計,42000,660217,373
2022,1,15,土,かき計,43500,39364,485
2022,1,15,土,おうとう,44800,1,19440
2022,1,15,土,ぶどう計,45000,6845,2466
2022,1,15,土,いちご,46100,254509,1844
2022,1,15,土,メロン計,47000,24777,1189
2022,1,15,土,すいか,48100,2266,545
2022,1,15,土,キウイフルツ,49300,59165,596
2022,1,15,土,バナナ,50100,343502,164
2022,1,15,土,パイナップル,50300,66860,163
2022,1,15,土,レモン,50400,23974,399
2022,1,15,土,オレンジ,50600,43955,318
2022,1,15,土,輸入キウイ,50800,34774,509
2022,1,15,土,輸入メロン,50850,3210,382
2022,1,17,月,みかん,40100,1531433,269
2022,1,17,月,はっさく,41321,102324,225
2022,1,17,月,りんご計,42000,706444,383
2022,1,17,月,日本なし計,43000,25,328
2022,1,17,月,かき計,43500,40191,477
2022,1,17,月,ぶどう計,45000,6794,1977
2022,1,17,月,いちご,46100,332889,1832
2022,1,17,月,メロン計,47000,33504,1121
2022,1,17,月,すいか,48100,3744,366
2022,1,17,月,キウイフルツ,49300,91708,579
2022,1,17,月,バナナ,50100,531202,156
2022,1,17,月,パイナップル,50300,48713,169
2022,1,17,月,レモン,50400,24145,439
2022,1,17,月,オレンジ,50600,19798,320
2022,1,17,月,輸入おうとう,50700,25,2592
2022,1,17,月,輸入キウイ,50800,39689,451
2022,1,17,月,輸入メロン,50850,1905,372
2022,1,18,火,みかん,40100,1107746,257
2022,1,18,火,はっさく,41321,66106,214
2022,1,18,火,りんご計,42000,599619,377
2022,1,18,火,日本なし計,43000,1850,301
2022,1,18,火,かき計,43500,62967,498
2022,1,18,火,ぶどう計,45000,6374,2941
2022,1,18,火,いちご,46100,236206,1835
2022,1,18,火,メロン計,47000,19314,1359
2022,1,18,火,すいか,48100,5234,277
2022,1,18,火,キウイフルツ,49300,50290,598
2022,1,18,火,バナナ,50100,293790,173
2022,1,18,火,パイナップル,50300,64210,165
2022,1,18,火,レモン,50400,32774,444
2022,1,18,火,オレンジ,50600,30204,327
2022,1,18,火,輸入おうとう,50700,25,2570
2022,1,18,火,輸入キウイ,50800,15111,462
2022,1,18,火,輸入メロン,50850,601,376
2022,1,20,木,みかん,40100,1746600,273
2022,1,20,木,はっさく,41321,120370,216
2022,1,20,木,りんご計,42000,770572,366
2022,1,20,木,日本なし計,43000,11948,345
2022,1,20,木,かき計,43500,36814,493
2022,1,20,木,ぶどう計,45000,14531,1613
2022,1,20,木,いちご,46100,351122,1833
2022,1,20,木,メロン計,47000,42816,1025
2022,1,20,木,すいか,48100,1813,368
2022,1,20,木,キウイフルツ,49300,117768,591
2022,1,20,木,バナナ,50100,428362,175
2022,1,20,木,パイナップル,50300,94656,184
2022,1,20,木,レモン,50400,45087,429
2022,1,20,木,オレンジ,50600,36932,352
2022,1,20,木,輸入おうとう,50700,160,2278
2022,1,20,木,輸入キウイ,50800,37613,551
2022,1,20,木,輸入メロン,50850,2037,343
2022,1,21,金,みかん,40100,1236866,270
2022,1,21,金,はっさく,41321,53214,223
2022,1,21,金,りんご計,42000,585818,364
2022,1,21,金,日本なし計,43000,6580,304
2022,1,21,金,かき計,43500,6887,510
2022,1,21,金,ぶどう計,45000,6227,2766
2022,1,21,金,いちご,46100,213747,1837
2022,1,21,金,メロン計,47000,24623,1092
2022,1,21,金,すいか,48100,710,715
2022,1,21,金,キウイフルツ,49300,101170,577
2022,1,21,金,バナナ,50100,463491,161
2022,1,21,金,パイナップル,50300,71212,174
2022,1,21,金,レモン,50400,21821,467
2022,1,21,金,オレンジ,50600,39018,302
2022,1,21,金,輸入おうとう,50700,20,2511
2022,1,21,金,輸入キウイ,50800,19565,524
2022,1,21,金,輸入メロン,50850,2326,360
2022,1,22,土,みかん,40100,1237799,270
2022,1,22,土,はっさく,41321,59875,215
2022,1,22,土,りんご計,42000,612303,365
2022,1,22,土,日本なし計,43000,4820,454
2022,1,22,土,かき計,43500,53405,481
2022,1,22,土,ぶどう計,45000,6008,2251
2022,1,22,土,いちご,46100,254644,1861
2022,1,22,土,メロン計,47000,25606,1088
2022,1,22,土,すいか,48100,4430,382
2022,1,22,土,キウイフルツ,49300,66995,582
2022,1,22,土,バナナ,50100,457343,165
2022,1,22,土,パイナップル,50300,61231,183
2022,1,22,土,レモン,50400,28339,399
2022,1,22,土,オレンジ,50600,44434,337
2022,1,22,土,輸入おうとう,50700,65,2210
2022,1,22,土,輸入キウイ,50800,17901,534
2022,1,22,土,輸入メロン,50850,1204,414
2022,1,24,月,みかん,40100,1246446,277
2022,1,24,月,はっさく,41321,80917,225
2022,1,24,月,りんご計,42000,716844,369
2022,1,24,月,日本なし計,43000,950,428
2022,1,24,月,かき計,43500,4217,525
2022,1,24,月,ぶどう計,45000,5695,858
2022,1,24,月,いちご,46100,352918,1838
2022,1,24,月,メロン計,47000,28603,1026
2022,1,24,月,すいか,48100,2834,392
2022,1,24,月,キウイフルツ,49300,92649,588
2022,1,24,月,バナナ,50100,475862,168
2022,1,24,月,パイナップル,50300,61320,172
2022,1,24,月,レモン,50400,24404,433
2022,1,24,月,オレンジ,50600,27045,319
2022,1,24,月,輸入おうとう,50700,35,2345
2022,1,24,月,輸入キウイ,50800,9291,521
2022,1,24,月,輸入メロン,50850,741,389
2022,1,25,火,みかん,40100,1034233,266
2022,1,25,火,はっさく,41321,95594,197
2022,1,25,火,りんご計,42000,571199,367
2022,1,25,火,日本なし計,43000,1930,343
2022,1,25,火,かき計,43500,54855,490
2022,1,25,火,ぶどう計,45000,3775,2419
2022,1,25,火,いちご,46100,251372,1848
2022,1,25,火,メロン計,47000,14388,1217
2022,1,25,火,すいか,48100,692,777
2022,1,25,火,キウイフルツ,49300,56474,607
2022,1,25,火,バナナ,50100,333427,177
2022,1,25,火,パイナップル,50300,52536,180
2022,1,25,火,レモン,50400,21755,441
2022,1,25,火,オレンジ,50600,27012,357
2022,1,25,火,輸入おうとう,50700,35,2453
2022,1,25,火,輸入キウイ,50800,16215,525
2022,1,25,火,輸入メロン,50850,1233,398
2022,1,27,木,みかん,40100,1436216,272
2022,1,27,木,はっさく,41321,125973,213
2022,1,27,木,りんご計,42000,832076,358
2022,1,27,木,かき計,43500,22230,472
2022,1,27,木,ぶどう計,45000,5082,1545
2022,1,27,木,いちご,46100,365058,1833
2022,1,27,木,メロン計,47000,32040,1006
2022,1,27,木,すいか,48100,2463,388
2022,1,27,木,キウイフルツ,49300,125740,564
2022,1,27,木,バナナ,50100,450980,174
2022,1,27,木,パイナップル,50300,78640,186
2022,1,27,木,レモン,50400,19638,440
2022,1,27,木,オレンジ,50600,25095,332
2022,1,27,木,輸入おうとう,50700,570,2248
2022,1,27,木,輸入キウイ,50800,14666,547
2022,1,27,木,輸入メロン,50850,5297,295
2022,1,28,金,みかん,40100,1078302,280
2022,1,28,金,はっさく,41321,70687,208
2022,1,28,金,りんご計,42000,662374,350
2022,1,28,金,かき計,43500,3318,507
2022,1,28,金,おうとう,44800,4,47412
2022,1,28,金,ぶどう計,45000,3981,2058
2022,1,28,金,いちご,46100,240888,1839
2022,1,28,金,メロン計,47000,18498,1057
2022,1,28,金,すいか,48100,1222,652
2022,1,28,金,キウイフルツ,49300,115330,583
2022,1,28,金,バナナ,50100,449162,161
2022,1,28,金,パイナップル,50300,69178,166
2022,1,28,金,レモン,50400,27369,433
2022,1,28,金,オレンジ,50600,11350,343
2022,1,28,金,輸入おうとう,50700,165,2396
2022,1,28,金,輸入キウイ,50800,6782,468
2022,1,28,金,輸入メロン,50850,3251,347
2022,1,29,土,みかん,40100,1209734,280
2022,1,29,土,はっさく,41321,67898,203
2022,1,29,土,りんご計,42000,643181,359
2022,1,29,土,日本なし計,43000,4820,459
2022,1,29,土,かき計,43500,42309,485
2022,1,29,土,ぶどう計,45000,4059,1863
2022,1,29,土,いちご,46100,289013,1859
2022,1,29,土,メロン計,47000,18725,1092
2022,1,29,土,すいか,48100,3946,400
2022,1,29,土,キウイフルツ,49300,74456,557
2022,1,29,土,バナナ,50100,480309,176
2022,1,29,土,パイナップル,50300,72621,177
2022,1,29,土,レモン,50400,16873,411
2022,1,29,土,オレンジ,50600,39930,316
2022,1,29,土,輸入おうとう,50700,125,2177
2022,1,29,土,輸入キウイ,50800,19385,404
2022,1,29,土,輸入メロン,50850,2465,370
2022,1,31,月,みかん,40100,1078293,276
2022,1,31,月,はっさく,41321,94985,208
2022,1,31,月,りんご計,42000,623550,362
2022,1,31,月,かき計,43500,11493,458
2022,1,31,月,おうとう,44800,4,36990
2022,1,31,月,ぶどう計,45000,4420,892
2022,1,31,月,いちご,46100,434607,1806
2022,1,31,月,メロン計,47000,25814,960
2022,1,31,月,すいか,48100,3379,395
2022,1,31,月,キウイフルツ,49300,92171,612
2022,1,31,月,バナナ,50100,552378,169
2022,1,31,月,パイナップル,50300,68487,188
2022,1,31,月,レモン,50400,17952,410
2022,1,31,月,オレンジ,50600,20115,352
2022,1,31,月,輸入おうとう,50700,65,2235
2022,1,31,月,輸入キウイ,50800,6454,412
2022,1,31,月,輸入メロン,50850,1922,376
2022,2,1,火,みかん,40100,969341,276
2022,2,1,火,はっさく,41321,115224,203
2022,2,1,火,りんご計,42000,668849,367
2022,2,1,火,かき計,43500,34720,495
2022,2,1,火,おうとう,44800,4,28998
2022,2,1,火,ぶどう計,45000,2332,1773
2022,2,1,火,いちご,46100,287138,1823
2022,2,1,火,メロン計,47000,14601,1104
2022,2,1,火,すいか,48100,5378,328
2022,2,1,火,キウイフルツ,49300,82549,599
2022,2,1,火,バナナ,50100,321537,183
2022,2,1,火,パイナップル,50300,61297,176
2022,2,1,火,レモン,50400,15366,436
2022,2,1,火,オレンジ,50600,33894,352
2022,2,1,火,輸入おうとう,50700,15,2448
2022,2,1,火,輸入キウイ,50800,21564,442
2022,2,1,火,輸入メロン,50850,3047,359
2022,2,3,木,みかん,40100,1216706,290
2022,2,3,木,はっさく,41321,115753,204
2022,2,3,木,りんご計,42000,820154,359
2022,2,3,木,日本なし計,43000,1160,468
2022,2,3,木,かき計,43500,1913,369
2022,2,3,木,おうとう,44800,6,36468
2022,2,3,木,ぶどう計,45000,4211,1431
2022,2,3,木,いちご,46100,435587,1763
2022,2,3,木,メロン計,47000,34291,970
2022,2,3,木,すいか,48100,8044,365
2022,2,3,木,キウイフルツ,49300,141157,592
2022,2,3,木,バナナ,50100,352505,183
2022,2,3,木,パイナップル,50300,77278,186
2022,2,3,木,レモン,50400,27998,428
2022,2,3,木,オレンジ,50600,49364,371
2022,2,3,木,輸入おうとう,50700,290,2300
2022,2,3,木,輸入キウイ,50800,3268,413
2022,2,3,木,輸入メロン,50850,3252,297
2022,2,4,金,みかん,40100,872563,291
2022,2,4,金,はっさく,41321,51885,188
2022,2,4,金,りんご計,42000,583277,357
2022,2,4,金,かき計,43500,98,670
2022,2,4,金,おうとう,44800,7,27648
2022,2,4,金,ぶどう計,45000,3178,2043
2022,2,4,金,いちご,46100,275230,1746
2022,2,4,金,メロン計,47000,32587,915
2022,2,4,金,すいか,48100,2916,484
2022,2,4,金,キウイフルツ,49300,88569,603
2022,2,4,金,バナナ,50100,473178,172
2022,2,4,金,パイナップル,50300,64436,187
2022,2,4,金,レモン,50400,14465,448
2022,2,4,金,オレンジ,50600,25776,360
2022,2,4,金,輸入おうとう,50700,185,2286
2022,2,4,金,輸入キウイ,50800,4820,506
2022,2,4,金,輸入メロン,50850,4487,311
2022,2,5,土,みかん,40100,909657,293
2022,2,5,土,はっさく,41321,104801,215
2022,2,5,土,りんご計,42000,612700,356
2022,2,5,土,かき計,43500,3880,577
2022,2,5,土,おうとう,44800,8,21317
2022,2,5,土,ぶどう計,45000,2832,1701
2022,2,5,土,いちご,46100,303419,1757
2022,2,5,土,メロン計,47000,21855,1124
2022,2,5,土,すいか,48100,11861,363
2022,2,5,土,キウイフルツ,49300,78426,590
2022,2,5,土,バナナ,50100,394056,176
2022,2,5,土,パイナップル,50300,65281,175
2022,2,5,土,レモン,50400,21107,407
2022,2,5,土,オレンジ,50600,42545,337
2022,2,5,土,輸入おうとう,50700,60,2358
2022,2,5,土,輸入キウイ,50800,6746,441
2022,2,5,土,輸入メロン,50850,4168,345
2022,2,7,月,みかん,40100,868446,304
2022,2,7,月,はっさく,41321,104891,210
2022,2,7,月,りんご計,42000,737499,362
2022,2,7,月,日本なし計,43000,210,339
2022,2,7,月,かき計,43500,3988,730
2022,2,7,月,おうとう,44800,13,26958
2022,2,7,月,ぶどう計,45000,2986,896
2022,2,7,月,いちご,46100,439924,1731
2022,2,7,月,メロン計,47000,25531,1048
2022,2,7,月,すいか,48100,7143,370
2022,2,7,月,キウイフルツ,49300,86381,619
2022,2,7,月,バナナ,50100,517649,170
2022,2,7,月,パイナップル,50300,59794,179
2022,2,7,月,レモン,50400,13378,435
2022,2,7,月,オレンジ,50600,38161,320
2022,2,7,月,輸入おうとう,50700,50,1592
2022,2,7,月,輸入キウイ,50800,5931,532
2022,2,7,月,輸入メロン,50850,4543,293
2022,2,8,火,みかん,40100,847589,290
2022,2,8,火,はっさく,41321,124174,211
2022,2,8,火,りんご計,42000,570570,362
2022,2,8,火,かき計,43500,4658,478
2022,2,8,火,おうとう,44800,9,21612
2022,2,8,火,ぶどう計,45000,1261,2417
2022,2,8,火,いちご,46100,305445,1756
2022,2,8,火,メロン計,47000,17410,1138
2022,2,8,火,すいか,48100,680,802
2022,2,8,火,キウイフルツ,49300,75695,607
2022,2,8,火,バナナ,50100,336764,192
2022,2,8,火,パイナップル,50300,62813,174
2022,2,8,火,レモン,50400,14841,424
2022,2,8,火,オレンジ,50600,29230,349
2022,2,8,火,輸入おうとう,50700,85,2382
2022,2,8,火,輸入キウイ,50800,4851,505
2022,2,8,火,輸入メロン,50850,3749,295
2022,2,9,水,みかん,40100,2735,448
2022,2,9,水,はっさく,41321,660,319
2022,2,9,水,りんご計,42000,12989,357
2022,2,9,水,かき計,43500,110,563
2022,2,9,水,ぶどう計,45000,65,585
2022,2,9,水,いちご,46100,8745,1592
2022,2,9,水,メロン計,47000,73,1555
2022,2,9,水,キウイフルツ,49300,6,757
2022,2,9,水,バナナ,50100,15253,213
2022,2,9,水,パイナップル,50300,1196,151
2022,2,9,水,レモン,50400,93,468
2022,2,9,水,オレンジ,50600,104,467
2022,2,9,水,輸入キウイ,50800,49,618
2022,2,10,木,みかん,40100,1175689,305
2022,2,10,木,はっさく,41321,139909,203
2022,2,10,木,りんご計,42000,950699,359
2022,2,10,木,かき計,43500,7353,637
2022,2,10,木,おうとう,44800,14,21970
2022,2,10,木,ぶどう計,45000,3454,1508
2022,2,10,木,いちご,46100,515852,1745
2022,2,10,木,メロン計,47000,39920,1014
2022,2,10,木,すいか,48100,7282,362
2022,2,10,木,キウイフルツ,49300,147991,602
2022,2,10,木,バナナ,50100,468801,184
2022,2,10,木,パイナップル,50300,105941,189
2022,2,10,木,レモン,50400,15098,436
2022,2,10,木,オレンジ,50600,27986,379
2022,2,10,木,輸入おうとう,50700,280,1538
2022,2,10,木,輸入キウイ,50800,1849,558
2022,2,10,木,輸入メロン,50850,3669,377
2022,2,11,金,みかん,40100,183307,299
2022,2,11,金,はっさく,41321,18169,201
2022,2,11,金,りんご計,42000,274169,359
2022,2,11,金,ぶどう計,45000,236,2573
2022,2,11,金,いちご,46100,189315,1596
2022,2,11,金,メロン計,47000,6484,794
2022,2,11,金,すいか,48100,672,780
2022,2,11,金,キウイフルツ,49300,23144,622
2022,2,11,金,バナナ,50100,97584,156
2022,2,11,金,パイナップル,50300,10860,190
2022,2,11,金,レモン,50400,6723,433
2022,2,11,金,オレンジ,50600,1995,365
2022,2,11,金,輸入キウイ,50800,150,389
2022,2,11,金,輸入メロン,50850,599,337
2022,2,12,土,みかん,40100,916350,302
2022,2,12,土,はっさく,41321,134811,207
2022,2,12,土,りんご計,42000,660106,362
2022,2,12,土,かき計,43500,4350,519
2022,2,12,土,おうとう,44800,19,18951
2022,2,12,土,ぶどう計,45000,2843,1370
2022,2,12,土,いちご,46100,450887,1766
2022,2,12,土,メロン計,47000,32764,1068
2022,2,12,土,すいか,48100,6656,325
2022,2,12,土,キウイフルツ,49300,123017,567
2022,2,12,土,バナナ,50100,598469,175
2022,2,12,土,パイナップル,50300,94154,182
2022,2,12,土,レモン,50400,27523,409
2022,2,12,土,オレンジ,50600,49637,356
2022,2,12,土,輸入おうとう,50700,40,2511
2022,2,12,土,輸入キウイ,50800,4379,600
2022,2,12,土,輸入メロン,50850,7280,314
2022,2,14,月,みかん,40100,750309,312
2022,2,14,月,はっさく,41321,114481,203
2022,2,14,月,りんご計,42000,713672,366
2022,2,14,月,かき計,43500,4376,724
2022,2,14,月,おうとう,44800,12,20241
2022,2,14,月,ぶどう計,45000,2432,667
2022,2,14,月,いちご,46100,558776,1654
2022,2,14,月,メロン計,47000,27329,1090
2022,2,14,月,すいか,48100,11087,310
2022,2,14,月,キウイフルツ,49300,104319,606
2022,2,14,月,バナナ,50100,563695,179
2022,2,14,月,パイナップル,50300,74408,178
2022,2,14,月,レモン,50400,17649,444
2022,2,14,月,オレンジ,50600,28132,374
2022,2,14,月,輸入キウイ,50800,2884,611
2022,2,14,月,輸入メロン,50850,3207,361
2022,2,15,火,みかん,40100,728108,296
2022,2,15,火,はっさく,41321,108773,204
2022,2,15,火,りんご計,42000,577903,361
2022,2,15,火,かき計,43500,4731,440
2022,2,15,火,おうとう,44800,6,20898
2022,2,15,火,ぶどう計,45000,1667,1480
2022,2,15,火,いちご,46100,387402,1642
2022,2,15,火,メロン計,47000,17820,1142
2022,2,15,火,すいか,48100,3293,616
2022,2,15,火,キウイフルツ,49300,55623,622
2022,2,15,火,バナナ,50100,362219,180
2022,2,15,火,パイナップル,50300,66435,178
2022,2,15,火,レモン,50400,16937,431
2022,2,15,火,オレンジ,50600,30285,375
2022,2,15,火,輸入おうとう,50700,200,1011
2022,2,15,火,輸入キウイ,50800,10100,559
2022,2,15,火,輸入メロン,50850,2851,362
2022,2,17,木,みかん,40100,845136,313
2022,2,17,木,はっさく,41321,130633,200
2022,2,17,木,りんご計,42000,899887,367
2022,2,17,木,かき計,43500,4923,746
2022,2,17,木,おうとう,44800,8,21776
2022,2,17,木,ぶどう計,45000,1634,1655
2022,2,17,木,いちご,46100,616719,1581
2022,2,17,木,メロン計,47000,28688,1046
2022,2,17,木,すいか,48100,13584,339
2022,2,17,木,キウイフルツ,49300,124708,614
2022,2,17,木,バナナ,50100,415470,194
2022,2,17,木,パイナップル,50300,89200,179
2022,2,17,木,レモン,50400,14787,432
2022,2,17,木,オレンジ,50600,35969,375
2022,2,17,木,輸入おうとう,50700,5,2592
2022,2,17,木,輸入キウイ,50800,1630,609
2022,2,17,木,輸入メロン,50850,6051,336
2022,2,18,金,みかん,40100,589524,340
2022,2,18,金,はっさく,41321,74110,191
2022,2,18,金,りんご計,42000,604799,354
2022,2,18,金,かき計,43500,490,518
2022,2,18,金,びわ,43900,4,1809
2022,2,18,金,おうとう,44800,6,17982
2022,2,18,金,ぶどう計,45000,573,671
2022,2,18,金,いちご,46100,375068,1570
2022,2,18,金,メロン計,47000,21714,1011
2022,2,18,金,すいか,48100,5416,424
2022,2,18,金,キウイフルツ,49300,83168,591
2022,2,18,金,バナナ,50100,491158,170
2022,2,18,金,パイナップル,50300,82237,180
2022,2,18,金,レモン,50400,26147,417
2022,2,18,金,オレンジ,50600,29867,372
2022,2,18,金,輸入おうとう,50700,10,2592
2022,2,18,金,輸入キウイ,50800,8019,597
2022,2,18,金,輸入メロン,50850,2579,338
2022,2,19,土,みかん,40100,619973,311
2022,2,19,土,はっさく,41321,104991,211
2022,2,19,土,りんご計,42000,650944,362
2022,2,19,土,かき計,43500,98,898
2022,2,19,土,おうとう,44800,4,26190
2022,2,19,土,ぶどう計,45000,1577,645
2022,2,19,土,いちご,46100,441352,1569
2022,2,19,土,メロン計,47000,22024,1077
2022,2,19,土,すいか,48100,2402,758
2022,2,19,土,キウイフルツ,49300,69564,626
2022,2,19,土,バナナ,50100,469931,180
2022,2,19,土,パイナップル,50300,65416,177
2022,2,19,土,レモン,50400,36550,388
2022,2,19,土,オレンジ,50600,21304,376
2022,2,19,土,輸入キウイ,50800,2856,528
2022,2,19,土,輸入メロン,50850,1335,406
2022,2,21,月,みかん,40100,431185,337
2022,2,21,月,はっさく,41321,95467,192
2022,2,21,月,りんご計,42000,723675,360
2022,2,21,月,かき計,43500,4189,758
2022,2,21,月,びわ,43900,8,3625
2022,2,21,月,おうとう,44800,12,21843
2022,2,21,月,ぶどう計,45000,2878,638
2022,2,21,月,いちご,46100,631478,1483
2022,2,21,月,メロン計,47000,22158,1118
2022,2,21,月,すいか,48100,10251,424
2022,2,21,月,キウイフルツ,49300,94218,619
2022,2,21,月,バナナ,50100,551354,179
2022,2,21,月,パイナップル,50300,52360,180
2022,2,21,月,レモン,50400,13129,447
2022,2,21,月,オレンジ,50600,18681,401
2022,2,21,月,輸入おうとう,50700,5,2376
2022,2,21,月,輸入キウイ,50800,3416,626
2022,2,21,月,輸入メロン,50850,3498,305
2022,2,22,火,みかん,40100,448872,315
2022,2,22,火,はっさく,41321,97883,211
2022,2,22,火,りんご計,42000,500083,358
2022,2,22,火,かき計,43500,810,510
2022,2,22,火,びわ,43900,10,4471
2022,2,22,火,おうとう,44800,5,21838
2022,2,22,火,ぶどう計,45000,454,593
2022,2,22,火,いちご,46100,402742,1483
2022,2,22,火,メロン計,47000,17478,1237
2022,2,22,火,すいか,48100,2499,638
2022,2,22,火,キウイフルツ,49300,56379,609
2022,2,22,火,バナナ,50100,325043,178
2022,2,22,火,パイナップル,50300,61207,185
2022,2,22,火,レモン,50400,20792,435
2022,2,22,火,オレンジ,50600,33055,352
2022,2,22,火,輸入おうとう,50700,5,2592
2022,2,22,火,輸入キウイ,50800,2843,601
2022,2,22,火,輸入メロン,50850,3541,285
2022,2,24,木,みかん,40100,500890,347
2022,2,24,木,はっさく,41321,131488,199
2022,2,24,木,りんご計,42000,803924,365
2022,2,24,木,日本なし計,43000,500,236
2022,2,24,木,かき計,43500,4659,750
2022,2,24,木,びわ,43900,10,8186
2022,2,24,木,おうとう,44800,19,21242
2022,2,24,木,ぶどう計,45000,1687,684
2022,2,24,木,いちご,46100,626532,1462
2022,2,24,木,メロン計,47000,34966,1096
2022,2,24,木,すいか,48100,20269,377
2022,2,24,木,キウイフルツ,49300,136017,614
2022,2,24,木,バナナ,50100,414623,193
2022,2,24,木,パイナップル,50300,90122,188
2022,2,24,木,レモン,50400,16230,416
2022,2,24,木,オレンジ,50600,30767,383
2022,2,24,木,輸入おうとう,50700,5,648
2022,2,24,木,輸入キウイ,50800,1513,647
2022,2,24,木,輸入メロン,50850,3877,322
2022,2,25,金,みかん,40100,315652,345
2022,2,25,金,はっさく,41321,44308,198
2022,2,25,金,りんご計,42000,609122,361
2022,2,25,金,かき計,43500,4395,378
2022,2,25,金,おうとう,44800,12,16767
2022,2,25,金,ぶどう計,45000,162,1573
2022,2,25,金,いちご,46100,392363,1461
2022,2,25,金,メロン計,47000,22772,1080
2022,2,25,金,すいか,48100,8062,441
2022,2,25,金,キウイフルツ,49300,92498,585
2022,2,25,金,バナナ,50100,457277,169
2022,2,25,金,パイナップル,50300,74602,174
2022,2,25,金,レモン,50400,20680,425
2022,2,25,金,オレンジ,50600,32963,381
2022,2,25,金,輸入キウイ,50800,1238,655
2022,2,25,金,輸入メロン,50850,4576,317
2022,2,26,土,みかん,40100,398784,351
2022,2,26,土,はっさく,41321,114907,202
2022,2,26,土,りんご計,42000,549550,364
2022,2,26,土,びわ,43900,21,8763
2022,2,26,土,おうとう,44800,7,23652
2022,2,26,土,ぶどう計,45000,507,657
2022,2,26,土,いちご,46100,438376,1461
2022,2,26,土,メロン計,47000,21827,1092
2022,2,26,土,すいか,48100,21482,355
2022,2,26,土,キウイフルツ,49300,55127,624
2022,2,26,土,バナナ,50100,426702,185
2022,2,26,土,パイナップル,50300,99664,172
2022,2,26,土,レモン,50400,28099,377
2022,2,26,土,オレンジ,50600,56053,337
2022,2,26,土,輸入キウイ,50800,4584,448
2022,2,26,土,輸入メロン,50850,7262,263
2022,2,28,月,みかん,40100,341673,373
2022,2,28,月,はっさく,41321,104256,210
2022,2,28,月,りんご計,42000,608811,362
2022,2,28,月,かき計,43500,886,596
2022,2,28,月,びわ,43900,12,4239
2022,2,28,月,おうとう,44800,31,16493
2022,2,28,月,ぶどう計,45000,1997,651
2022,2,28,月,いちご,46100,666407,1424
2022,2,28,月,メロン計,47000,33161,964
2022,2,28,月,すいか,48100,21100,415
2022,2,28,月,キウイフルツ,49300,115665,637
2022,2,28,月,バナナ,50100,544192,190
2022,2,28,月,パイナップル,50300,69239,186
2022,2,28,月,レモン,50400,21948,409
2022,2,28,月,オレンジ,50600,42231,389
2022,2,28,月,輸入キウイ,50800,1368,568
2022,2,28,月,輸入メロン,50850,4585,355
2022,3,1,火,みかん,40100,295372,338
2022,3,1,火,はっさく,41321,125302,193
2022,3,1,火,りんご計,42000,655901,370
2022,3,1,火,かき計,43500,969,697
2022,3,1,火,びわ,43900,38,7057
2022,3,1,火,おうとう,44800,10,19397
2022,3,1,火,ぶどう計,45000,160,1526
2022,3,1,火,いちご,46100,473602,1427
2022,3,1,火,メロン計,47000,17130,1229
2022,3,1,火,すいか,48100,7189,517
2022,3,1,火,キウイフルツ,49300,46200,629
2022,3,1,火,バナナ,50100,341529,172
2022,3,1,火,パイナップル,50300,69294,185
2022,3,1,火,レモン,50400,29648,415
2022,3,1,火,オレンジ,50600,29081,349
2022,3,1,火,輸入キウイ,50800,2355,569
2022,3,1,火,輸入メロン,50850,3669,295
2022,3,3,木,みかん,40100,419266,374
2022,3,3,木,はっさく,41321,149581,221
2022,3,3,木,りんご計,42000,841519,369
2022,3,3,木,かき計,43500,1479,610
2022,3,3,木,びわ,43900,24,5094
2022,3,3,木,おうとう,44800,48,20018
2022,3,3,木,ぶどう計,45000,538,717
2022,3,3,木,いちご,46100,786341,1357
2022,3,3,木,メロン計,47000,31334,1112
2022,3,3,木,すいか,48100,34716,424
2022,3,3,木,キウイフルツ,49300,103902,657
2022,3,3,木,バナナ,50100,394958,185
2022,3,3,木,パイナップル,50300,78303,205
2022,3,3,木,レモン,50400,19776,427
2022,3,3,木,オレンジ,50600,32044,377
2022,3,3,木,輸入キウイ,50800,1379,575
2022,3,3,木,輸入メロン,50850,6189,328
2022,3,4,金,みかん,40100,238605,375
2022,3,4,金,はっさく,41321,50522,204
2022,3,4,金,りんご計,42000,566291,366
2022,3,4,金,かき計,43500,150,624
2022,3,4,金,びわ,43900,36,6165
2022,3,4,金,おうとう,44800,8,24462
2022,3,4,金,ぶどう計,45000,369,534
2022,3,4,金,いちご,46100,435716,1341
2022,3,4,金,メロン計,47000,17611,1320
2022,3,4,金,すいか,48100,5624,466
2022,3,4,金,キウイフルツ,49300,77677,631
2022,3,4,金,バナナ,50100,501304,170
2022,3,4,金,パイナップル,50300,76663,184
2022,3,4,金,レモン,50400,21154,423
2022,3,4,金,オレンジ,50600,30597,369
2022,3,4,金,輸入キウイ,50800,1973,624
2022,3,4,金,輸入メロン,50850,3123,374
2022,3,5,土,みかん,40100,282682,394
2022,3,5,土,はっさく,41321,91936,205
2022,3,5,土,りんご計,42000,625076,364
2022,3,5,土,かき計,43500,355,720
2022,3,5,土,びわ,43900,44,7135
2022,3,5,土,おうとう,44800,48,13812
2022,3,5,土,ぶどう計,45000,205,585
2022,3,5,土,いちご,46100,474090,1341
2022,3,5,土,メロン計,47000,19970,1315
2022,3,5,土,すいか,48100,26473,432
2022,3,5,土,キウイフルツ,49300,43993,631
2022,3,5,土,バナナ,50100,430359,178
2022,3,5,土,パイナップル,50300,85554,198
2022,3,5,土,レモン,50400,23788,390
2022,3,5,土,オレンジ,50600,61185,357
2022,3,5,土,輸入キウイ,50800,1664,567
2022,3,5,土,輸入メロン,50850,4735,284
2022,3,7,月,みかん,40100,315574,414
2022,3,7,月,はっさく,41321,135732,227
2022,3,7,月,りんご計,42000,701180,367
2022,3,7,月,かき計,43500,1140,700
2022,3,7,月,びわ,43900,35,6323
2022,3,7,月,おうとう,44800,63,16625
2022,3,7,月,ぶどう計,45000,770,1003
2022,3,7,月,いちご,46100,743245,1305
2022,3,7,月,メロン計,47000,31098,1219
2022,3,7,月,すいか,48100,29432,411
2022,3,7,月,キウイフルツ,49300,95528,657
2022,3,7,月,バナナ,50100,409909,195
2022,3,7,月,パイナップル,50300,73461,194
2022,3,7,月,レモン,50400,19365,426
2022,3,7,月,オレンジ,50600,36309,362
2022,3,7,月,輸入キウイ,50800,1038,635
2022,3,7,月,輸入メロン,50850,6723,327
2022,3,8,火,みかん,40100,227950,398
2022,3,8,火,はっさく,41321,94595,204
2022,3,8,火,りんご計,42000,545804,369
2022,3,8,火,日本なし計,43000,2750,329
2022,3,8,火,かき計,43500,490,456
2022,3,8,火,びわ,43900,91,6883
2022,3,8,火,おうとう,44800,46,10758
2022,3,8,火,ぶどう計,45000,395,1107
2022,3,8,火,いちご,46100,454679,1317
2022,3,8,火,メロン計,47000,19517,1351
2022,3,8,火,すいか,48100,32471,370
2022,3,8,火,キウイフルツ,49300,58766,642
2022,3,8,火,バナナ,50100,439921,170
2022,3,8,火,パイナップル,50300,61418,187
2022,3,8,火,レモン,50400,22084,400
2022,3,8,火,オレンジ,50600,43188,362
2022,3,8,火,輸入キウイ,50800,1977,553
2022,3,8,火,輸入メロン,50850,1812,321
2022,3,10,木,みかん,40100,301161,415
2022,3,10,木,はっさく,41321,152249,211
2022,3,10,木,りんご計,42000,830235,370
2022,3,10,木,びわ,43900,113,6839
2022,3,10,木,おうとう,44800,75,15461
2022,3,10,木,ぶどう計,45000,993,629
2022,3,10,木,いちご,46100,760050,1294
2022,3,10,木,メロン計,47000,29664,1202
2022,3,10,木,すいか,48100,42758,421
2022,3,10,木,キウイフルツ,49300,110960,646
2022,3,10,木,バナナ,50100,469808,190
2022,3,10,木,パイナップル,50300,94567,197
2022,3,10,木,レモン,50400,18499,416
2022,3,10,木,オレンジ,50600,54643,358
2022,3,10,木,輸入キウイ,50800,2967,591
2022,3,10,木,輸入メロン,50850,6310,345
2022,3,11,金,みかん,40100,188938,394
2022,3,11,金,はっさく,41321,55774,205
2022,3,11,金,りんご計,42000,648298,368
2022,3,11,金,かき計,43500,390,712
2022,3,11,金,びわ,43900,124,3528
2022,3,11,金,おうとう,44800,69,17073
2022,3,11,金,ぶどう計,45000,590,1085
2022,3,11,金,いちご,46100,441916,1302
2022,3,11,金,メロン計,47000,20686,1358
2022,3,11,金,すいか,48100,13082,383
2022,3,11,金,キウイフルツ,49300,70669,632
2022,3,11,金,バナナ,50100,481330,172
2022,3,11,金,パイナップル,50300,71683,194
2022,3,11,金,レモン,50400,24324,407
2022,3,11,金,オレンジ,50600,46675,357
2022,3,11,金,輸入キウイ,50800,1074,518
2022,3,11,金,輸入メロン,50850,4441,305
2022,3,12,土,みかん,40100,225774,429
2022,3,12,土,はっさく,41321,132012,202
2022,3,12,土,りんご計,42000,614535,369
2022,3,12,土,日本なし計,43000,230,291
2022,3,12,土,びわ,43900,65,6021
2022,3,12,土,おうとう,44800,71,13493
2022,3,12,土,ぶどう計,45000,305,557
2022,3,12,土,いちご,46100,495291,1297
2022,3,12,土,メロン計,47000,19192,1400
2022,3,12,土,すいか,48100,25163,489
2022,3,12,土,キウイフルツ,49300,62987,538
2022,3,12,土,バナナ,50100,478011,185
2022,3,12,土,パイナップル,50300,87114,200
2022,3,12,土,レモン,50400,31085,380
2022,3,12,土,オレンジ,50600,64433,343
2022,3,12,土,輸入キウイ,50800,2828,536
2022,3,12,土,輸入メロン,50850,4185,339
2022,3,14,月,みかん,40100,253794,430
2022,3,14,月,はっさく,41321,145555,225
2022,3,14,月,りんご計,42000,726840,375
2022,3,14,月,かき計,43500,390,692
2022,3,14,月,びわ,43900,282,7090
2022,3,14,月,おうとう,44800,98,15208
2022,3,14,月,ぶどう計,45000,536,739
2022,3,14,月,いちご,46100,769560,1230
2022,3,14,月,メロン計,47000,29589,1335
2022,3,14,月,すいか,48100,40279,399
2022,3,14,月,キウイフルツ,49300,68475,623
2022,3,14,月,バナナ,50100,520496,182
2022,3,14,月,パイナップル,50300,61009,185
2022,3,14,月,レモン,50400,25470,402
2022,3,14,月,オレンジ,50600,50343,345
2022,3,14,月,輸入キウイ,50800,5945,619
2022,3,14,月,輸入メロン,50850,2731,345
2022,3,15,火,みかん,40100,162723,413
2022,3,15,火,はっさく,41321,122455,210
2022,3,15,火,りんご計,42000,655254,372
2022,3,15,火,日本なし計,43000,2055,317
2022,3,15,火,びわ,43900,150,4761
2022,3,15,火,おうとう,44800,91,16525
2022,3,15,火,ぶどう計,45000,198,1361
2022,3,15,火,いちご,46100,524194,1227
2022,3,15,火,メロン計,47000,20359,1433
2022,3,15,火,すいか,48100,35305,368
2022,3,15,火,キウイフルツ,49300,47945,658
2022,3,15,火,バナナ,50100,290615,189
2022,3,15,火,パイナップル,50300,77930,186
2022,3,15,火,レモン,50400,31865,380
2022,3,15,火,オレンジ,50600,35454,359
2022,3,15,火,輸入キウイ,50800,2228,557
2022,3,15,火,輸入メロン,50850,5398,316
2022,3,17,木,みかん,40100,173879,418
2022,3,17,木,はっさく,41321,139114,217
2022,3,17,木,りんご計,42000,812836,377
2022,3,17,木,日本なし計,43000,430,237
2022,3,17,木,かき計,43500,390,597
2022,3,17,木,びわ,43900,384,6443
2022,3,17,木,おうとう,44800,100,16492
2022,3,17,木,ぶどう計,45000,730,805
2022,3,17,木,いちご,46100,917385,1154
2022,3,17,木,メロン計,47000,34489,1329
2022,3,17,木,すいか,48100,53004,408
2022,3,17,木,キウイフルツ,49300,70843,638
2022,3,17,木,バナナ,50100,410425,197
2022,3,17,木,パイナップル,50300,122343,200
2022,3,17,木,レモン,50400,29136,398
2022,3,17,木,オレンジ,50600,40579,355
2022,3,17,木,輸入キウイ,50800,1567,640
2022,3,17,木,輸入メロン,50850,6300,369
2022,3,18,金,みかん,40100,127518,417
2022,3,18,金,はっさく,41321,42493,198
2022,3,18,金,りんご計,42000,641675,368
2022,3,18,金,日本なし計,43000,1230,329
2022,3,18,金,びわ,43900,540,4663
2022,3,18,金,おうとう,44800,110,15970
2022,3,18,金,ぶどう計,45000,309,897
2022,3,18,金,いちご,46100,533687,1131
2022,3,18,金,メロン計,47000,21720,1353
2022,3,18,金,すいか,48100,34761,353
2022,3,18,金,キウイフルツ,49300,62481,641
2022,3,18,金,バナナ,50100,468310,170
2022,3,18,金,パイナップル,50300,74231,203
2022,3,18,金,レモン,50400,36509,398
2022,3,18,金,オレンジ,50600,60065,351
2022,3,18,金,輸入キウイ,50800,1925,627
2022,3,18,金,輸入メロン,50850,7205,333
2022,3,19,土,みかん,40100,140914,450
2022,3,19,土,はっさく,41321,83177,208
2022,3,19,土,りんご計,42000,724955,373
2022,3,19,土,びわ,43900,285,5516
2022,3,19,土,おうとう,44800,105,13856
2022,3,19,土,ぶどう計,45000,195,944
2022,3,19,土,いちご,46100,559882,1132
2022,3,19,土,メロン計,47000,27663,1355
2022,3,19,土,すいか,48100,59647,438
2022,3,19,土,キウイフルツ,49300,28724,669
2022,3,19,土,バナナ,50100,584437,182
2022,3,19,土,パイナップル,50300,132215,200
2022,3,19,土,レモン,50400,39354,379
2022,3,19,土,オレンジ,50600,49735,359
2022,3,19,土,輸入キウイ,50800,1629,641
2022,3,19,土,輸入メロン,50850,4899,317
2022,3,21,月,りんご計,42000,3670,421
2022,3,21,月,びわ,43900,7,1944
2022,3,21,月,いちご,46100,1331,1136
2022,3,21,月,メロン計,47000,179,690
2022,3,21,月,すいか,48100,419,175
2022,3,21,月,キウイフルツ,49300,274,720
2022,3,21,月,バナナ,50100,6416,211
2022,3,21,月,パイナップル,50300,2720,236
2022,3,21,月,レモン,50400,749,574
2022,3,21,月,オレンジ,50600,1197,440
2022,3,21,月,輸入メロン,50850,10,410
2022,3,22,火,みかん,40100,145108,434
2022,3,22,火,はっさく,41321,133032,227
2022,3,22,火,りんご計,42000,846564,374
2022,3,22,火,かき計,43500,435,679
2022,3,22,火,びわ,43900,1310,4612
2022,3,22,火,おうとう,44800,195,12119
2022,3,22,火,ぶどう計,45000,202,922
2022,3,22,火,いちご,46100,970923,1098
2022,3,22,火,メロン計,47000,31454,1295
2022,3,22,火,すいか,48100,91243,405
2022,3,22,火,キウイフルツ,49300,74783,644
2022,3,22,火,バナナ,50100,665016,186
2022,3,22,火,パイナップル,50300,89151,218
2022,3,22,火,レモン,50400,30254,400
2022,3,22,火,オレンジ,50600,76970,340
2022,3,22,火,輸入キウイ,50800,4248,608
2022,3,22,火,輸入メロン,50850,3481,337
2022,3,23,水,みかん,40100,73292,327
2022,3,23,水,はっさく,41321,24653,213
2022,3,23,水,りんご計,42000,313234,387
2022,3,23,水,びわ,43900,235,4812
2022,3,23,水,おうとう,44800,104,13235
2022,3,23,水,ぶどう計,45000,205,1414
2022,3,23,水,いちご,46100,302619,1152
2022,3,23,水,メロン計,47000,20306,1400
2022,3,23,水,すいか,48100,38448,399
2022,3,23,水,キウイフルツ,49300,9750,674
2022,3,23,水,バナナ,50100,235453,179
2022,3,23,水,パイナップル,50300,57321,222
2022,3,23,水,レモン,50400,15365,403
2022,3,23,水,オレンジ,50600,22061,355
2022,3,23,水,輸入キウイ,50800,1112,565
2022,3,23,水,輸入メロン,50850,3716,309
2022,3,24,木,みかん,40100,73186,441
2022,3,24,木,はっさく,41321,79572,209
2022,3,24,木,りんご計,42000,604224,383
2022,3,24,木,びわ,43900,792,4762
2022,3,24,木,おうとう,44800,148,11660
2022,3,24,木,ぶどう計,45000,323,740
2022,3,24,木,いちご,46100,470462,1141
2022,3,24,木,メロン計,47000,29662,1213
2022,3,24,木,すいか,48100,65736,414
2022,3,24,木,キウイフルツ,49300,48817,621
2022,3,24,木,バナナ,50100,317985,195
2022,3,24,木,パイナップル,50300,109168,231
2022,3,24,木,レモン,50400,28658,396
2022,3,24,木,オレンジ,50600,37558,351
2022,3,24,木,輸入キウイ,50800,1488,554
2022,3,24,木,輸入メロン,50850,8398,310
2022,3,25,金,みかん,40100,119267,390
2022,3,25,金,はっさく,41321,66064,208
2022,3,25,金,りんご計,42000,545636,377
2022,3,25,金,かき計,43500,295,585
2022,3,25,金,びわ,43900,932,4293
2022,3,25,金,おうとう,44800,97,13528
2022,3,25,金,ぶどう計,45000,168,1331
2022,3,25,金,いちご,46100,366410,1165
2022,3,25,金,メロン計,47000,19179,1298
2022,3,25,金,すいか,48100,61070,373
2022,3,25,金,キウイフルツ,49300,48324,661
2022,3,25,金,バナナ,50100,536971,174
2022,3,25,金,パイナップル,50300,100238,221
2022,3,25,金,レモン,50400,32823,396
2022,3,25,金,オレンジ,50600,29991,367
2022,3,25,金,輸入キウイ,50800,5076,443
2022,3,25,金,輸入メロン,50850,8127,281
2022,3,26,土,みかん,40100,72471,477
2022,3,26,土,はっさく,41321,65278,218
2022,3,26,土,りんご計,42000,561885,374
2022,3,26,土,びわ,43900,807,4188
2022,3,26,土,おうとう,44800,113,13953
2022,3,26,土,ぶどう計,45000,197,942
2022,3,26,土,いちご,46100,388776,1195
2022,3,26,土,メロン計,47000,27660,1213
2022,3,26,土,すいか,48100,77187,405
2022,3,26,土,キウイフルツ,49300,37382,676
2022,3,26,土,バナナ,50100,466222,181
2022,3,26,土,パイナップル,50300,106240,209
2022,3,26,土,レモン,50400,34045,359
2022,3,26,土,オレンジ,50600,70227,356
2022,3,26,土,輸入キウイ,50800,2161,616
2022,3,26,土,輸入メロン,50850,6668,304
2022,3,28,月,みかん,40100,32846,514
2022,3,28,月,はっさく,41321,75422,236
2022,3,28,月,りんご計,42000,589776,376
2022,3,28,月,かき計,43500,290,653
2022,3,28,月,びわ,43900,1527,4044
2022,3,28,月,おうとう,44800,274,10621
2022,3,28,月,ぶどう計,45000,25,2873
2022,3,28,月,いちご,46100,619020,1188
2022,3,28,月,メロン計,47000,42251,1183
2022,3,28,月,すいか,48100,101397,382
2022,3,28,月,キウイフルツ,49300,61451,648
2022,3,28,月,バナナ,50100,536440,180
2022,3,28,月,パイナップル,50300,93538,217
2022,3,28,月,レモン,50400,35163,366
2022,3,28,月,オレンジ,50600,52356,356
2022,3,28,月,輸入キウイ,50800,6119,544
2022,3,28,月,輸入メロン,50850,6536,368
2022,3,29,火,みかん,40100,26559,380
2022,3,29,火,はっさく,41321,68958,223
2022,3,29,火,りんご計,42000,552153,378
2022,3,29,火,びわ,43900,1066,3710
2022,3,29,火,おうとう,44800,158,12235
2022,3,29,火,ぶどう計,45000,144,1241
2022,3,29,火,いちご,46100,400618,1213
2022,3,29,火,メロン計,47000,30045,1183
2022,3,29,火,すいか,48100,69143,402
2022,3,29,火,キウイフルツ,49300,45791,550
2022,3,29,火,バナナ,50100,402734,188
2022,3,29,火,パイナップル,50300,95584,210
2022,3,29,火,レモン,50400,31123,397
2022,3,29,火,オレンジ,50600,54207,339
2022,3,29,火,輸入キウイ,50800,4011,631
2022,3,29,火,輸入メロン,50850,6121,323
2022,3,31,木,みかん,40100,45331,359
2022,3,31,木,はっさく,41321,60059,246
2022,3,31,木,りんご計,42000,536081,378
2022,3,31,木,びわ,43900,2178,3296
2022,3,31,木,おうとう,44800,328,10301
2022,3,31,木,ぶどう計,45000,80,1307
2022,3,31,木,いちご,46100,782786,1178
2022,3,31,木,メロン計,47000,37595,1140
2022,3,31,木,すいか,48100,111489,392
2022,3,31,木,キウイフルツ,49300,29971,644
2022,3,31,木,バナナ,50100,945558,177
2022,3,31,木,パイナップル,50300,172645,216
2022,3,31,木,レモン,50400,47113,362
2022,3,31,木,オレンジ,50600,73910,361
2022,3,31,木,輸入キウイ,50800,7370,582
2022,3,31,木,輸入メロン,50850,11490,321
2022,4,1,金,みかん,40100,11720,377
2022,4,1,金,はっさく,41321,53412,224
2022,4,1,金,りんご計,42000,717092,375
2022,4,1,金,びわ,43900,1894,3247
2022,4,1,金,おうとう,44800,382,10454
2022,4,1,金,ぶどう計,45000,46,3052
2022,4,1,金,いちご,46100,412886,1174
2022,4,1,金,メロン計,47000,26356,1144
2022,4,1,金,すいか,48100,100106,355
2022,4,1,金,キウイフルツ,49300,28919,608
2022,4,1,金,バナナ,50100,271912,194
2022,4,1,金,パイナップル,50300,70180,211
2022,4,1,金,レモン,50400,23073,398
2022,4,1,金,オレンジ,50600,23774,374
2022,4,1,金,輸入キウイ,50800,3999,628
2022,4,1,金,輸入メロン,50850,3517,351
2022,4,2,土,みかん,40100,28039,575
2022,4,2,土,はっさく,41321,51994,232
2022,4,2,土,りんご計,42000,505275,382
2022,4,2,土,びわ,43900,1944,3298
2022,4,2,土,おうとう,44800,314,10732
2022,4,2,土,ぶどう計,45000,46,2900
2022,4,2,土,いちご,46100,445243,1172
2022,4,2,土,メロン計,47000,33128,1127
2022,4,2,土,すいか,48100,104234,384
2022,4,2,土,キウイフルツ,49300,5459,610
2022,4,2,土,バナナ,50100,423695,188
2022,4,2,土,パイナップル,50300,78616,208
2022,4,2,土,レモン,50400,33641,401
2022,4,2,土,オレンジ,50600,52813,354
2022,4,2,土,輸入キウイ,50800,71356,824
2022,4,2,土,輸入メロン,50850,7241,316
2022,4,4,月,みかん,40100,21677,579
2022,4,4,月,はっさく,41321,69897,240
2022,4,4,月,りんご計,42000,603517,384
2022,4,4,月,びわ,43900,3711,3180
2022,4,4,月,おうとう,44800,443,11020
2022,4,4,月,ぶどう計,45000,140,589
2022,4,4,月,いちご,46100,600525,1149
2022,4,4,月,メロン計,47000,40578,1127
2022,4,4,月,すいか,48100,141075,364
2022,4,4,月,キウイフルツ,49300,15338,712
2022,4,4,月,バナナ,50100,503916,182
2022,4,4,月,パイナップル,50300,101578,220
2022,4,4,月,レモン,50400,30632,381
2022,4,4,月,オレンジ,50600,63635,370
2022,4,4,月,輸入キウイ,50800,164806,690
2022,4,4,月,輸入メロン,50850,4266,314
2022,4,5,火,みかん,40100,22067,544
2022,4,5,火,はっさく,41321,63439,245
2022,4,5,火,りんご計,42000,422669,383
2022,4,5,火,びわ,43900,1629,2985
2022,4,5,火,おうとう,44800,553,8224
2022,4,5,火,ぶどう計,45000,49,3086
2022,4,5,火,いちご,46100,368958,1166
2022,4,5,火,メロン計,47000,28043,1186
2022,4,5,火,すいか,48100,103048,379
2022,4,5,火,キウイフルツ,49300,2747,651
2022,4,5,火,バナナ,50100,300683,189
2022,4,5,火,パイナップル,50300,106487,204
2022,4,5,火,レモン,50400,31664,370
2022,4,5,火,オレンジ,50600,44051,369
2022,4,5,火,輸入キウイ,50800,57654,684
2022,4,5,火,輸入メロン,50850,5324,313
2022,4,7,木,みかん,40100,7621,418
2022,4,7,木,はっさく,41321,94130,244
2022,4,7,木,りんご計,42000,648097,379
2022,4,7,木,びわ,43900,4729,2825
2022,4,7,木,おうとう,44800,632,10735
2022,4,7,木,ぶどう計,45000,55,483
2022,4,7,木,いちご,46100,570120,1169
2022,4,7,木,メロン計,47000,50269,1062
2022,4,7,木,すいか,48100,155515,385
2022,4,7,木,キウイフルツ,49300,4040,715
2022,4,7,木,バナナ,50100,476442,188
2022,4,7,木,パイナップル,50300,136534,217
2022,4,7,木,レモン,50400,33001,368
2022,4,7,木,オレンジ,50600,68337,346
2022,4,7,木,輸入キウイ,50800,128321,720
2022,4,7,木,輸入メロン,50850,8110,316
2022,4,8,金,みかん,40100,4077,349
2022,4,8,金,はっさく,41321,50349,238
2022,4,8,金,りんご計,42000,525773,379
2022,4,8,金,びわ,43900,1805,2936
2022,4,8,金,おうとう,44800,592,9612
2022,4,8,金,いちご,46100,320265,1169
2022,4,8,金,メロン計,47000,35584,1078
2022,4,8,金,すいか,48100,127975,375
2022,4,8,金,キウイフルツ,49300,2086,565
2022,4,8,金,バナナ,50100,479792,175
2022,4,8,金,パイナップル,50300,110713,210
2022,4,8,金,レモン,50400,31163,386
2022,4,8,金,オレンジ,50600,57093,368
2022,4,8,金,輸入キウイ,50800,58669,756
2022,4,8,金,輸入メロン,50850,7903,273
2022,4,9,土,みかん,40100,3386,421
2022,4,9,土,はっさく,41321,25264,243
2022,4,9,土,りんご計,42000,578866,377
2022,4,9,土,びわ,43900,4059,2760
2022,4,9,土,おうとう,44800,728,9540
2022,4,9,土,いちご,46100,395863,1183
2022,4,9,土,メロン計,47000,50086,1012
2022,4,9,土,すいか,48100,156444,390
2022,4,9,土,キウイフルツ,49300,2702,681
2022,4,9,土,バナナ,50100,508693,183
2022,4,9,土,パイナップル,50300,121558,207
2022,4,9,土,レモン,50400,36110,370
2022,4,9,土,オレンジ,50600,92820,348
2022,4,9,土,輸入キウイ,50800,60641,719
2022,4,9,土,輸入メロン,50850,4877,307
2022,4,11,月,みかん,40100,3435,406
2022,4,11,月,はっさく,41321,101351,246
2022,4,11,月,りんご計,42000,641376,383
2022,4,11,月,びわ,43900,5323,2779
2022,4,11,月,おうとう,44800,755,10062
2022,4,11,月,いちご,46100,622200,1158
2022,4,11,月,メロン計,47000,76248,942
2022,4,11,月,すいか,48100,239438,370
2022,4,11,月,キウイフルツ,49300,4243,730
2022,4,11,月,バナナ,50100,532517,184
2022,4,11,月,パイナップル,50300,89887,210
2022,4,11,月,レモン,50400,26053,388
2022,4,11,月,オレンジ,50600,52924,361
2022,4,11,月,輸入キウイ,50800,38447,715
2022,4,11,月,輸入メロン,50850,7882,339
2022,4,12,火,みかん,40100,3196,390
2022,4,12,火,はっさく,41321,40383,222
2022,4,12,火,りんご計,42000,489116,386
2022,4,12,火,びわ,43900,1769,2780
2022,4,12,火,おうとう,44800,848,9820
2022,4,12,火,いちご,46100,401632,1168
2022,4,12,火,メロン計,47000,63980,925
2022,4,12,火,すいか,48100,122359,380
2022,4,12,火,キウイフルツ,49300,1522,612
2022,4,12,火,バナナ,50100,400301,190
2022,4,12,火,パイナップル,50300,108844,210
2022,4,12,火,レモン,50400,41399,348
2022,4,12,火,オレンジ,50600,75972,334
2022,4,12,火,輸入キウイ,50800,46423,673
2022,4,12,火,輸入メロン,50850,4805,310
2022,4,14,木,みかん,40100,4890,340
2022,4,14,木,はっさく,41321,75867,238
2022,4,14,木,りんご計,42000,585648,389
2022,4,14,木,びわ,43900,6556,2662
2022,4,14,木,おうとう,44800,1266,8483
2022,4,14,木,いちご,46100,691376,1139
2022,4,14,木,メロン計,47000,76657,889
2022,4,14,木,すいか,48100,260881,386
2022,4,14,木,キウイフルツ,49300,2781,700
2022,4,14,木,バナナ,50100,434778,197
2022,4,14,木,パイナップル,50300,140779,212
2022,4,14,木,レモン,50400,40954,375
2022,4,14,木,オレンジ,50600,64428,377
2022,4,14,木,輸入キウイ,50800,195597,720
2022,4,14,木,輸入メロン,50850,6675,337
2022,4,15,金,みかん,40100,3341,1138
2022,4,15,金,はっさく,41321,22525,233
2022,4,15,金,りんご計,42000,520151,385
2022,4,15,金,びわ,43900,1765,2812
2022,4,15,金,おうとう,44800,976,8255
2022,4,15,金,いちご,46100,387466,1135
2022,4,15,金,メロン計,47000,58636,904
2022,4,15,金,すいか,48100,187305,376
2022,4,15,金,キウイフルツ,49300,2754,524
2022,4,15,金,バナナ,50100,483976,176
2022,4,15,金,パイナップル,50300,120083,203
2022,4,15,金,レモン,50400,34092,391
2022,4,15,金,オレンジ,50600,72116,356
2022,4,15,金,輸入キウイ,50800,176686,704
2022,4,15,金,輸入メロン,50850,3732,327
2022,4,16,土,みかん,40100,1255,1638
2022,4,16,土,はっさく,41321,33045,220
2022,4,16,土,りんご計,42000,558611,376
2022,4,16,土,びわ,43900,5131,2697
2022,4,16,土,おうとう,44800,1139,7893
2022,4,16,土,ぶどう計,45000,150,406
2022,4,16,土,いちご,46100,439275,1118
2022,4,16,土,メロン計,47000,66316,860
2022,4,16,土,すいか,48100,191402,370
2022,4,16,土,キウイフルツ,49300,2016,668
2022,4,16,土,バナナ,50100,543844,188
2022,4,16,土,パイナップル,50300,113745,197
2022,4,16,土,レモン,50400,48685,356
2022,4,16,土,オレンジ,50600,103742,347
2022,4,16,土,輸入キウイ,50800,111778,699
2022,4,16,土,輸入メロン,50850,3928,322
2022,4,18,月,みかん,40100,4294,2034
2022,4,18,月,はっさく,41321,60260,232
2022,4,18,月,りんご計,42000,568812,382
2022,4,18,月,びわ,43900,5626,2673
2022,4,18,月,おうとう,44800,926,8326
2022,4,18,月,ぶどう計,45000,256,4607
2022,4,18,月,いちご,46100,538149,1080
2022,4,18,月,メロン計,47000,83253,821
2022,4,18,月,すいか,48100,270622,382
2022,4,18,月,キウイフルツ,49300,2596,748
2022,4,18,月,バナナ,50100,643456,180
2022,4,18,月,パイナップル,50300,79505,208
2022,4,18,月,レモン,50400,35337,388
2022,4,18,月,オレンジ,50600,80483,350
2022,4,18,月,輸入キウイ,50800,47110,727
2022,4,18,月,輸入メロン,50850,15085,237
2022,4,19,火,みかん,40100,1154,805
2022,4,19,火,はっさく,41321,28243,220
2022,4,19,火,りんご計,42000,464018,384
2022,4,19,火,びわ,43900,2166,2664
2022,4,19,火,もも,44100,31,16078
2022,4,19,火,おうとう,44800,1052,8430
2022,4,19,火,ぶどう計,45000,4,4590
2022,4,19,火,いちご,46100,320137,1092
2022,4,19,火,メロン計,47000,71379,839
2022,4,19,火,すいか,48100,215413,373
2022,4,19,火,キウイフルツ,49300,643,645
2022,4,19,火,バナナ,50100,382654,182
2022,4,19,火,パイナップル,50300,102134,194
2022,4,19,火,レモン,50400,45821,360
2022,4,19,火,オレンジ,50600,45395,378
2022,4,19,火,輸入キウイ,50800,73265,719
2022,4,19,火,輸入メロン,50850,5785,278
2022,4,21,木,みかん,40100,3234,2141
2022,4,21,木,はっさく,41321,78557,241
2022,4,21,木,りんご計,42000,571876,392
2022,4,21,木,びわ,43900,7637,2536
2022,4,21,木,もも,44100,23,9232
2022,4,21,木,おうとう,44800,1327,8448
2022,4,21,木,ぶどう計,45000,502,5109
2022,4,21,木,いちご,46100,538258,1087
2022,4,21,木,メロン計,47000,118644,792
2022,4,21,木,すいか,48100,484497,360
2022,4,21,木,キウイフルツ,49300,390,672
2022,4,21,木,バナナ,50100,535616,193
2022,4,21,木,パイナップル,50300,130659,203
2022,4,21,木,レモン,50400,38809,370
2022,4,21,木,オレンジ,50600,62101,341
2022,4,21,木,輸入キウイ,50800,128549,741
2022,4,21,木,輸入メロン,50850,6410,311
2022,4,22,金,みかん,40100,3826,1958
2022,4,22,金,はっさく,41321,19510,226
2022,4,22,金,りんご計,42000,536279,387
2022,4,22,金,びわ,43900,1972,2688
2022,4,22,金,おうとう,44800,1286,7946
2022,4,22,金,ぶどう計,45000,43,5541
2022,4,22,金,いちご,46100,295988,1095
2022,4,22,金,メロン計,47000,99075,799
2022,4,22,金,すいか,48100,285103,376
2022,4,22,金,キウイフルツ,49300,774,664
2022,4,22,金,バナナ,50100,565411,170
2022,4,22,金,パイナップル,50300,131861,206
2022,4,22,金,レモン,50400,44403,398
2022,4,22,金,オレンジ,50600,73310,342
2022,4,22,金,輸入おうとう,50700,147,2729
2022,4,22,金,輸入キウイ,50800,68977,763
2022,4,22,金,輸入メロン,50850,5692,297
2022,4,23,土,みかん,40100,1946,1510
2022,4,23,土,はっさく,41321,24176,232
2022,4,23,土,りんご計,42000,567064,387
2022,4,23,土,日本なし計,43000,660,227
2022,4,23,土,びわ,43900,5982,2567
2022,4,23,土,もも,44100,204,8809
2022,4,23,土,おうとう,44800,1434,7893
2022,4,23,土,ぶどう計,45000,614,5030
2022,4,23,土,いちご,46100,330202,1110
2022,4,23,土,メロン計,47000,98732,805
2022,4,23,土,すいか,48100,210618,369
2022,4,23,土,キウイフルツ,49300,710,870
2022,4,23,土,バナナ,50100,573336,189
2022,4,23,土,パイナップル,50300,113394,204
2022,4,23,土,レモン,50400,39959,355
2022,4,23,土,オレンジ,50600,73534,342
2022,4,23,土,輸入おうとう,50700,517,2887
2022,4,23,土,輸入キウイ,50800,129989,663
2022,4,23,土,輸入メロン,50850,5656,283
2022,4,25,月,みかん,40100,5944,1907
2022,4,25,月,はっさく,41321,39779,228
2022,4,25,月,りんご計,42000,568306,388
2022,4,25,月,びわ,43900,7873,2517
2022,4,25,月,もも,44100,221,6324
2022,4,25,月,おうとう,44800,1563,7527
2022,4,25,月,ぶどう計,45000,987,5695
2022,4,25,月,いちご,46100,504531,1096
2022,4,25,月,メロン計,47000,149181,775
2022,4,25,月,すいか,48100,573023,350
2022,4,25,月,キウイフルツ,49300,1310,854
2022,4,25,月,バナナ,50100,534582,180
2022,4,25,月,パイナップル,50300,81349,212
2022,4,25,月,レモン,50400,27683,391
2022,4,25,月,オレンジ,50600,89814,359
2022,4,25,月,輸入おうとう,50700,374,2728
2022,4,25,月,輸入キウイ,50800,122682,688
2022,4,25,月,輸入メロン,50850,5628,295
2022,4,26,火,みかん,40100,2597,696
2022,4,26,火,はっさく,41321,19864,207
2022,4,26,火,りんご計,42000,461856,391
2022,4,26,火,びわ,43900,2693,2562
2022,4,26,火,もも,44100,75,6044
2022,4,26,火,おうとう,44800,1729,7726
2022,4,26,火,ぶどう計,45000,590,8140
2022,4,26,火,いちご,46100,320366,1106
2022,4,26,火,メロン計,47000,119918,799
2022,4,26,火,すいか,48100,262708,367
2022,4,26,火,キウイフルツ,49300,1122,814
2022,4,26,火,バナナ,50100,330043,195
2022,4,26,火,パイナップル,50300,112331,193
2022,4,26,火,レモン,50400,31088,388
2022,4,26,火,オレンジ,50600,79585,338
2022,4,26,火,輸入おうとう,50700,767,2762
2022,4,26,火,輸入キウイ,50800,62484,656
2022,4,26,火,輸入メロン,50850,6166,307
2022,4,27,水,みかん,40100,522,537
2022,4,27,水,はっさく,41321,4560,191
2022,4,27,水,りんご計,42000,160640,399
2022,4,27,水,びわ,43900,529,2554
2022,4,27,水,もも,44100,2,8532
2022,4,27,水,おうとう,44800,333,7246
2022,4,27,水,ぶどう計,45000,93,15870
2022,4,27,水,いちご,46100,81065,1146
2022,4,27,水,メロン計,47000,26118,911
2022,4,27,水,すいか,48100,103926,336
2022,4,27,水,バナナ,50100,173695,190
2022,4,27,水,パイナップル,50300,44933,224
2022,4,27,水,レモン,50400,12071,382
2022,4,27,水,オレンジ,50600,32339,363
2022,4,27,水,輸入おうとう,50700,295,2709
2022,4,27,水,輸入キウイ,50800,47573,686
2022,4,27,水,輸入メロン,50850,2678,285
2022,4,28,木,みかん,40100,3934,1855
2022,4,28,木,はっさく,41321,21510,223
2022,4,28,木,りんご計,42000,692855,394
2022,4,28,木,びわ,43900,8939,2480
2022,4,28,木,もも,44100,389,6901
2022,4,28,木,おうとう,44800,1489,7776
2022,4,28,木,うめ,44950,14,432
2022,4,28,木,ぶどう計,45000,2228,5710
2022,4,28,木,いちご,46100,474823,1075
2022,4,28,木,メロン計,47000,166334,783
2022,4,28,木,すいか,48100,447312,360
2022,4,28,木,キウイフルツ,49300,673,694
2022,4,28,木,バナナ,50100,468037,190
2022,4,28,木,パイナップル,50300,117740,195
2022,4,28,木,レモン,50400,54838,375
2022,4,28,木,オレンジ,50600,78560,342
2022,4,28,木,輸入おうとう,50700,696,2750
2022,4,28,木,輸入キウイ,50800,74276,699
2022,4,28,木,輸入メロン,50850,13027,274
2022,4,29,金,みかん,40100,2106,2340
2022,4,29,金,はっさく,41321,5768,132
2022,4,29,金,りんご計,42000,239900,386
2022,4,29,金,びわ,43900,1279,3155
2022,4,29,金,もも,44100,297,5571
2022,4,29,金,おうとう,44800,1179,7212
2022,4,29,金,ぶどう計,45000,290,11515
2022,4,29,金,いちご,46100,164842,1089
2022,4,29,金,メロン計,47000,82848,794
2022,4,29,金,すいか,48100,114698,368
2022,4,29,金,キウイフルツ,49300,385,714
2022,4,29,金,バナナ,50100,224331,180
2022,4,29,金,パイナップル,50300,55043,207
2022,4,29,金,レモン,50400,21735,402
2022,4,29,金,オレンジ,50600,21810,349
2022,4,29,金,輸入おうとう,50700,834,2601
2022,4,29,金,輸入キウイ,50800,49534,646
2022,4,29,金,輸入メロン,50850,5208,294
2022,4,30,土,みかん,40100,3475,1983
2022,4,30,土,はっさく,41321,9675,219
2022,4,30,土,りんご計,42000,482838,387
2022,4,30,土,びわ,43900,9369,2446
2022,4,30,土,もも,44100,734,6055
2022,4,30,土,おうとう,44800,2237,6849
2022,4,30,土,ぶどう計,45000,2935,5231
2022,4,30,土,いちご,46100,398000,1073
2022,4,30,土,メロン計,47000,177813,802
2022,4,30,土,すいか,48100,466062,364
2022,4,30,土,キウイフルツ,49300,552,837
2022,4,30,土,バナナ,50100,802529,178
2022,4,30,土,パイナップル,50300,162675,203
2022,4,30,土,レモン,50400,68884,381
2022,4,30,土,オレンジ,50600,93657,355
2022,4,30,土,輸入おうとう,50700,1302,2611
2022,4,30,土,輸入キウイ,50800,149769,704
2022,4,30,土,輸入メロン,50850,10602,314
2022,5,2,月,みかん,40100,7467,2129
2022,5,2,月,はっさく,41321,6384,206
2022,5,2,月,りんご計,42000,668278,405
2022,5,2,月,びわ,43900,11977,2440
2022,5,2,月,もも,44100,1635,5116
2022,5,2,月,おうとう,44800,2611,7761
2022,5,2,月,うめ,44950,44,68
2022,5,2,月,ぶどう計,45000,2764,5112
2022,5,2,月,いちご,46100,433281,1064
2022,5,2,月,メロン計,47000,239852,771
2022,5,2,月,すいか,48100,711300,364
2022,5,2,月,キウイフルツ,49300,222,770
2022,5,2,月,バナナ,50100,623678,188
2022,5,2,月,パイナップル,50300,153669,200
2022,5,2,月,レモン,50400,75070,386
2022,5,2,月,オレンジ,50600,92331,355
2022,5,2,月,輸入おうとう,50700,1348,2548
2022,5,2,月,輸入キウイ,50800,202856,666
2022,5,2,月,輸入メロン,50850,8047,321
2022,5,3,火,りんご計,42000,3420,500
2022,5,3,火,いちご,46100,66,1620
2022,5,3,火,すいか,48100,3185,262
2022,5,3,火,バナナ,50100,9292,218
2022,5,3,火,パイナップル,50300,2610,234
2022,5,3,火,レモン,50400,1336,564
2022,5,3,火,オレンジ,50600,1671,453
2022,5,3,火,輸入キウイ,50800,912,827
2022,5,3,火,輸入メロン,50850,310,418
2022,5,6,金,みかん,40100,6993,1968
2022,5,6,金,はっさく,41321,14867,247
2022,5,6,金,りんご計,42000,521112,414
2022,5,6,金,びわ,43900,16582,2178
2022,5,6,金,もも,44100,5242,4306
2022,5,6,金,おうとう,44800,6131,8640
2022,5,6,金,うめ,44950,31,254
2022,5,6,金,ぶどう計,45000,3669,4886
2022,5,6,金,いちご,46100,671602,1048
2022,5,6,金,メロン計,47000,493999,719
2022,5,6,金,すいか,48100,977046,358
2022,5,6,金,キウイフルツ,49300,234,672
2022,5,6,金,バナナ,50100,1180196,179
2022,5,6,金,パイナップル,50300,205861,197
2022,5,6,金,レモン,50400,39853,403
2022,5,6,金,オレンジ,50600,96243,358
2022,5,6,金,輸入おうとう,50700,1638,2403
2022,5,6,金,輸入キウイ,50800,223552,630
2022,5,6,金,輸入メロン,50850,4286,303
2022,5,7,土,みかん,40100,10677,2099
2022,5,7,土,はっさく,41321,1618,276
2022,5,7,土,りんご計,42000,382557,408
2022,5,7,土,びわ,43900,13375,2092
2022,5,7,土,もも,44100,3570,3815
2022,5,7,土,すもも,44700,14,2530
2022,5,7,土,おうとう,44800,3363,8075
2022,5,7,土,うめ,44950,213,920
2022,5,7,土,ぶどう計,45000,3083,4973
2022,5,7,土,いちご,46100,252194,1084
2022,5,7,土,メロン計,47000,268492,743
2022,5,7,土,すいか,48100,251039,382
2022,5,7,土,バナナ,50100,579214,187
2022,5,7,土,パイナップル,50300,155370,211
2022,5,7,土,レモン,50400,60980,383
2022,5,7,土,オレンジ,50600,124481,354
2022,5,7,土,輸入おうとう,50700,3816,2391
2022,5,7,土,輸入キウイ,50800,146269,660
2022,5,7,土,輸入メロン,50850,5268,342
2022,5,9,月,みかん,40100,7728,2156
2022,5,9,月,はっさく,41321,6570,225
2022,5,9,月,りんご計,42000,462550,424
2022,5,9,月,びわ,43900,13014,1979
2022,5,9,月,もも,44100,4294,3933
2022,5,9,月,すもも,44700,55,1673
2022,5,9,月,おうとう,44800,3126,6934
2022,5,9,月,うめ,44950,1497,691
2022,5,9,月,ぶどう計,45000,5303,4366
2022,5,9,月,いちご,46100,382324,1044
2022,5,9,月,メロン計,47000,335081,668
2022,5,9,月,すいか,48100,706704,352
2022,5,9,月,バナナ,50100,621051,196
2022,5,9,月,パイナップル,50300,113377,205
2022,5,9,月,レモン,50400,52868,380
2022,5,9,月,オレンジ,50600,64850,363
2022,5,9,月,輸入おうとう,50700,2830,2314
2022,5,9,月,輸入キウイ,50800,183965,662
2022,5,9,月,輸入メロン,50850,4311,327
2022,5,10,火,みかん,40100,6077,1776
2022,5,10,火,はっさく,41321,11423,227
2022,5,10,火,りんご計,42000,311765,434
2022,5,10,火,びわ,43900,4598,1941
2022,5,10,火,もも,44100,3531,3792
2022,5,10,火,すもも,44700,67,1454
2022,5,10,火,おうとう,44800,4057,6325
2022,5,10,火,うめ,44950,2959,587
2022,5,10,火,ぶどう計,45000,2543,4800
2022,5,10,火,いちご,46100,213401,1066
2022,5,10,火,メロン計,47000,207116,682
2022,5,10,火,すいか,48100,399436,349
2022,5,10,火,バナナ,50100,584406,174
2022,5,10,火,パイナップル,50300,84476,206
2022,5,10,火,レモン,50400,58249,367
2022,5,10,火,オレンジ,50600,94439,353
2022,5,10,火,輸入おうとう,50700,2346,2278
2022,5,10,火,輸入キウイ,50800,145887,662
2022,5,10,火,輸入メロン,50850,5616,274
2022,5,12,木,みかん,40100,16859,1904
2022,5,12,木,はっさく,41321,6260,246
2022,5,12,木,りんご計,42000,521237,439
2022,5,12,木,びわ,43900,16607,1902
2022,5,12,木,もも,44100,5117,3671
2022,5,12,木,すもも,44700,131,2181
2022,5,12,木,おうとう,44800,3228,6254
2022,5,12,木,うめ,44950,8371,671
2022,5,12,木,ぶどう計,45000,7335,4080
2022,5,12,木,いちご,46100,356707,1010
2022,5,12,木,メロン計,47000,359307,649
2022,5,12,木,すいか,48100,697266,349
2022,5,12,木,バナナ,50100,638045,195
2022,5,12,木,パイナップル,50300,144349,211
2022,5,12,木,レモン,50400,38674,420
2022,5,12,木,オレンジ,50600,97545,352
2022,5,12,木,輸入おうとう,50700,4511,2203
2022,5,12,木,輸入キウイ,50800,169011,664
2022,5,12,木,輸入メロン,50850,4037,362
2022,5,13,金,みかん,40100,5443,1816
2022,5,13,金,はっさく,41321,6632,281
2022,5,13,金,りんご計,42000,348071,431
2022,5,13,金,びわ,43900,4645,1643
2022,5,13,金,もも,44100,2013,3874
2022,5,13,金,すもも,44700,82,1469
2022,5,13,金,おうとう,44800,3679,5962
2022,5,13,金,うめ,44950,7348,651
2022,5,13,金,ぶどう計,45000,5448,3613
2022,5,13,金,いちご,46100,185710,1021
2022,5,13,金,メロン計,47000,224250,653
2022,5,13,金,すいか,48100,459654,348
2022,5,13,金,バナナ,50100,623606,163
2022,5,13,金,パイナップル,50300,121065,196
2022,5,13,金,レモン,50400,41488,381
2022,5,13,金,オレンジ,50600,96054,333
2022,5,13,金,輸入おうとう,50700,3276,2241
2022,5,13,金,輸入キウイ,50800,132190,653
2022,5,13,金,輸入メロン,50850,3247,331
2022,5,14,土,みかん,40100,12447,1766
2022,5,14,土,はっさく,41321,1395,246
2022,5,14,土,りんご計,42000,348099,442
2022,5,14,土,びわ,43900,11491,1777
2022,5,14,土,もも,44100,4512,3317
2022,5,14,土,すもも,44700,161,2432
2022,5,14,土,おうとう,44800,3691,6007
2022,5,14,土,うめ,44950,6801,617
2022,5,14,土,ぶどう計,45000,8922,3700
2022,5,14,土,いちご,46100,218855,1019
2022,5,14,土,メロン計,47000,259448,626
2022,5,14,土,すいか,48100,555126,339
2022,5,14,土,バナナ,50100,562235,171
2022,5,14,土,パイナップル,50300,151236,214
2022,5,14,土,レモン,50400,51179,363
2022,5,14,土,オレンジ,50600,121910,332
2022,5,14,土,輸入おうとう,50700,3616,2229
2022,5,14,土,輸入キウイ,50800,104134,673
2022,5,14,土,輸入メロン,50850,3687,339
2022,5,16,月,みかん,40100,19415,1830
2022,5,16,月,はっさく,41321,8680,275
2022,5,16,月,りんご計,42000,457485,455
2022,5,16,月,びわ,43900,12716,1752
2022,5,16,月,もも,44100,4484,3290
2022,5,16,月,すもも,44700,261,2035
2022,5,16,月,おうとう,44800,3203,5779
2022,5,16,月,うめ,44950,15443,622
2022,5,16,月,ぶどう計,45000,11181,3686
2022,5,16,月,いちご,46100,319666,971
2022,5,16,月,メロン計,47000,290778,616
2022,5,16,月,すいか,48100,753889,326
2022,5,16,月,バナナ,50100,609498,178
2022,5,16,月,パイナップル,50300,100377,205
2022,5,16,月,レモン,50400,34842,384
2022,5,16,月,オレンジ,50600,74990,345
2022,5,16,月,輸入おうとう,50700,4036,2130
2022,5,16,月,輸入キウイ,50800,123540,662
2022,5,16,月,輸入メロン,50850,3777,344
2022,5,17,火,みかん,40100,13983,1743
2022,5,17,火,はっさく,41321,4030,225
2022,5,17,火,りんご計,42000,331867,469
2022,5,17,火,びわ,43900,5958,1629
2022,5,17,火,もも,44100,4843,3108
2022,5,17,火,すもも,44700,162,1451
2022,5,17,火,おうとう,44800,3532,5801
2022,5,17,火,うめ,44950,21070,595
2022,5,17,火,ぶどう計,45000,9381,3607
2022,5,17,火,いちご,46100,186178,990
2022,5,17,火,メロン計,47000,224548,608
2022,5,17,火,すいか,48100,481475,323
2022,5,17,火,バナナ,50100,412422,173
2022,5,17,火,パイナップル,50300,85066,209
2022,5,17,火,レモン,50400,32913,402
2022,5,17,火,オレンジ,50600,80852,352
2022,5,17,火,輸入おうとう,50700,5403,2040
2022,5,17,火,輸入キウイ,50800,91642,644
2022,5,17,火,輸入メロン,50850,2502,247
2022,5,19,木,みかん,40100,32060,1704
2022,5,19,木,はっさく,41321,6770,241
2022,5,19,木,りんご計,42000,462869,463
2022,5,19,木,びわ,43900,18753,1604
2022,5,19,木,もも,44100,7398,2949
2022,5,19,木,すもも,44700,491,1767
2022,5,19,木,おうとう,44800,4181,5591
2022,5,19,木,うめ,44950,24778,596
2022,5,19,木,ぶどう計,45000,15826,3306
2022,5,19,木,いちご,46100,289289,916
2022,5,19,木,メロン計,47000,330393,583
2022,5,19,木,すいか,48100,853496,323
2022,5,19,木,バナナ,50100,478583,196
2022,5,19,木,パイナップル,50300,119732,216
2022,5,19,木,レモン,50400,31208,415
2022,5,19,木,オレンジ,50600,92129,343
2022,5,19,木,輸入おうとう,50700,4888,2020
2022,5,19,木,輸入キウイ,50800,95336,666
2022,5,19,木,輸入メロン,50850,3638,342
2022,5,20,金,みかん,40100,11119,1776
2022,5,20,金,はっさく,41321,1310,243
2022,5,20,金,りんご計,42000,378680,458
2022,5,20,金,びわ,43900,11678,1478
2022,5,20,金,もも,44100,3325,2954
2022,5,20,金,すもも,44700,292,1538
2022,5,20,金,おうとう,44800,3605,5672
2022,5,20,金,うめ,44950,38833,654
2022,5,20,金,ぶどう計,45000,12487,3127
2022,5,20,金,いちご,46100,118431,958
2022,5,20,金,メロン計,47000,252930,578
2022,5,20,金,すいか,48100,464792,317
2022,5,20,金,バナナ,50100,535777,174
2022,5,20,金,パイナップル,50300,116465,201
2022,5,20,金,レモン,50400,44704,391
2022,5,20,金,オレンジ,50600,75534,341
2022,5,20,金,輸入おうとう,50700,5909,2071
2022,5,20,金,輸入キウイ,50800,138638,641
2022,5,20,金,輸入メロン,50850,4252,323
2022,5,21,土,みかん,40100,37016,1501
2022,5,21,土,はっさく,41321,540,277
2022,5,21,土,りんご計,42000,397644,461
2022,5,21,土,びわ,43900,14041,1563
2022,5,21,土,もも,44100,6615,2770
2022,5,21,土,すもも,44700,928,1578
2022,5,21,土,おうとう,44800,4486,5376
2022,5,21,土,うめ,44950,47517,657
2022,5,21,土,ぶどう計,45000,17721,3162
2022,5,21,土,いちご,46100,149493,971
2022,5,21,土,メロン計,47000,270267,585
2022,5,21,土,すいか,48100,470737,323
2022,5,21,土,バナナ,50100,507262,190
2022,5,21,土,パイナップル,50300,117396,212
2022,5,21,土,レモン,50400,30285,383
2022,5,21,土,オレンジ,50600,86305,339
2022,5,21,土,輸入おうとう,50700,8633,2169
2022,5,21,土,輸入キウイ,50800,151095,646
2022,5,21,土,輸入メロン,50850,3008,329
2022,5,23,月,みかん,40100,40125,1499
2022,5,23,月,はっさく,41321,5000,242
2022,5,23,月,りんご計,42000,449114,462
2022,5,23,月,びわ,43900,18516,1492
2022,5,23,月,もも,44100,8737,2689
2022,5,23,月,すもも,44700,2442,1407
2022,5,23,月,おうとう,44800,4327,4959
2022,5,23,月,うめ,44950,56149,659
2022,5,23,月,ぶどう計,45000,20231,2943
2022,5,23,月,いちご,46100,208704,965
2022,5,23,月,メロン計,47000,387310,553
2022,5,23,月,すいか,48100,876275,306
2022,5,23,月,バナナ,50100,519153,191
2022,5,23,月,パイナップル,50300,79679,207
2022,5,23,月,レモン,50400,30308,399
2022,5,23,月,オレンジ,50600,80562,353
2022,5,23,月,輸入おうとう,50700,5355,1963
2022,5,23,月,輸入キウイ,50800,139983,628
2022,5,23,月,輸入メロン,50850,3928,319
2022,5,24,火,みかん,40100,19474,1439
2022,5,24,火,はっさく,41321,971,214
2022,5,24,火,りんご計,42000,317869,476
2022,5,24,火,びわ,43900,12422,1423
2022,5,24,火,もも,44100,7995,2447
2022,5,24,火,すもも,44700,3819,1295
2022,5,24,火,おうとう,44800,3352,5022
2022,5,24,火,うめ,44950,72905,669
2022,5,24,火,ぶどう計,45000,19345,2625
2022,5,24,火,いちご,46100,116501,1009
2022,5,24,火,メロン計,47000,265539,566
2022,5,24,火,すいか,48100,450435,303
2022,5,24,火,バナナ,50100,451458,172
2022,5,24,火,パイナップル,50300,93561,211
2022,5,24,火,レモン,50400,33963,398
2022,5,24,火,オレンジ,50600,90156,324
2022,5,24,火,輸入おうとう,50700,4029,2018
2022,5,24,火,輸入キウイ,50800,106532,628
2022,5,24,火,輸入メロン,50850,3266,299
2022,5,26,木,みかん,40100,59799,1383
2022,5,26,木,はっさく,41321,2250,285
2022,5,26,木,りんご計,42000,436374,467
2022,5,26,木,びわ,43900,20016,1428
2022,5,26,木,もも,44100,11048,2357
2022,5,26,木,すもも,44700,7293,1356
2022,5,26,木,おうとう,44800,4667,4959
2022,5,26,木,うめ,44950,83765,643
2022,5,26,木,ぶどう計,45000,29499,2721
2022,5,26,木,いちご,46100,207539,963
2022,5,26,木,メロン計,47000,393561,555
2022,5,26,木,すいか,48100,825707,296
2022,5,26,木,バナナ,50100,551597,188
2022,5,26,木,パイナップル,50300,152116,210
2022,5,26,木,レモン,50400,37657,407
2022,5,26,木,オレンジ,50600,75295,345
2022,5,26,木,輸入おうとう,50700,8285,1993
2022,5,26,木,輸入キウイ,50800,128664,632
2022,5,26,木,輸入メロン,50850,3480,355
2022,5,27,金,みかん,40100,14670,1564
2022,5,27,金,はっさく,41321,1503,262
2022,5,27,金,りんご計,42000,315489,456
2022,5,27,金,びわ,43900,11657,1405
2022,5,27,金,もも,44100,7580,2385
2022,5,27,金,すもも,44700,3436,1374
2022,5,27,金,おうとう,44800,4878,4731
2022,5,27,金,うめ,44950,75510,674
2022,5,27,金,ぶどう計,45000,25801,2373
2022,5,27,金,いちご,46100,116007,972
2022,5,27,金,メロン計,47000,263009,565
2022,5,27,金,すいか,48100,660886,288
2022,5,27,金,バナナ,50100,565571,169
2022,5,27,金,パイナップル,50300,127042,217
2022,5,27,金,レモン,50400,42906,409
2022,5,27,金,オレンジ,50600,55562,354
2022,5,27,金,輸入おうとう,50700,6094,2084
2022,5,27,金,輸入キウイ,50800,113411,655
2022,5,27,金,輸入メロン,50850,5665,309
2022,5,28,土,みかん,40100,63907,1253
2022,5,28,土,はっさく,41321,100,259
2022,5,28,土,りんご計,42000,354982,459
2022,5,28,土,びわ,43900,14601,1411
2022,5,28,土,もも,44100,9551,2339
2022,5,28,土,すもも,44700,8688,1302
2022,5,28,土,おうとう,44800,5782,4493
2022,5,28,土,うめ,44950,77919,676
2022,5,28,土,ぶどう計,45000,29946,2495
2022,5,28,土,いちご,46100,118451,976
2022,5,28,土,メロン計,47000,298886,546
2022,5,28,土,すいか,48100,610317,290
2022,5,28,土,バナナ,50100,567892,187
2022,5,28,土,パイナップル,50300,117264,213
2022,5,28,土,レモン,50400,37211,399
2022,5,28,土,オレンジ,50600,113844,326
2022,5,28,土,輸入おうとう,50700,8298,2013
2022,5,28,土,輸入キウイ,50800,150970,639
2022,5,28,土,輸入メロン,50850,3716,297
2022,5,30,月,みかん,40100,68077,1229
2022,5,30,月,はっさく,41321,2466,279
2022,5,30,月,りんご計,42000,401683,456
2022,5,30,月,びわ,43900,22335,1418
2022,5,30,月,もも,44100,12986,2127
2022,5,30,月,すもも,44700,10684,1258
2022,5,30,月,おうとう,44800,7640,4208
2022,5,30,月,うめ,44950,148379,658
2022,5,30,月,ぶどう計,45000,33984,2400
2022,5,30,月,いちご,46100,150957,984
2022,5,30,月,メロン計,47000,367088,533
2022,5,30,月,すいか,48100,944599,283
2022,5,30,月,バナナ,50100,535069,195
2022,5,30,月,パイナップル,50300,93684,203
2022,5,30,月,レモン,50400,33080,394
2022,5,30,月,オレンジ,50600,66460,360
2022,5,30,月,輸入おうとう,50700,6462,2028
2022,5,30,月,輸入キウイ,50800,154137,621
2022,5,30,月,輸入メロン,50850,4933,347
2022,5,31,火,みかん,40100,41823,1247
2022,5,31,火,はっさく,41321,420,192
2022,5,31,火,りんご計,42000,291251,465
2022,5,31,火,びわ,43900,13219,1397
2022,5,31,火,もも,44100,10416,1925
2022,5,31,火,すもも,44700,10526,1222
2022,5,31,火,おうとう,44800,9163,3626
2022,5,31,火,うめ,44950,175521,658
2022,5,31,火,ぶどう計,45000,33697,2185
2022,5,31,火,いちご,46100,85743,1008
2022,5,31,火,メロン計,47000,319297,527
2022,5,31,火,すいか,48100,735446,277
2022,5,31,火,バナナ,50100,544627,183
2022,5,31,火,パイナップル,50300,118213,213
2022,5,31,火,レモン,50400,52651,415
2022,5,31,火,オレンジ,50600,84008,336
2022,5,31,火,輸入おうとう,50700,6614,2031
2022,5,31,火,輸入キウイ,50800,128785,628
2022,5,31,火,輸入メロン,50850,11542,276
2022,6,2,木,みかん,40100,87983,1164
2022,6,2,木,はっさく,41321,1750,287
2022,6,2,木,りんご計,42000,414083,471
2022,6,2,木,びわ,43900,23153,1428
2022,6,2,木,もも,44100,18216,1843
2022,6,2,木,すもも,44700,15848,1157
2022,6,2,木,おうとう,44800,23474,3151
2022,6,2,木,うめ,44950,227591,634
2022,6,2,木,ぶどう計,45000,48849,2407
2022,6,2,木,いちご,46100,123148,1004
2022,6,2,木,メロン計,47000,372046,534
2022,6,2,木,すいか,48100,1163735,283
2022,6,2,木,バナナ,50100,553802,181
2022,6,2,木,パイナップル,50300,120282,210
2022,6,2,木,レモン,50400,48164,403
2022,6,2,木,オレンジ,50600,69246,343
2022,6,2,木,輸入おうとう,50700,3954,2078
2022,6,2,木,輸入キウイ,50800,278059,613
2022,6,2,木,輸入メロン,50850,2475,334
2022,6,3,金,みかん,40100,24647,1302
2022,6,3,金,はっさく,41321,610,191
2022,6,3,金,りんご計,42000,289757,461
2022,6,3,金,びわ,43900,11289,1404
2022,6,3,金,もも,44100,11913,1629
2022,6,3,金,すもも,44700,8506,1119
2022,6,3,金,おうとう,44800,26497,2713
2022,6,3,金,うめ,44950,241989,625
2022,6,3,金,ぶどう計,45000,37689,2143
2022,6,3,金,いちご,46100,48115,1030
2022,6,3,金,メロン計,47000,277341,554
2022,6,3,金,すいか,48100,685035,274
2022,6,3,金,バナナ,50100,484267,167
2022,6,3,金,パイナップル,50300,99868,208
2022,6,3,金,レモン,50400,22527,441
2022,6,3,金,オレンジ,50600,102720,326
2022,6,3,金,輸入おうとう,50700,5737,2010
2022,6,3,金,輸入キウイ,50800,95885,621
2022,6,3,金,輸入メロン,50850,4069,359
2022,6,4,土,みかん,40100,102504,1103
2022,6,4,土,はっさく,41321,330,223
2022,6,4,土,りんご計,42000,336812,444
2022,6,4,土,びわ,43900,15873,1433
2022,6,4,土,もも,44100,15690,1666
2022,6,4,土,すもも,44700,17093,1083
2022,6,4,土,おうとう,44800,35364,2421
2022,6,4,土,うめ,44950,228405,603
2022,6,4,土,ぶどう計,45000,40812,2197
2022,6,4,土,いちご,46100,50371,1077
2022,6,4,土,メロン計,47000,318730,548
2022,6,4,土,すいか,48100,778588,287
2022,6,4,土,バナナ,50100,602034,181
2022,6,4,土,パイナップル,50300,133966,216
2022,6,4,土,レモン,50400,39052,413
2022,6,4,土,オレンジ,50600,72132,356
2022,6,4,土,輸入おうとう,50700,5535,2094
2022,6,4,土,輸入キウイ,50800,155407,639
2022,6,4,土,輸入メロン,50850,1719,356
2022,6,6,月,みかん,40100,88189,1120
2022,6,6,月,りんご計,42000,351920,462
2022,6,6,月,びわ,43900,15615,1401
2022,6,6,月,もも,44100,22633,1595
2022,6,6,月,すもも,44700,29350,903
2022,6,6,月,おうとう,44800,57648,2248
2022,6,6,月,うめ,44950,274512,592
2022,6,6,月,ぶどう計,45000,47063,2115
2022,6,6,月,いちご,46100,69260,1106
2022,6,6,月,メロン計,47000,440514,544
2022,6,6,月,すいか,48100,994196,280
2022,6,6,月,バナナ,50100,680793,181
2022,6,6,月,パイナップル,50300,83976,205
2022,6,6,月,レモン,50400,35133,410
2022,6,6,月,オレンジ,50600,72580,355
2022,6,6,月,輸入おうとう,50700,5073,2108
2022,6,6,月,輸入キウイ,50800,125759,605
2022,6,6,月,輸入メロン,50850,2172,368
2022,6,7,火,みかん,40100,56055,1116
2022,6,7,火,はっさく,41321,400,151
2022,6,7,火,りんご計,42000,292614,449
2022,6,7,火,びわ,43900,10549,1342
2022,6,7,火,もも,44100,19467,1487
2022,6,7,火,すもも,44700,28659,885
2022,6,7,火,おうとう,44800,44148,2325
2022,6,7,火,うめ,44950,226471,579
2022,6,7,火,ぶどう計,45000,44276,1965
2022,6,7,火,いちご,46100,38709,1116
2022,6,7,火,メロン計,47000,245461,564
2022,6,7,火,すいか,48100,685012,283
2022,6,7,火,バナナ,50100,389087,191
2022,6,7,火,パイナップル,50300,91602,216
2022,6,7,火,レモン,50400,39308,429
2022,6,7,火,オレンジ,50600,55634,366
2022,6,7,火,輸入おうとう,50700,4037,2130
2022,6,7,火,輸入キウイ,50800,107641,587
2022,6,7,火,輸入メロン,50850,3099,327
2022,6,9,木,みかん,40100,121468,1069
2022,6,9,木,はっさく,41321,255,230
2022,6,9,木,りんご計,42000,402835,454
2022,6,9,木,びわ,43900,15086,1497
2022,6,9,木,もも,44100,27118,1493
2022,6,9,木,すもも,44700,43738,848
2022,6,9,木,おうとう,44800,58325,2386
2022,6,9,木,うめ,44950,278661,575
2022,6,9,木,ぶどう計,45000,56867,2167
2022,6,9,木,いちご,46100,55799,1137
2022,6,9,木,メロン計,47000,384182,541
2022,6,9,木,すいか,48100,1160333,274
2022,6,9,木,バナナ,50100,524364,195
2022,6,9,木,パイナップル,50300,126362,222
2022,6,9,木,レモン,50400,33306,440
2022,6,9,木,オレンジ,50600,96452,343
2022,6,9,木,輸入おうとう,50700,3108,2137
2022,6,9,木,輸入キウイ,50800,136065,612
2022,6,9,木,輸入メロン,50850,4675,355
2022,6,10,金,みかん,40100,19945,1165
2022,6,10,金,はっさく,41321,320,173
2022,6,10,金,りんご計,42000,275090,454
2022,6,10,金,日本なし計,43000,107,2939
2022,6,10,金,びわ,43900,5370,1468
2022,6,10,金,もも,44100,16853,1409
2022,6,10,金,すもも,44700,43875,822
2022,6,10,金,おうとう,44800,34580,2504
2022,6,10,金,うめ,44950,281299,568
2022,6,10,金,ぶどう計,45000,49046,2035
2022,6,10,金,いちご,46100,26694,1138
2022,6,10,金,メロン計,47000,313419,558
2022,6,10,金,すいか,48100,829582,268
2022,6,10,金,バナナ,50100,576531,170
2022,6,10,金,パイナップル,50300,123526,207
2022,6,10,金,レモン,50400,36481,423
2022,6,10,金,オレンジ,50600,56138,365
2022,6,10,金,輸入おうとう,50700,5258,2058
2022,6,10,金,輸入キウイ,50800,132251,649
2022,6,10,金,輸入メロン,50850,4514,376
2022,6,11,土,みかん,40100,114561,1062
2022,6,11,土,はっさく,41321,330,140
2022,6,11,土,りんご計,42000,321870,454
2022,6,11,土,びわ,43900,8871,1538
2022,6,11,土,もも,44100,24477,1275
2022,6,11,土,すもも,44700,47701,798
2022,6,11,土,おうとう,44800,36832,2554
2022,6,11,土,うめ,44950,244235,530
2022,6,11,土,ぶどう計,45000,58188,2229
2022,6,11,土,いちご,46100,28073,1186
2022,6,11,土,メロン計,47000,335383,551
2022,6,11,土,すいか,48100,937226,270
2022,6,11,土,バナナ,50100,529935,190
2022,6,11,土,パイナップル,50300,120251,206
2022,6,11,土,レモン,50400,28497,410
2022,6,11,土,オレンジ,50600,77892,355
2022,6,11,土,輸入おうとう,50700,4075,2095
2022,6,11,土,輸入キウイ,50800,180669,623
2022,6,11,土,輸入メロン,50850,2167,366
2022,6,13,月,みかん,40100,86100,1076
2022,6,13,月,りんご計,42000,324975,462
2022,6,13,月,日本なし計,43000,206,2854
2022,6,13,月,びわ,43900,8139,1567
2022,6,13,月,もも,44100,49116,1160
2022,6,13,月,すもも,44700,66769,756
2022,6,13,月,おうとう,44800,81896,2463
2022,6,13,月,うめ,44950,229390,539
2022,6,13,月,ぶどう計,45000,63310,2227
2022,6,13,月,いちご,46100,30841,1250
2022,6,13,月,メロン計,47000,476951,561
2022,6,13,月,すいか,48100,978760,260
2022,6,13,月,バナナ,50100,498771,198
2022,6,13,月,パイナップル,50300,106922,206
2022,6,13,月,レモン,50400,35421,418
2022,6,13,月,オレンジ,50600,94085,348
2022,6,13,月,輸入おうとう,50700,3082,2106
2022,6,13,月,輸入キウイ,50800,148985,605
2022,6,13,月,輸入メロン,50850,2706,310
2022,6,14,火,みかん,40100,50799,1107
2022,6,14,火,りんご計,42000,244992,476
2022,6,14,火,びわ,43900,5141,1506
2022,6,14,火,もも,44100,55226,1090
2022,6,14,火,すもも,44700,62712,725
2022,6,14,火,おうとう,44800,55334,2406
2022,6,14,火,うめ,44950,218481,531
2022,6,14,火,ぶどう計,45000,59890,2045
2022,6,14,火,いちご,46100,17838,1306
2022,6,14,火,メロン計,47000,314569,576
2022,6,14,火,すいか,48100,851915,250
2022,6,14,火,バナナ,50100,402055,177
2022,6,14,火,パイナップル,50300,117284,193
2022,6,14,火,レモン,50400,46480,445
2022,6,14,火,オレンジ,50600,56528,355
2022,6,14,火,輸入おうとう,50700,2621,2040
2022,6,14,火,輸入キウイ,50800,112452,609
2022,6,14,火,輸入メロン,50850,4053,363
2022,6,16,木,みかん,40100,102619,1075
2022,6,16,木,はっさく,41321,150,94
2022,6,16,木,りんご計,42000,357898,471
2022,6,16,木,日本なし計,43000,267,2730
2022,6,16,木,かき計,43500,91,735
2022,6,16,木,びわ,43900,7950,1506
2022,6,16,木,もも,44100,86289,1044
2022,6,16,木,すもも,44700,89736,706
2022,6,16,木,おうとう,44800,89673,2355
2022,6,16,木,うめ,44950,264595,471
2022,6,16,木,ぶどう計,45000,73877,2195
2022,6,16,木,いちご,46100,21130,1406
2022,6,16,木,メロン計,47000,442636,571
2022,6,16,木,すいか,48100,1097978,252
2022,6,16,木,バナナ,50100,533555,191
2022,6,16,木,パイナップル,50300,124014,214
2022,6,16,木,レモン,50400,34667,424
2022,6,16,木,オレンジ,50600,51608,362
2022,6,16,木,輸入おうとう,50700,6032,2047
2022,6,16,木,輸入キウイ,50800,202639,542
2022,6,16,木,輸入メロン,50850,10249,252
2022,6,17,金,みかん,40100,28180,1141
2022,6,17,金,りんご計,42000,243885,462
2022,6,17,金,びわ,43900,2556,1712
2022,6,17,金,もも,44100,66407,990
2022,6,17,金,すもも,44700,47256,735
2022,6,17,金,おうとう,44800,66618,2398
2022,6,17,金,うめ,44950,150620,521
2022,6,17,金,ぶどう計,45000,62155,2056
2022,6,17,金,いちご,46100,8810,1504
2022,6,17,金,メロン計,47000,303385,570
2022,6,17,金,すいか,48100,783068,248
2022,6,17,金,バナナ,50100,523286,174
2022,6,17,金,パイナップル,50300,130954,205
2022,6,17,金,レモン,50400,38920,445
2022,6,17,金,オレンジ,50600,101649,351
2022,6,17,金,輸入おうとう,50700,2679,2093
2022,6,17,金,輸入キウイ,50800,147657,610
2022,6,17,金,輸入メロン,50850,4224,355
2022,6,18,土,みかん,40100,83793,1056
2022,6,18,土,りんご計,42000,249706,463
2022,6,18,土,日本なし計,43000,537,1745
2022,6,18,土,びわ,43900,3785,1546
2022,6,18,土,もも,44100,91186,951
2022,6,18,土,すもも,44700,67290,712
2022,6,18,土,おうとう,44800,61582,2409
2022,6,18,土,うめ,44950,151073,461
2022,6,18,土,ぶどう計,45000,71420,2232
2022,6,18,土,いちご,46100,14002,1222
2022,6,18,土,メロン計,47000,303852,552
2022,6,18,土,すいか,48100,899076,253
2022,6,18,土,バナナ,50100,582818,189
2022,6,18,土,パイナップル,50300,124943,208
2022,6,18,土,レモン,50400,40697,402
2022,6,18,土,オレンジ,50600,75896,345
2022,6,18,土,輸入おうとう,50700,2912,2127
2022,6,18,土,輸入キウイ,50800,123026,671
2022,6,18,土,輸入メロン,50850,2694,351
2022,6,20,月,みかん,40100,80386,1057
2022,6,20,月,りんご計,42000,374474,464
2022,6,20,月,日本なし計,43000,835,1513
2022,6,20,月,びわ,43900,3847,1640
2022,6,20,月,もも,44100,128678,946
2022,6,20,月,すもも,44700,79645,734
2022,6,20,月,おうとう,44800,126209,2249
2022,6,20,月,うめ,44950,103492,443
2022,6,20,月,ぶどう計,45000,77198,2025
2022,6,20,月,いちご,46100,13012,1678
2022,6,20,月,メロン計,47000,439045,548
2022,6,20,月,すいか,48100,1050405,246
2022,6,20,月,バナナ,50100,536497,194
2022,6,20,月,パイナップル,50300,91475,205
2022,6,20,月,レモン,50400,41239,418
2022,6,20,月,オレンジ,50600,88039,356
2022,6,20,月,輸入おうとう,50700,3329,2056
2022,6,20,月,輸入キウイ,50800,96385,589
2022,6,20,月,輸入メロン,50850,2959,259
2022,6,21,火,みかん,40100,48123,1089
2022,6,21,火,りんご計,42000,233677,465
2022,6,21,火,日本なし計,43000,742,1224
2022,6,21,火,かき計,43500,153,1021
2022,6,21,火,びわ,43900,3324,1380
2022,6,21,火,もも,44100,140528,923
2022,6,21,火,すもも,44700,64935,719
2022,6,21,火,おうとう,44800,79196,2166
2022,6,21,火,うめ,44950,90857,434
2022,6,21,火,ぶどう計,45000,70754,2045
2022,6,21,火,いちご,46100,8600,1712
2022,6,21,火,メロン計,47000,305047,541
2022,6,21,火,すいか,48100,877271,246
2022,6,21,火,バナナ,50100,430829,180
2022,6,21,火,パイナップル,50300,98484,192
2022,6,21,火,レモン,50400,44236,442
2022,6,21,火,オレンジ,50600,78058,351
2022,6,21,火,輸入おうとう,50700,1837,2395
2022,6,21,火,輸入キウイ,50800,83881,627
2022,6,21,火,輸入メロン,50850,1452,357
2022,6,23,木,みかん,40100,122677,1048
2022,6,23,木,りんご計,42000,371287,468
2022,6,23,木,日本なし計,43000,1355,1131
2022,6,23,木,びわ,43900,3580,1472
2022,6,23,木,もも,44100,284859,930
2022,6,23,木,すもも,44700,74098,722
2022,6,23,木,おうとう,44800,115367,1999
2022,6,23,木,うめ,44950,74571,398
2022,6,23,木,ぶどう計,45000,87310,2075
2022,6,23,木,いちご,46100,12735,1777
2022,6,23,木,メロン計,47000,470520,548
2022,6,23,木,すいか,48100,1268991,243
2022,6,23,木,バナナ,50100,527634,198
2022,6,23,木,パイナップル,50300,133565,201
2022,6,23,木,レモン,50400,35967,424
2022,6,23,木,オレンジ,50600,64844,361
2022,6,23,木,輸入おうとう,50700,2624,2302
2022,6,23,木,輸入キウイ,50800,118297,648
2022,6,23,木,輸入メロン,50850,2225,312
2022,6,24,金,みかん,40100,25832,1129
2022,6,24,金,りんご計,42000,215815,471
2022,6,24,金,日本なし計,43000,944,1151
2022,6,24,金,かき計,43500,52,1163
2022,6,24,金,びわ,43900,1063,1448
2022,6,24,金,もも,44100,250705,900
2022,6,24,金,すもも,44700,44746,742
2022,6,24,金,おうとう,44800,76631,2146
2022,6,24,金,うめ,44950,57857,393
2022,6,24,金,ぶどう計,45000,72384,2066
2022,6,24,金,いちご,46100,5791,1819
2022,6,24,金,メロン計,47000,296359,547
2022,6,24,金,すいか,48100,909859,243
2022,6,24,金,バナナ,50100,614642,173
2022,6,24,金,パイナップル,50300,125335,195
2022,6,24,金,レモン,50400,35680,439
2022,6,24,金,オレンジ,50600,43645,378
2022,6,24,金,輸入おうとう,50700,2561,2319
2022,6,24,金,輸入キウイ,50800,118967,631
2022,6,24,金,輸入メロン,50850,4158,262
2022,6,25,土,みかん,40100,108948,1008
2022,6,25,土,りんご計,42000,251906,467
2022,6,25,土,日本なし計,43000,2001,1113
2022,6,25,土,かき計,43500,288,810
2022,6,25,土,びわ,43900,883,1443
2022,6,25,土,もも,44100,317314,853
2022,6,25,土,すもも,44700,61304,720
2022,6,25,土,おうとう,44800,64487,2177
2022,6,25,土,うめ,44950,50917,376
2022,6,25,土,ぶどう計,45000,81488,2101
2022,6,25,土,いちご,46100,6906,1840
2022,6,25,土,メロン計,47000,351133,520
2022,6,25,土,すいか,48100,1107180,241
2022,6,25,土,バナナ,50100,508815,193
2022,6,25,土,パイナップル,50300,131476,203
2022,6,25,土,レモン,50400,39358,413
2022,6,25,土,オレンジ,50600,90655,354
2022,6,25,土,輸入おうとう,50700,2903,2247
2022,6,25,土,輸入キウイ,50800,123224,644
2022,6,25,土,輸入メロン,50850,2618,375
2022,6,27,月,みかん,40100,114644,1059
2022,6,27,月,りんご計,42000,294015,476
2022,6,27,月,日本なし計,43000,2780,1156
2022,6,27,月,びわ,43900,1261,1342
2022,6,27,月,もも,44100,419953,820
2022,6,27,月,すもも,44700,75642,719
2022,6,27,月,おうとう,44800,107695,1985
2022,6,27,月,うめ,44950,34573,369
2022,6,27,月,ぶどう計,45000,88815,1963
2022,6,27,月,いちご,46100,9366,1852
2022,6,27,月,メロン計,47000,429018,518
2022,6,27,月,すいか,48100,1323005,241
2022,6,27,月,バナナ,50100,506003,203
2022,6,27,月,パイナップル,50300,67471,207
2022,6,27,月,レモン,50400,38913,450
2022,6,27,月,オレンジ,50600,30689,373
2022,6,27,月,輸入おうとう,50700,1458,2431
2022,6,27,月,輸入キウイ,50800,124308,592
2022,6,27,月,輸入メロン,50850,3474,282
2022,6,28,火,みかん,40100,59692,1047
2022,6,28,火,りんご計,42000,233776,463
2022,6,28,火,日本なし計,43000,1965,1088
2022,6,28,火,かき計,43500,350,828
2022,6,28,火,びわ,43900,679,1415
2022,6,28,火,もも,44100,304438,810
2022,6,28,火,すもも,44700,64249,736
2022,6,28,火,おうとう,44800,84577,1955
2022,6,28,火,うめ,44950,24465,376
2022,6,28,火,ぶどう計,45000,76829,2062
2022,6,28,火,いちご,46100,5988,1929
2022,6,28,火,メロン計,47000,355710,510
2022,6,28,火,すいか,48100,1051363,243
2022,6,28,火,バナナ,50100,429687,179
2022,6,28,火,パイナップル,50300,101643,180
2022,6,28,火,レモン,50400,38018,418
2022,6,28,火,オレンジ,50600,88270,348
2022,6,28,火,輸入おうとう,50700,1602,2345
2022,6,28,火,輸入キウイ,50800,127385,611
2022,6,28,火,輸入メロン,50850,3583,335
2022,6,30,木,みかん,40100,149924,1036
2022,6,30,木,りんご計,42000,283727,481
2022,6,30,木,日本なし計,43000,5058,1118
2022,6,30,木,びわ,43900,775,1822
2022,6,30,木,もも,44100,385097,814
2022,6,30,木,すもも,44700,78775,726
2022,6,30,木,おうとう,44800,95182,1762
2022,6,30,木,うめ,44950,76380,326
2022,6,30,木,ぶどう計,45000,92062,2088
2022,6,30,木,いちご,46100,8666,1970
2022,6,30,木,メロン計,47000,464486,505
2022,6,30,木,すいか,48100,1632193,244
2022,6,30,木,バナナ,50100,690586,197
2022,6,30,木,パイナップル,50300,137886,204
2022,6,30,木,レモン,50400,58116,424
2022,6,30,木,オレンジ,50600,43220,339
2022,6,30,木,輸入おうとう,50700,1782,2458
2022,6,30,木,輸入キウイ,50800,133444,589
2022,6,30,木,輸入メロン,50850,10504,364
2022,7,1,金,みかん,40100,25525,1087
2022,7,1,金,りんご計,42000,230103,475
2022,7,1,金,日本なし計,43000,2575,1095
2022,7,1,金,かき計,43500,857,657
2022,7,1,金,びわ,43900,147,1479
2022,7,1,金,もも,44100,229516,822
2022,7,1,金,すもも,44700,56596,756
2022,7,1,金,おうとう,44800,49096,1803
2022,7,1,金,うめ,44950,17505,347
2022,7,1,金,ぶどう計,45000,76113,2062
2022,7,1,金,いちご,46100,4745,1996
2022,7,1,金,メロン計,47000,342603,503
2022,7,1,金,すいか,48100,997176,248
2022,7,1,金,バナナ,50100,466272,169
2022,7,1,金,パイナップル,50300,105141,196
2022,7,1,金,レモン,50400,46741,436
2022,7,1,金,オレンジ,50600,38670,359
2022,7,1,金,輸入おうとう,50700,1360,2472
2022,7,1,金,輸入キウイ,50800,172009,631
2022,7,1,金,輸入メロン,50850,2670,368
2022,7,2,土,みかん,40100,147770,1022
2022,7,2,土,りんご計,42000,204066,471
2022,7,2,土,日本なし計,43000,6477,1072
2022,7,2,土,かき計,43500,302,737
2022,7,2,土,びわ,43900,50,1413
2022,7,2,土,もも,44100,227958,844
2022,7,2,土,すもも,44700,59719,744
2022,7,2,土,おうとう,44800,57086,1729
2022,7,2,土,うめ,44950,14577,365
2022,7,2,土,ぶどう計,45000,86449,2179
2022,7,2,土,いちご,46100,4534,1990
2022,7,2,土,メロン計,47000,341473,514
2022,7,2,土,すいか,48100,1238361,250
2022,7,2,土,バナナ,50100,421661,189
2022,7,2,土,パイナップル,50300,122152,200
2022,7,2,土,レモン,50400,50252,418
2022,7,2,土,オレンジ,50600,31494,371
2022,7,2,土,輸入おうとう,50700,2003,2178
2022,7,2,土,輸入キウイ,50800,106921,625
2022,7,2,土,輸入メロン,50850,575,349
2022,7,4,月,みかん,40100,137609,1038
2022,7,4,月,りんご計,42000,258914,477
2022,7,4,月,日本なし計,43000,6371,1145
2022,7,4,月,もも,44100,367523,846
2022,7,4,月,すもも,44700,90906,725
2022,7,4,月,おうとう,44800,43822,1809
2022,7,4,月,うめ,44950,10905,326
2022,7,4,月,ぶどう計,45000,96211,2076
2022,7,4,月,いちご,46100,5989,2012
2022,7,4,月,メロン計,47000,409328,515
2022,7,4,月,すいか,48100,1259619,252
2022,7,4,月,バナナ,50100,576690,195
2022,7,4,月,パイナップル,50300,81021,182
2022,7,4,月,レモン,50400,58501,429
2022,7,4,月,オレンジ,50600,61100,366
2022,7,4,月,輸入おうとう,50700,1402,2538
2022,7,4,月,輸入キウイ,50800,118612,616
2022,7,4,月,輸入メロン,50850,858,339
2022,7,5,火,みかん,40100,73347,1037
2022,7,5,火,りんご計,42000,204874,476
2022,7,5,火,日本なし計,43000,9931,1017
2022,7,5,火,かき計,43500,373,743
2022,7,5,火,もも,44100,242414,870
2022,7,5,火,すもも,44700,74477,721
2022,7,5,火,おうとう,44800,41329,1687
2022,7,5,火,うめ,44950,9402,580
2022,7,5,火,ぶどう計,45000,95098,2153
2022,7,5,火,いちご,46100,4547,1991
2022,7,5,火,メロン計,47000,310187,536
2022,7,5,火,すいか,48100,1245184,251
2022,7,5,火,バナナ,50100,436330,185
2022,7,5,火,パイナップル,50300,92305,190
2022,7,5,火,レモン,50400,38318,437
2022,7,5,火,オレンジ,50600,16426,372
2022,7,5,火,輸入おうとう,50700,1259,2643
2022,7,5,火,輸入キウイ,50800,116855,565
2022,7,5,火,輸入メロン,50850,1410,340
2022,7,7,木,みかん,40100,186019,1023
2022,7,7,木,りんご計,42000,296724,478
2022,7,7,木,日本なし計,43000,19440,1113
2022,7,7,木,かき計,43500,1091,618
2022,7,7,木,びわ,43900,13,1159
2022,7,7,木,もも,44100,400231,869
2022,7,7,木,すもも,44700,114035,708
2022,7,7,木,おうとう,44800,49500,1835
2022,7,7,木,うめ,44950,5182,400
2022,7,7,木,ぶどう計,45000,108874,2139
2022,7,7,木,いちご,46100,6252,2114
2022,7,7,木,メロン計,47000,437845,553
2022,7,7,木,すいか,48100,1761273,250
2022,7,7,木,バナナ,50100,464744,197
2022,7,7,木,パイナップル,50300,106691,202
2022,7,7,木,レモン,50400,37428,430
2022,7,7,木,オレンジ,50600,36812,371
2022,7,7,木,輸入おうとう,50700,1065,2675
2022,7,7,木,輸入キウイ,50800,122997,662
2022,7,7,木,輸入メロン,50850,1912,389
2022,7,8,金,みかん,40100,31562,1203
2022,7,8,金,りんご計,42000,233813,471
2022,7,8,金,日本なし計,43000,10740,1115
2022,7,8,金,かき計,43500,52,1151
2022,7,8,金,もも,44100,243489,883
2022,7,8,金,すもも,44700,88323,708
2022,7,8,金,おうとう,44800,17858,1861
2022,7,8,金,うめ,44950,7507,573
2022,7,8,金,ぶどう計,45000,88355,2214
2022,7,8,金,いちご,46100,3059,2132
2022,7,8,金,メロン計,47000,285164,564
2022,7,8,金,すいか,48100,1244914,246
2022,7,8,金,バナナ,50100,511819,178
2022,7,8,金,パイナップル,50300,114995,185
2022,7,8,金,レモン,50400,43839,448
2022,7,8,金,オレンジ,50600,44292,389
2022,7,8,金,輸入おうとう,50700,780,2532
2022,7,8,金,輸入キウイ,50800,98577,620
2022,7,8,金,輸入メロン,50850,1327,289
2022,7,9,土,みかん,40100,160511,1005
2022,7,9,土,りんご計,42000,191826,490
2022,7,9,土,日本なし計,43000,24432,1083
2022,7,9,土,かき計,43500,328,792
2022,7,9,土,もも,44100,282700,874
2022,7,9,土,すもも,44700,114062,682
2022,7,9,土,おうとう,44800,16166,2027
2022,7,9,土,うめ,44950,18315,570
2022,7,9,土,ぶどう計,45000,101873,2278
2022,7,9,土,いちご,46100,4259,2114
2022,7,9,土,メロン計,47000,334162,557
2022,7,9,土,すいか,48100,1448800,251
2022,7,9,土,バナナ,50100,463107,194
2022,7,9,土,パイナップル,50300,118468,203
2022,7,9,土,レモン,50400,40930,417
2022,7,9,土,オレンジ,50600,71120,358
2022,7,9,土,輸入おうとう,50700,755,2478
2022,7,9,土,輸入キウイ,50800,136905,623
2022,7,9,土,輸入メロン,50850,1602,314
2022,7,11,月,みかん,40100,145124,1025
2022,7,11,月,りんご計,42000,320049,487
2022,7,11,月,日本なし計,43000,22897,1049
2022,7,11,月,かき計,43500,3857,625
2022,7,11,月,もも,44100,446039,919
2022,7,11,月,すもも,44700,154585,650
2022,7,11,月,おうとう,44800,25783,1999
2022,7,11,月,うめ,44950,7275,321
2022,7,11,月,ぶどう計,45000,110773,2209
2022,7,11,月,いちご,46100,5919,2154
2022,7,11,月,メロン計,47000,362112,566
2022,7,11,月,すいか,48100,1501465,249
2022,7,11,月,バナナ,50100,495971,204
2022,7,11,月,パイナップル,50300,79679,195
2022,7,11,月,レモン,50400,34268,431
2022,7,11,月,オレンジ,50600,46069,364
2022,7,11,月,輸入おうとう,50700,1412,2702
2022,7,11,月,輸入キウイ,50800,78737,618
2022,7,11,月,輸入メロン,50850,547,407
2022,7,12,火,みかん,40100,69403,1020
2022,7,12,火,りんご計,42000,176291,496
2022,7,12,火,日本なし計,43000,28216,1046
2022,7,12,火,かき計,43500,630,1003
2022,7,12,火,もも,44100,339624,935
2022,7,12,火,すもも,44700,108243,656
2022,7,12,火,おうとう,44800,13408,1999
2022,7,12,火,うめ,44950,549,72
2022,7,12,火,ぶどう計,45000,107104,2280
2022,7,12,火,いちご,46100,3565,2187
2022,7,12,火,メロン計,47000,295776,572
2022,7,12,火,すいか,48100,1374995,252
2022,7,12,火,バナナ,50100,409673,185
2022,7,12,火,パイナップル,50300,108308,202
2022,7,12,火,レモン,50400,38729,418
2022,7,12,火,オレンジ,50600,44900,357
2022,7,12,火,輸入おうとう,50700,1624,3091
2022,7,12,火,輸入キウイ,50800,103220,599
2022,7,12,火,輸入メロン,50850,508,244
2022,7,14,木,みかん,40100,203468,1003
2022,7,14,木,りんご計,42000,318373,482
2022,7,14,木,日本なし計,43000,65356,951
2022,7,14,木,もも,44100,560819,944
2022,7,14,木,すもも,44700,141695,639
2022,7,14,木,おうとう,44800,22076,1930
2022,7,14,木,うめ,44950,7467,389
2022,7,14,木,ぶどう計,45000,135397,2217
2022,7,14,木,いちご,46100,6229,2181
2022,7,14,木,メロン計,47000,422469,559
2022,7,14,木,すいか,48100,1887331,250
2022,7,14,木,バナナ,50100,432985,207
2022,7,14,木,パイナップル,50300,109073,198
2022,7,14,木,レモン,50400,42402,435
2022,7,14,木,オレンジ,50600,41396,366
2022,7,14,木,輸入おうとう,50700,2493,3723
2022,7,14,木,輸入キウイ,50800,106933,604
2022,7,14,木,輸入メロン,50850,861,370
2022,7,15,金,みかん,40100,29645,1045
2022,7,15,金,りんご計,42000,231556,486
2022,7,15,金,日本なし計,43000,41307,957
2022,7,15,金,かき計,43500,3960,626
2022,7,15,金,もも,44100,366225,957
2022,7,15,金,すもも,44700,84267,657
2022,7,15,金,おうとう,44800,13688,2010
2022,7,15,金,うめ,44950,172355,673
2022,7,15,金,ぶどう計,45000,116980,2268
2022,7,15,金,いちご,46100,2784,2314
2022,7,15,金,メロン計,47000,290111,598
2022,7,15,金,すいか,48100,1246133,251
2022,7,15,金,バナナ,50100,531318,174
2022,7,15,金,パイナップル,50300,138982,187
2022,7,15,金,レモン,50400,38978,466
2022,7,15,金,オレンジ,50600,36992,365
2022,7,15,金,輸入おうとう,50700,1181,3525
2022,7,15,金,輸入キウイ,50800,112953,605
2022,7,15,金,輸入メロン,50850,635,409
2022,7,16,土,みかん,40100,186389,994
2022,7,16,土,りんご計,42000,274266,496
2022,7,16,土,日本なし計,43000,54717,886
2022,7,16,土,かき計,43500,371,729
2022,7,16,土,もも,44100,386984,961
2022,7,16,土,すもも,44700,100534,662
2022,7,16,土,おうとう,44800,13501,1968
2022,7,16,土,うめ,44950,8069,395
2022,7,16,土,ぶどう計,45000,137669,2206
2022,7,16,土,いちご,46100,4218,2241
2022,7,16,土,メロン計,47000,359814,579
2022,7,16,土,すいか,48100,1537233,246
2022,7,16,土,バナナ,50100,524733,198
2022,7,16,土,パイナップル,50300,137112,200
2022,7,16,土,レモン,50400,59672,415
2022,7,16,土,オレンジ,50600,77132,349
2022,7,16,土,輸入おうとう,50700,1835,2235
2022,7,16,土,輸入キウイ,50800,112314,647
2022,7,16,土,輸入メロン,50850,1493,430
2022,7,18,月,りんご計,42000,2890,595
2022,7,18,月,日本なし計,43000,85,477
2022,7,18,月,もも,44100,561,1043
2022,7,18,月,すもも,44700,138,953
2022,7,18,月,メロン計,47000,504,646
2022,7,18,月,すいか,48100,18038,248
2022,7,18,月,バナナ,50100,6724,229
2022,7,18,月,パイナップル,50300,1610,247
2022,7,18,月,レモン,50400,883,519
2022,7,18,月,オレンジ,50600,1305,387
2022,7,18,月,輸入キウイ,50800,363,708
2022,7,19,火,みかん,40100,194204,978
2022,7,19,火,りんご計,42000,343566,483
2022,7,19,火,日本なし計,43000,86174,838
2022,7,19,火,かき計,43500,2129,629
2022,7,19,火,もも,44100,908776,915
2022,7,19,火,すもも,44700,149152,664
2022,7,19,火,おうとう,44800,26866,1854
2022,7,19,火,うめ,44950,7842,354
2022,7,19,火,ぶどう計,45000,186325,2053
2022,7,19,火,いちご,46100,8981,2020
2022,7,19,火,メロン計,47000,497253,563
2022,7,19,火,すいか,48100,1927651,245
2022,7,19,火,バナナ,50100,737438,198
2022,7,19,火,パイナップル,50300,126298,193
2022,7,19,火,レモン,50400,43016,420
2022,7,19,火,オレンジ,50600,48092,367
2022,7,19,火,輸入おうとう,50700,2330,3510
2022,7,19,火,輸入キウイ,50800,162616,593
2022,7,19,火,輸入メロン,50850,347,422
2022,7,20,水,みかん,40100,16330,1122
2022,7,20,水,りんご計,42000,52513,508
2022,7,20,水,日本なし計,43000,31774,857
2022,7,20,水,かき計,43500,254,1102
2022,7,20,水,もも,44100,220259,893
2022,7,20,水,すもも,44700,54909,653
2022,7,20,水,おうとう,44800,6707,1845
2022,7,20,水,うめ,44950,750,293
2022,7,20,水,ぶどう計,45000,43907,2197
2022,7,20,水,いちご,46100,1572,1984
2022,7,20,水,メロン計,47000,178557,590
2022,7,20,水,すいか,48100,556666,259
2022,7,20,水,バナナ,50100,120758,149
2022,7,20,水,パイナップル,50300,8260,205
2022,7,20,水,レモン,50400,9510,413
2022,7,20,水,オレンジ,50600,5383,357
2022,7,20,水,輸入おうとう,50700,224,2027
2022,7,20,水,輸入キウイ,50800,10199,631
2022,7,20,水,輸入メロン,50850,460,486
2022,7,21,木,みかん,40100,188540,975
2022,7,21,木,りんご計,42000,265570,487
2022,7,21,木,日本なし計,43000,67523,816
2022,7,21,木,かき計,43500,5938,624
2022,7,21,木,もも,44100,503892,900
2022,7,21,木,すもも,44700,76385,716
2022,7,21,木,おうとう,44800,13409,1934
2022,7,21,木,うめ,44950,8639,340
2022,7,21,木,ぶどう計,45000,157020,2123
2022,7,21,木,いちご,46100,4437,2222
2022,7,21,木,メロン計,47000,330270,559
2022,7,21,木,すいか,48100,1419973,236
2022,7,21,木,バナナ,50100,407173,191
2022,7,21,木,パイナップル,50300,121566,182
2022,7,21,木,レモン,50400,52991,431
2022,7,21,木,オレンジ,50600,40176,348
2022,7,21,木,輸入おうとう,50700,1604,2744
2022,7,21,木,輸入キウイ,50800,94941,545
2022,7,21,木,輸入メロン,50850,5159,252
2022,7,22,金,みかん,40100,37610,977
2022,7,22,金,りんご計,42000,208806,481
2022,7,22,金,日本なし計,43000,69602,764
2022,7,22,金,かき計,43500,2996,677
2022,7,22,金,もも,44100,456304,888
2022,7,22,金,すもも,44700,61434,729
2022,7,22,金,おうとう,44800,9342,1853
2022,7,22,金,うめ,44950,330120,394
2022,7,22,金,ぶどう計,45000,134108,2125
2022,7,22,金,いちご,46100,2396,2231
2022,7,22,金,メロン計,47000,264988,555
2022,7,22,金,すいか,48100,1047015,236
2022,7,22,金,バナナ,50100,492399,179
2022,7,22,金,パイナップル,50300,120931,196
2022,7,22,金,レモン,50400,25265,457
2022,7,22,金,オレンジ,50600,50014,362
2022,7,22,金,輸入おうとう,50700,2077,2985
2022,7,22,金,輸入キウイ,50800,151115,605
2022,7,22,金,輸入メロン,50850,1584,404
2022,7,23,土,みかん,40100,180065,980
2022,7,23,土,りんご計,42000,189770,484
2022,7,23,土,日本なし計,43000,81632,704
2022,7,23,土,かき計,43500,713,808
2022,7,23,土,もも,44100,466961,868
2022,7,23,土,すもも,44700,68266,735
2022,7,23,土,おうとう,44800,8484,1885
2022,7,23,土,うめ,44950,6760,331
2022,7,23,土,ぶどう計,45000,157230,2013
2022,7,23,土,いちご,46100,3654,2081
2022,7,23,土,メロン計,47000,280580,549
2022,7,23,土,すいか,48100,1221046,236
2022,7,23,土,バナナ,50100,511192,191
2022,7,23,土,パイナップル,50300,118478,192
2022,7,23,土,レモン,50400,34981,418
2022,7,23,土,オレンジ,50600,55925,345
2022,7,23,土,輸入おうとう,50700,2771,2161
2022,7,23,土,輸入キウイ,50800,106812,612
2022,7,23,土,輸入メロン,50850,1849,297
2022,7,25,月,みかん,40100,139712,988
2022,7,25,月,りんご計,42000,256451,492
2022,7,25,月,日本なし計,43000,152760,645
2022,7,25,月,かき計,43500,5571,642
2022,7,25,月,もも,44100,724953,815
2022,7,25,月,すもも,44700,73522,736
2022,7,25,月,おうとう,44800,10794,1706
2022,7,25,月,うめ,44950,3220,252
2022,7,25,月,ぶどう計,45000,167273,1976
2022,7,25,月,いちご,46100,4478,2101
2022,7,25,月,メロン計,47000,320445,540
2022,7,25,月,すいか,48100,1370525,235
2022,7,25,月,バナナ,50100,559653,200
2022,7,25,月,パイナップル,50300,93732,181
2022,7,25,月,レモン,50400,28863,429
2022,7,25,月,オレンジ,50600,37991,360
2022,7,25,月,輸入おうとう,50700,1067,3363
2022,7,25,月,輸入キウイ,50800,112219,603
2022,7,25,月,輸入メロン,50850,1541,417
2022,7,26,火,みかん,40100,91825,975
2022,7,26,火,りんご計,42000,183277,497
2022,7,26,火,日本なし計,43000,126441,647
2022,7,26,火,かき計,43500,677,851
2022,7,26,火,もも,44100,537702,800
2022,7,26,火,すもも,44700,64830,744
2022,7,26,火,おうとう,44800,5402,2058
2022,7,26,火,うめ,44950,55,265
2022,7,26,火,ぶどう計,45000,173037,1945
2022,7,26,火,いちご,46100,2592,2130
2022,7,26,火,メロン計,47000,265554,549
2022,7,26,火,すいか,48100,1280904,234
2022,7,26,火,バナナ,50100,398252,180
2022,7,26,火,パイナップル,50300,89372,195
2022,7,26,火,レモン,50400,28368,444
2022,7,26,火,オレンジ,50600,40651,351
2022,7,26,火,輸入おうとう,50700,675,2252
2022,7,26,火,輸入キウイ,50800,82590,581
2022,7,26,火,輸入メロン,50850,523,389
2022,7,28,木,みかん,40100,205084,976
2022,7,28,木,りんご計,42000,245170,512
2022,7,28,木,日本なし計,43000,225252,636
2022,7,28,木,かき計,43500,5843,661
2022,7,28,木,もも,44100,813479,778
2022,7,28,木,すもも,44700,80840,733
2022,7,28,木,おうとう,44800,5664,1841
2022,7,28,木,うめ,44950,70,309
2022,7,28,木,ぶどう計,45000,206482,1893
2022,7,28,木,いちご,46100,5126,2140
2022,7,28,木,メロン計,47000,340317,551
2022,7,28,木,すいか,48100,1775021,239
2022,7,28,木,バナナ,50100,485406,196
2022,7,28,木,パイナップル,50300,108839,195
2022,7,28,木,レモン,50400,35458,406
2022,7,28,木,オレンジ,50600,40596,351
2022,7,28,木,輸入おうとう,50700,1055,4170
2022,7,28,木,輸入キウイ,50800,127221,587
2022,7,28,木,輸入メロン,50850,1305,421
2022,7,29,金,みかん,40100,40004,921
2022,7,29,金,りんご計,42000,220389,481
2022,7,29,金,日本なし計,43000,205724,634
2022,7,29,金,かき計,43500,2888,650
2022,7,29,金,もも,44100,554551,767
2022,7,29,金,すもも,44700,53662,730
2022,7,29,金,おうとう,44800,3255,1769
2022,7,29,金,うめ,44950,119,225
2022,7,29,金,ぶどう計,45000,192538,1829
2022,7,29,金,いちご,46100,2230,2227
2022,7,29,金,メロン計,47000,283823,541
2022,7,29,金,すいか,48100,1353241,235
2022,7,29,金,バナナ,50100,566966,178
2022,7,29,金,パイナップル,50300,108760,199
2022,7,29,金,レモン,50400,38386,424
2022,7,29,金,オレンジ,50600,40813,347
2022,7,29,金,輸入おうとう,50700,993,1937
2022,7,29,金,輸入キウイ,50800,134584,613
2022,7,29,金,輸入メロン,50850,1538,388
2022,7,30,土,みかん,40100,195647,961
2022,7,30,土,りんご計,42000,161292,520
2022,7,30,土,日本なし計,43000,262237,638
2022,7,30,土,かき計,43500,1236,596
2022,7,30,土,もも,44100,566428,764
2022,7,30,土,すもも,44700,69423,741
2022,7,30,土,おうとう,44800,3708,2767
2022,7,30,土,うめ,44950,1680,203
2022,7,30,土,ぶどう計,45000,221405,1810
2022,7,30,土,いちご,46100,3066,2109
2022,7,30,土,メロン計,47000,296784,549
2022,7,30,土,すいか,48100,1330436,237
2022,7,30,土,バナナ,50100,620022,194
2022,7,30,土,パイナップル,50300,130984,196
2022,7,30,土,レモン,50400,39108,392
2022,7,30,土,オレンジ,50600,70589,344
2022,7,30,土,輸入おうとう,50700,558,1645
2022,7,30,土,輸入キウイ,50800,136252,610
2022,7,30,土,輸入メロン,50850,4926,440
2022,8,1,月,みかん,40100,157519,993
2022,8,1,月,りんご計,42000,215835,540
2022,8,1,月,日本なし計,43000,456468,612
2022,8,1,月,かき計,43500,10820,503
2022,8,1,月,もも,44100,882486,739
2022,8,1,月,すもも,44700,86482,717
2022,8,1,月,おうとう,44800,2094,1347
2022,8,1,月,うめ,44950,112,261
2022,8,1,月,ぶどう計,45000,238625,1753
2022,8,1,月,いちご,46100,4473,2236
2022,8,1,月,メロン計,47000,348540,544
2022,8,1,月,すいか,48100,1785162,239
2022,8,1,月,バナナ,50100,481325,203
2022,8,1,月,パイナップル,50300,75573,208
2022,8,1,月,レモン,50400,25678,426
2022,8,1,月,オレンジ,50600,48311,345
2022,8,1,月,輸入おうとう,50700,14729,3969
2022,8,1,月,輸入キウイ,50800,85168,614
2022,8,1,月,輸入メロン,50850,2860,372
2022,8,2,火,みかん,40100,105553,992
2022,8,2,火,りんご計,42000,205578,525
2022,8,2,火,日本なし計,43000,354640,624
2022,8,2,火,かき計,43500,659,757
2022,8,2,火,もも,44100,706652,726
2022,8,2,火,すもも,44700,80187,719
2022,8,2,火,おうとう,44800,1019,2157
2022,8,2,火,うめ,44950,32,162
2022,8,2,火,ぶどう計,45000,260601,1748
2022,8,2,火,いちご,46100,3328,2069
2022,8,2,火,メロン計,47000,299255,548
2022,8,2,火,すいか,48100,1595933,241
2022,8,2,火,バナナ,50100,407900,175
2022,8,2,火,パイナップル,50300,91839,195
2022,8,2,火,レモン,50400,54515,439
2022,8,2,火,オレンジ,50600,38548,351
2022,8,2,火,輸入おうとう,50700,1055,2681
2022,8,2,火,輸入キウイ,50800,81652,563
2022,8,2,火,輸入メロン,50850,1516,419
2022,8,4,木,みかん,40100,229792,966
2022,8,4,木,りんご計,42000,273556,532
2022,8,4,木,日本なし計,43000,720579,625
2022,8,4,木,かき計,43500,8391,713
2022,8,4,木,もも,44100,972573,714
2022,8,4,木,すもも,44700,93063,713
2022,8,4,木,おうとう,44800,1023,1477
2022,8,4,木,ぶどう計,45000,372607,1682
2022,8,4,木,いちご,46100,4634,2274
2022,8,4,木,メロン計,47000,388630,554
2022,8,4,木,すいか,48100,2019286,247
2022,8,4,木,バナナ,50100,453899,205
2022,8,4,木,パイナップル,50300,114790,197
2022,8,4,木,レモン,50400,37318,429
2022,8,4,木,オレンジ,50600,54044,346
2022,8,4,木,輸入おうとう,50700,462,1539
2022,8,4,木,輸入キウイ,50800,76385,631
2022,8,4,木,輸入メロン,50850,2346,401
2022,8,5,金,みかん,40100,47083,947
2022,8,5,金,りんご計,42000,241468,530
2022,8,5,金,日本なし計,43000,376217,611
2022,8,5,金,かき計,43500,5950,703
2022,8,5,金,もも,44100,632451,735
2022,8,5,金,すもも,44700,67273,720
2022,8,5,金,おうとう,44800,598,1677
2022,8,5,金,ぶどう計,45000,309347,1761
2022,8,5,金,いちご,46100,2187,2365
2022,8,5,金,メロン計,47000,283377,566
2022,8,5,金,すいか,48100,1324803,241
2022,8,5,金,バナナ,50100,526212,171
2022,8,5,金,パイナップル,50300,120049,198
2022,8,5,金,レモン,50400,68189,405
2022,8,5,金,オレンジ,50600,58740,320
2022,8,5,金,輸入おうとう,50700,690,1931
2022,8,5,金,輸入キウイ,50800,85684,599
2022,8,5,金,輸入メロン,50850,1155,429
2022,8,6,土,みかん,40100,215402,966
2022,8,6,土,りんご計,42000,187301,541
2022,8,6,土,日本なし計,43000,516945,632
2022,8,6,土,かき計,43500,880,830
2022,8,6,土,もも,44100,648149,711
2022,8,6,土,すもも,44700,77327,703
2022,8,6,土,おうとう,44800,402,1624
2022,8,6,土,ぶどう計,45000,335247,1769
2022,8,6,土,いちご,46100,2445,2271
2022,8,6,土,メロン計,47000,320688,556
2022,8,6,土,すいか,48100,1328105,240
2022,8,6,土,バナナ,50100,399067,194
2022,8,6,土,パイナップル,50300,108333,198
2022,8,6,土,レモン,50400,42991,388
2022,8,6,土,オレンジ,50600,76994,326
2022,8,6,土,輸入おうとう,50700,749,3389
2022,8,6,土,輸入キウイ,50800,116220,629
2022,8,6,土,輸入メロン,50850,3196,402
2022,8,8,月,みかん,40100,151826,969
2022,8,8,月,りんご計,42000,243810,517
2022,8,8,月,日本なし計,43000,845939,624
2022,8,8,月,かき計,43500,8274,657
2022,8,8,月,もも,44100,908414,665
2022,8,8,月,すもも,44700,90056,687
2022,8,8,月,おうとう,44800,397,2443
2022,8,8,月,ぶどう計,45000,463481,1674
2022,8,8,月,いちご,46100,3129,2248
2022,8,8,月,メロン計,47000,410045,573
2022,8,8,月,すいか,48100,1629031,244
2022,8,8,月,バナナ,50100,513192,200
2022,8,8,月,パイナップル,50300,92107,218
2022,8,8,月,レモン,50400,42750,418
2022,8,8,月,オレンジ,50600,51234,349
2022,8,8,月,輸入おうとう,50700,418,1779
2022,8,8,月,輸入キウイ,50800,54333,648
2022,8,8,月,輸入メロン,50850,866,446
2022,8,9,火,みかん,40100,77349,981
2022,8,9,火,りんご計,42000,196324,522
2022,8,9,火,日本なし計,43000,491605,620
2022,8,9,火,かき計,43500,8351,730
2022,8,9,火,もも,44100,564627,649
2022,8,9,火,すもも,44700,77689,674
2022,8,9,火,おうとう,44800,155,2485
2022,8,9,火,ぶどう計,45000,404915,1684
2022,8,9,火,いちご,46100,2001,2307
2022,8,9,火,メロン計,47000,325779,609
2022,8,9,火,すいか,48100,1281751,239
2022,8,9,火,バナナ,50100,455812,176
2022,8,9,火,パイナップル,50300,114017,194
2022,8,9,火,レモン,50400,29684,445
2022,8,9,火,オレンジ,50600,46545,356
2022,8,9,火,輸入おうとう,50700,301,1403
2022,8,9,火,輸入キウイ,50800,79777,594
2022,8,9,火,輸入メロン,50850,1578,391
2022,8,10,水,みかん,40100,42870,1033
2022,8,10,水,りんご計,42000,191940,504
2022,8,10,水,日本なし計,43000,403392,626
2022,8,10,水,かき計,43500,68,742
2022,8,10,水,もも,44100,499186,624
2022,8,10,水,すもも,44700,68040,633
2022,8,10,水,おうとう,44800,137,1250
2022,8,10,水,ぶどう計,45000,337736,1724
2022,8,10,水,いちご,46100,1766,2357
2022,8,10,水,メロン計,47000,275774,631
2022,8,10,水,すいか,48100,1009437,252
2022,8,10,水,バナナ,50100,231539,207
2022,8,10,水,パイナップル,50300,78932,209
2022,8,10,水,レモン,50400,27546,429
2022,8,10,水,オレンジ,50600,47221,334
2022,8,10,水,輸入おうとう,50700,203,1414
2022,8,10,水,輸入キウイ,50800,71399,614
2022,8,10,水,輸入メロン,50850,1324,393
2022,8,22,月,みかん,40100,60931,883
2022,8,22,月,りんご計,42000,334649,446
2022,8,22,月,日本なし計,43000,802598,459
2022,8,22,月,かき計,43500,5429,831
2022,8,22,月,もも,44100,380500,605
2022,8,22,月,すもも,44700,54757,663
2022,8,22,月,ぶどう計,45000,389482,1422
2022,8,22,月,くり,45700,116,767
2022,8,22,月,いちご,46100,2159,2525
2022,8,22,月,メロン計,47000,157303,536
2022,8,22,月,すいか,48100,657746,206
2022,8,22,月,バナナ,50100,488783,198
2022,8,22,月,パイナップル,50300,59963,200
2022,8,22,月,レモン,50400,24871,385
2022,8,22,月,オレンジ,50600,64672,314
2022,8,22,月,輸入キウイ,50800,90238,617
2022,8,22,月,輸入メロン,50850,792,357
2022,8,23,火,みかん,40100,62184,872
2022,8,23,火,りんご計,42000,328451,412
2022,8,23,火,日本なし計,43000,633008,455
2022,8,23,火,かき計,43500,7935,766
2022,8,23,火,もも,44100,350871,626
2022,8,23,火,すもも,44700,51748,643
2022,8,23,火,ぶどう計,45000,352861,1418
2022,8,23,火,くり,45700,167,1065
2022,8,23,火,いちご,46100,1561,2453
2022,8,23,火,メロン計,47000,152298,528
2022,8,23,火,すいか,48100,547437,202
2022,8,23,火,バナナ,50100,364522,180
2022,8,23,火,パイナップル,50300,83962,204
2022,8,23,火,レモン,50400,21209,415
2022,8,23,火,オレンジ,50600,31885,327
2022,8,23,火,輸入おうとう,50700,1088,1536
2022,8,23,火,輸入キウイ,50800,90403,619
2022,8,23,火,輸入メロン,50850,2274,236
2022,8,25,木,みかん,40100,127949,789
2022,8,25,木,りんご計,42000,457347,407
2022,8,25,木,日本なし計,43000,1281654,466
2022,8,25,木,かき計,43500,9474,797
2022,8,25,木,もも,44100,422634,625
2022,8,25,木,すもも,44700,58103,641
2022,8,25,木,おうとう,44800,12,1512
2022,8,25,木,ぶどう計,45000,408103,1428
2022,8,25,木,くり,45700,11025,1284
2022,8,25,木,いちご,46100,2595,2513
2022,8,25,木,メロン計,47000,211615,513
2022,8,25,木,すいか,48100,576947,208
2022,8,25,木,バナナ,50100,441923,200
2022,8,25,木,パイナップル,50300,111658,190
2022,8,25,木,レモン,50400,38173,391
2022,8,25,木,オレンジ,50600,76454,321
2022,8,25,木,輸入キウイ,50800,93735,623
2022,8,25,木,輸入メロン,50850,2726,211
2022,8,26,金,みかん,40100,28991,741
2022,8,26,金,りんご計,42000,398853,395
2022,8,26,金,日本なし計,43000,811605,463
2022,8,26,金,かき計,43500,7510,765
2022,8,26,金,もも,44100,280073,599
2022,8,26,金,すもも,44700,45619,637
2022,8,26,金,ぶどう計,45000,366622,1452
2022,8,26,金,くり,45700,1961,1232
2022,8,26,金,いちご,46100,1457,2650
2022,8,26,金,メロン計,47000,162919,498
2022,8,26,金,すいか,48100,421403,207
2022,8,26,金,バナナ,50100,515349,179
2022,8,26,金,パイナップル,50300,96641,203
2022,8,26,金,レモン,50400,34531,374
2022,8,26,金,オレンジ,50600,43918,337
2022,8,26,金,輸入キウイ,50800,149698,616
2022,8,26,金,輸入メロン,50850,2898,359
2022,8,27,土,みかん,40100,90722,789
2022,8,27,土,りんご計,42000,491376,373
2022,8,27,土,日本なし計,43000,922569,457
2022,8,27,土,かき計,43500,11988,712
2022,8,27,土,もも,44100,364571,582
2022,8,27,土,すもも,44700,54561,603
2022,8,27,土,ぶどう計,45000,371989,1476
2022,8,27,土,くり,45700,5860,1222
2022,8,27,土,いちご,46100,1659,2607
2022,8,27,土,メロン計,47000,183814,492
2022,8,27,土,すいか,48100,360802,196
2022,8,27,土,バナナ,50100,419532,193
2022,8,27,土,パイナップル,50300,109419,202
2022,8,27,土,レモン,50400,34539,348
2022,8,27,土,オレンジ,50600,44773,327
2022,8,27,土,輸入おうとう,50700,82,1054
2022,8,27,土,輸入キウイ,50800,112769,627
2022,8,27,土,輸入メロン,50850,3796,336
2022,8,29,月,みかん,40100,63497,752
2022,8,29,月,りんご計,42000,631312,354
2022,8,29,月,日本なし計,43000,1127334,415
2022,8,29,月,かき計,43500,10848,775
2022,8,29,月,もも,44100,375070,583
2022,8,29,月,すもも,44700,55325,609
2022,8,29,月,ぶどう計,45000,428794,1442
2022,8,29,月,くり,45700,16803,1278
2022,8,29,月,いちご,46100,2589,2662
2022,8,29,月,メロン計,47000,200294,500
2022,8,29,月,すいか,48100,389970,184
2022,8,29,月,バナナ,50100,412312,196
2022,8,29,月,パイナップル,50300,70022,208
2022,8,29,月,レモン,50400,33742,395
2022,8,29,月,オレンジ,50600,41276,327
2022,8,29,月,輸入キウイ,50800,103475,593
2022,8,29,月,輸入メロン,50850,1075,424
2022,8,30,火,みかん,40100,48144,741
2022,8,30,火,りんご計,42000,569853,341
2022,8,30,火,日本なし計,43000,915516,412
2022,8,30,火,かき計,43500,5032,781
2022,8,30,火,もも,44100,345262,621
2022,8,30,火,すもも,44700,42537,603
2022,8,30,火,ぶどう計,45000,395520,1469
2022,8,30,火,くり,45700,9625,1200
2022,8,30,火,いちご,46100,1622,2555
2022,8,30,火,メロン計,47000,172591,512
2022,8,30,火,すいか,48100,348631,187
2022,8,30,火,バナナ,50100,477514,201
2022,8,30,火,パイナップル,50300,95790,210
2022,8,30,火,レモン,50400,43646,381
2022,8,30,火,オレンジ,50600,63355,326
2022,8,30,火,輸入キウイ,50800,127913,608
2022,8,30,火,輸入メロン,50850,1867,420
2022,9,1,木,みかん,40100,116283,711
2022,9,1,木,りんご計,42000,746110,331
2022,9,1,木,日本なし計,43000,1308466,392
2022,9,1,木,かき計,43500,8874,804
2022,9,1,木,もも,44100,361151,576
2022,9,1,木,すもも,44700,52743,601
2022,9,1,木,ぶどう計,45000,457955,1466
2022,9,1,木,くり,45700,24442,1195
2022,9,1,木,いちご,46100,3005,2590
2022,9,1,木,メロン計,47000,208674,505
2022,9,1,木,すいか,48100,354635,182
2022,9,1,木,バナナ,50100,425941,199
2022,9,1,木,パイナップル,50300,78321,216
2022,9,1,木,レモン,50400,21874,392
2022,9,1,木,オレンジ,50600,33167,329
2022,9,1,木,輸入キウイ,50800,105689,629
2022,9,1,木,輸入メロン,50850,2078,390
2022,9,2,金,みかん,40100,17408,792
2022,9,2,金,りんご計,42000,611294,322
2022,9,2,金,日本なし計,43000,705697,396
2022,9,2,金,かき計,43500,5594,768
2022,9,2,金,もも,44100,228774,589
2022,9,2,金,すもも,44700,34682,623
2022,9,2,金,ぶどう計,45000,404600,1505
2022,9,2,金,くり,45700,13790,1177
2022,9,2,金,いちご,46100,1559,2609
2022,9,2,金,メロン計,47000,141261,523
2022,9,2,金,すいか,48100,180033,174
2022,9,2,金,バナナ,50100,485462,160
2022,9,2,金,パイナップル,50300,84989,205
2022,9,2,金,レモン,50400,43497,353
2022,9,2,金,オレンジ,50600,31613,319
2022,9,2,金,輸入キウイ,50800,83329,606
2022,9,2,金,輸入メロン,50850,3662,339
2022,9,3,土,みかん,40100,65243,730
2022,9,3,土,りんご計,42000,555844,310
2022,9,3,土,日本なし計,43000,819352,383
2022,9,3,土,かき計,43500,11192,720
2022,9,3,土,もも,44100,265655,589
2022,9,3,土,すもも,44700,37938,599
2022,9,3,土,ぶどう計,45000,427668,1504
2022,9,3,土,くり,45700,23133,1171
2022,9,3,土,いちご,46100,1666,2594
2022,9,3,土,メロン計,47000,153176,505
2022,9,3,土,すいか,48100,231299,199
2022,9,3,土,バナナ,50100,475948,188
2022,9,3,土,パイナップル,50300,98210,208
2022,9,3,土,レモン,50400,76216,359
2022,9,3,土,オレンジ,50600,46114,318
2022,9,3,土,輸入キウイ,50800,154650,574
2022,9,3,土,輸入メロン,50850,1452,366
2022,9,5,月,みかん,40100,132188,494
2022,9,5,月,りんご計,42000,912777,293
2022,9,5,月,日本なし計,43000,1051245,379
2022,9,5,月,かき計,43500,20270,552
2022,9,5,月,もも,44100,232765,553
2022,9,5,月,すもも,44700,40952,605
2022,9,5,月,ぶどう計,45000,494854,1461
2022,9,5,月,くり,45700,43594,1155
2022,9,5,月,いちご,46100,3250,2682
2022,9,5,月,メロン計,47000,151368,513
2022,9,5,月,すいか,48100,134112,190
2022,9,5,月,バナナ,50100,418624,199
2022,9,5,月,パイナップル,50300,50352,209
2022,9,5,月,レモン,50400,21988,386
2022,9,5,月,オレンジ,50600,41730,319
2022,9,5,月,輸入キウイ,50800,92057,612
2022,9,5,月,輸入メロン,50850,1668,438
2022,9,6,火,みかん,40100,51809,627
2022,9,6,火,りんご計,42000,680838,290
2022,9,6,火,日本なし計,43000,949802,391
2022,9,6,火,かき計,43500,37230,559
2022,9,6,火,もも,44100,180517,601
2022,9,6,火,すもも,44700,38721,625
2022,9,6,火,ぶどう計,45000,458919,1453
2022,9,6,火,くり,45700,38989,1074
2022,9,6,火,いちご,46100,1784,2573
2022,9,6,火,メロン計,47000,123745,529
2022,9,6,火,すいか,48100,172970,202
2022,9,6,火,バナナ,50100,419824,174
2022,9,6,火,パイナップル,50300,77199,213
2022,9,6,火,レモン,50400,31979,364
2022,9,6,火,オレンジ,50600,40843,326
2022,9,6,火,輸入キウイ,50800,61326,621
2022,9,6,火,輸入メロン,50850,2425,400
2022,9,8,木,みかん,40100,152330,412
2022,9,8,木,りんご計,42000,809961,278
2022,9,8,木,日本なし計,43000,1193134,358
2022,9,8,木,かき計,43500,89373,444
2022,9,8,木,もも,44100,193064,582
2022,9,8,木,すもも,44700,46372,609
2022,9,8,木,ぶどう計,45000,545866,1431
2022,9,8,木,くり,45700,50612,1059
2022,9,8,木,いちご,46100,3086,2531
2022,9,8,木,メロン計,47000,123621,564
2022,9,8,木,すいか,48100,175740,231
2022,9,8,木,バナナ,50100,485102,197
2022,9,8,木,パイナップル,50300,83189,219
2022,9,8,木,レモン,50400,32112,372
2022,9,8,木,オレンジ,50600,49618,299
2022,9,8,木,輸入キウイ,50800,120374,589
2022,9,8,木,輸入メロン,50850,3153,364
2022,9,9,金,みかん,40100,90553,415
2022,9,9,金,りんご計,42000,625589,268
2022,9,9,金,日本なし計,43000,738500,369
2022,9,9,金,かき計,43500,121774,418
2022,9,9,金,もも,44100,79205,572
2022,9,9,金,すもも,44700,35574,645
2022,9,9,金,ぶどう計,45000,456744,1427
2022,9,9,金,くり,45700,46813,1045
2022,9,9,金,いちご,46100,1644,2648
2022,9,9,金,メロン計,47000,94979,583
2022,9,9,金,すいか,48100,110408,214
2022,9,9,金,バナナ,50100,505264,178
2022,9,9,金,パイナップル,50300,97319,213
2022,9,9,金,レモン,50400,32790,387
2022,9,9,金,オレンジ,50600,46426,301
2022,9,9,金,輸入キウイ,50800,59732,616
2022,9,9,金,輸入メロン,50850,2355,414
2022,9,10,土,みかん,40100,182654,443
2022,9,10,土,りんご計,42000,665624,271
2022,9,10,土,日本なし計,43000,826710,359
2022,9,10,土,かき計,43500,127622,414
2022,9,10,土,もも,44100,119611,616
2022,9,10,土,すもも,44700,33648,617
2022,9,10,土,ぶどう計,45000,410892,1420
2022,9,10,土,くり,45700,45171,965
2022,9,10,土,いちご,46100,2002,2561
2022,9,10,土,メロン計,47000,101358,548
2022,9,10,土,すいか,48100,196876,230
2022,9,10,土,キウイフルツ,49300,8,188
2022,9,10,土,バナナ,50100,466941,192
2022,9,10,土,パイナップル,50300,87501,207
2022,9,10,土,レモン,50400,39644,360
2022,9,10,土,オレンジ,50600,55668,287
2022,9,10,土,輸入おうとう,50700,82,119
2022,9,10,土,輸入キウイ,50800,140716,640
2022,9,10,土,輸入メロン,50850,2813,377
2022,9,12,月,みかん,40100,251428,372
2022,9,12,月,りんご計,42000,789705,264
2022,9,12,月,日本なし計,43000,1113596,347
2022,9,12,月,かき計,43500,237600,444
2022,9,12,月,もも,44100,145206,614
2022,9,12,月,すもも,44700,41458,615
2022,9,12,月,ぶどう計,45000,511912,1415
2022,9,12,月,くり,45700,52062,984
2022,9,12,月,いちご,46100,3153,2619
2022,9,12,月,メロン計,47000,98959,575
2022,9,12,月,すいか,48100,115919,201
2022,9,12,月,キウイフルツ,49300,15,488
2022,9,12,月,バナナ,50100,475996,201
2022,9,12,月,パイナップル,50300,81218,198
2022,9,12,月,レモン,50400,48215,333
2022,9,12,月,オレンジ,50600,35334,313
2022,9,12,月,輸入キウイ,50800,75620,616
2022,9,12,月,輸入メロン,50850,1253,277
2022,9,13,火,みかん,40100,172354,369
2022,9,13,火,りんご計,42000,620049,276
2022,9,13,火,日本なし計,43000,868016,354
2022,9,13,火,かき計,43500,80931,410
2022,9,13,火,もも,44100,108306,634
2022,9,13,火,すもも,44700,38591,631
2022,9,13,火,ぶどう計,45000,505086,1416
2022,9,13,火,くり,45700,41079,962
2022,9,13,火,いちご,46100,1969,2594
2022,9,13,火,メロン計,47000,100284,544
2022,9,13,火,すいか,48100,151653,228
2022,9,13,火,キウイフルツ,49300,94,288
2022,9,13,火,バナナ,50100,330829,189
2022,9,13,火,パイナップル,50300,73645,204
2022,9,13,火,レモン,50400,43467,360
2022,9,13,火,オレンジ,50600,33698,322
2022,9,13,火,輸入キウイ,50800,62533,599
2022,9,13,火,輸入メロン,50850,1376,235
2022,9,15,木,みかん,40100,540028,341
2022,9,15,木,りんご計,42000,767056,278
2022,9,15,木,日本なし計,43000,1450161,341
2022,9,15,木,かき計,43500,331597,423
2022,9,15,木,もも,44100,147351,635
2022,9,15,木,すもも,44700,38849,629
2022,9,15,木,ぶどう計,45000,535965,1408
2022,9,15,木,くり,45700,57879,1030
2022,9,15,木,いちご,46100,3889,2617
2022,9,15,木,メロン計,47000,107333,586
2022,9,15,木,すいか,48100,116632,236
2022,9,15,木,キウイフルツ,49300,13,284
2022,9,15,木,バナナ,50100,443353,202
2022,9,15,木,パイナップル,50300,100920,207
2022,9,15,木,レモン,50400,26642,386
2022,9,15,木,オレンジ,50600,56310,304
2022,9,15,木,輸入キウイ,50800,81550,593
2022,9,15,木,輸入メロン,50850,7525,342
2022,9,16,金,みかん,40100,436327,314
2022,9,16,金,りんご計,42000,661201,273
2022,9,16,金,日本なし計,43000,920648,340
2022,9,16,金,かき計,43500,224096,422
2022,9,16,金,もも,44100,96275,649
2022,9,16,金,すもも,44700,31826,644
2022,9,16,金,ぶどう計,45000,454297,1428
2022,9,16,金,くり,45700,35459,1008
2022,9,16,金,いちご,46100,2144,2662
2022,9,16,金,メロン計,47000,100283,578
2022,9,16,金,すいか,48100,62449,206
2022,9,16,金,キウイフルツ,49300,10,292
2022,9,16,金,バナナ,50100,525214,168
2022,9,16,金,パイナップル,50300,99328,211
2022,9,16,金,レモン,50400,38311,355
2022,9,16,金,オレンジ,50600,42794,300
2022,9,16,金,輸入キウイ,50800,92816,580
2022,9,16,金,輸入メロン,50850,4231,344
2022,9,17,土,みかん,40100,528284,315
2022,9,17,土,りんご計,42000,745469,277
2022,9,17,土,日本なし計,43000,1042049,337
2022,9,17,土,かき計,43500,268182,409
2022,9,17,土,もも,44100,118956,634
2022,9,17,土,すもも,44700,31629,630
2022,9,17,土,ぶどう計,45000,510735,1415
2022,9,17,土,くり,45700,44189,1018
2022,9,17,土,いちご,46100,2089,2653
2022,9,17,土,メロン計,47000,96132,603
2022,9,17,土,すいか,48100,115749,250
2022,9,17,土,キウイフルツ,49300,476,667
2022,9,17,土,バナナ,50100,451976,196
2022,9,17,土,パイナップル,50300,109130,209
2022,9,17,土,レモン,50400,36562,377
2022,9,17,土,オレンジ,50600,62687,288
2022,9,17,土,輸入キウイ,50800,132470,643
2022,9,17,土,輸入メロン,50850,3182,374
2022,9,19,月,みかん,40100,7730,215
2022,9,19,月,りんご計,42000,1750,392
2022,9,19,月,日本なし計,43000,5120,434
2022,9,19,月,ぶどう計,45000,270,1788
2022,9,19,月,メロン計,47000,48,932
2022,9,19,月,すいか,48100,3124,97
2022,9,19,月,バナナ,50100,5696,228
2022,9,19,月,パイナップル,50300,5050,246
2022,9,19,月,レモン,50400,200,543
2022,9,19,月,オレンジ,50600,1309,370
2022,9,19,月,輸入キウイ,50800,474,731
2022,9,19,月,輸入メロン,50850,570,201
2022,9,20,火,みかん,40100,755516,297
2022,9,20,火,りんご計,42000,879659,282
2022,9,20,火,日本なし計,43000,1595799,329
2022,9,20,火,かき計,43500,754498,393
2022,9,20,火,もも,44100,131112,634
2022,9,20,火,すもも,44700,32198,601
2022,9,20,火,ぶどう計,45000,481339,1419
2022,9,20,火,くり,45700,60707,1029
2022,9,20,火,いちご,46100,5914,2675
2022,9,20,火,メロン計,47000,103335,623
2022,9,20,火,すいか,48100,112170,227
2022,9,20,火,キウイフルツ,49300,41,221
2022,9,20,火,バナナ,50100,667508,199
2022,9,20,火,パイナップル,50300,89729,201
2022,9,20,火,レモン,50400,37781,338
2022,9,20,火,オレンジ,50600,43600,321
2022,9,20,火,輸入キウイ,50800,98267,612
2022,9,20,火,輸入メロン,50850,2381,411
2022,9,21,水,みかん,40100,80419,306
2022,9,21,水,りんご計,42000,272207,287
2022,9,21,水,日本なし計,43000,303504,353
2022,9,21,水,かき計,43500,177099,382
2022,9,21,水,もも,44100,33120,669
2022,9,21,水,すもも,44700,8521,617
2022,9,21,水,ぶどう計,45000,213478,1360
2022,9,21,水,くり,45700,8201,1070
2022,9,21,水,いちご,46100,1051,2793
2022,9,21,水,メロン計,47000,41038,603
2022,9,21,水,すいか,48100,28499,176
2022,9,21,水,バナナ,50100,197904,189
2022,9,21,水,パイナップル,50300,45706,195
2022,9,21,水,レモン,50400,27368,359
2022,9,21,水,オレンジ,50600,57955,243
2022,9,21,水,輸入キウイ,50800,95603,606
2022,9,21,水,輸入メロン,50850,622,404
2022,9,22,木,みかん,40100,394423,296
2022,9,22,木,りんご計,42000,807081,282
2022,9,22,木,日本なし計,43000,1062297,329
2022,9,22,木,かき計,43500,462212,373
2022,9,22,木,もも,44100,92397,621
2022,9,22,木,すもも,44700,26865,603
2022,9,22,木,ぶどう計,45000,437454,1425
2022,9,22,木,くり,45700,58808,1055
2022,9,22,木,いちご,46100,2806,2650
2022,9,22,木,メロン計,47000,99972,596
2022,9,22,木,すいか,48100,79285,233
2022,9,22,木,キウイフルツ,49300,364,758
2022,9,22,木,バナナ,50100,402764,201
2022,9,22,木,パイナップル,50300,100900,210
2022,9,22,木,レモン,50400,33586,362
2022,9,22,木,オレンジ,50600,43120,300
2022,9,22,木,輸入キウイ,50800,95854,600
2022,9,22,木,輸入メロン,50850,3217,337
2022,9,23,金,みかん,40100,173957,298
2022,9,23,金,りんご計,42000,299747,271
2022,9,23,金,日本なし計,43000,427443,316
2022,9,23,金,かき計,43500,165266,374
2022,9,23,金,もも,44100,29920,612
2022,9,23,金,すもも,44700,12646,631
2022,9,23,金,ぶどう計,45000,205629,1496
2022,9,23,金,くり,45700,25146,907
2022,9,23,金,いちご,46100,896,2864
2022,9,23,金,メロン計,47000,43749,593
2022,9,23,金,すいか,48100,10416,251
2022,9,23,金,キウイフルツ,49300,18,270
2022,9,23,金,バナナ,50100,69791,196
2022,9,23,金,パイナップル,50300,16714,196
2022,9,23,金,レモン,50400,13005,316
2022,9,23,金,オレンジ,50600,17371,187
2022,9,23,金,輸入キウイ,50800,14427,613
2022,9,23,金,輸入メロン,50850,1471,380
2022,9,24,土,みかん,40100,461055,301
2022,9,24,土,りんご計,42000,837606,293
2022,9,24,土,日本なし計,43000,931820,338
2022,9,24,土,かき計,43500,417071,369
2022,9,24,土,もも,44100,60892,625
2022,9,24,土,すもも,44700,20657,588
2022,9,24,土,ぶどう計,45000,550934,1437
2022,9,24,土,くり,45700,84265,1148
2022,9,24,土,いちご,46100,2666,2615
2022,9,24,土,メロン計,47000,101662,570
2022,9,24,土,すいか,48100,74701,225
2022,9,24,土,キウイフルツ,49300,64,262
2022,9,24,土,バナナ,50100,775244,182
2022,9,24,土,パイナップル,50300,116624,207
2022,9,24,土,レモン,50400,45645,349
2022,9,24,土,オレンジ,50600,63723,295
2022,9,24,土,輸入キウイ,50800,169131,609
2022,9,24,土,輸入メロン,50850,2447,401
2022,9,26,月,みかん,40100,590183,280
2022,9,26,月,りんご計,42000,700615,282
2022,9,26,月,日本なし計,43000,675204,336
2022,9,26,月,かき計,43500,686582,364
2022,9,26,月,もも,44100,36966,640
2022,9,26,月,すもも,44700,15110,604
2022,9,26,月,ぶどう計,45000,415752,1420
2022,9,26,月,くり,45700,80541,1124
2022,9,26,月,いちご,46100,2672,2671
2022,9,26,月,メロン計,47000,95668,604
2022,9,26,月,すいか,48100,44154,199
2022,9,26,月,キウイフルツ,49300,592,671
2022,9,26,月,バナナ,50100,480565,206
2022,9,26,月,パイナップル,50300,73858,205
2022,9,26,月,レモン,50400,52235,321
2022,9,26,月,オレンジ,50600,30981,319
2022,9,26,月,輸入キウイ,50800,60565,621
2022,9,26,月,輸入メロン,50850,1857,272
2022,9,27,火,みかん,40100,308743,277
2022,9,27,火,りんご計,42000,557301,298
2022,9,27,火,日本なし計,43000,649769,342
2022,9,27,火,かき計,43500,226290,358
2022,9,27,火,もも,44100,23165,625
2022,9,27,火,すもも,44700,15930,611
2022,9,27,火,ぶどう計,45000,409471,1432
2022,9,27,火,くり,45700,53465,1069
2022,9,27,火,いちご,46100,1865,2568
2022,9,27,火,メロン計,47000,88698,589
2022,9,27,火,すいか,48100,58071,245
2022,9,27,火,キウイフルツ,49300,663,576
2022,9,27,火,バナナ,50100,453463,193
2022,9,27,火,パイナップル,50300,98851,208
2022,9,27,火,レモン,50400,36623,319
2022,9,27,火,オレンジ,50600,44237,301
2022,9,27,火,輸入キウイ,50800,56379,597
2022,9,27,火,輸入メロン,50850,3303,303
2022,9,29,木,みかん,40100,704220,271
2022,9,29,木,りんご計,42000,823781,310
2022,9,29,木,日本なし計,43000,803582,349
2022,9,29,木,かき計,43500,941618,348
2022,9,29,木,もも,44100,34260,672
2022,9,29,木,すもも,44700,16148,656
2022,9,29,木,ぶどう計,45000,422959,1426
2022,9,29,木,くり,45700,107718,1142
2022,9,29,木,いちご,46100,3542,2705
2022,9,29,木,メロン計,47000,112748,606
2022,9,29,木,すいか,48100,49868,250
2022,9,29,木,キウイフルツ,49300,1556,798
2022,9,29,木,バナナ,50100,462606,204
2022,9,29,木,パイナップル,50300,89226,209
2022,9,29,木,レモン,50400,33500,366
2022,9,29,木,オレンジ,50600,39946,292
2022,9,29,木,輸入キウイ,50800,83462,622
2022,9,29,木,輸入メロン,50850,2227,424
2022,9,30,金,みかん,40100,479573,254
2022,9,30,金,りんご計,42000,566273,291
2022,9,30,金,日本なし計,43000,555588,348
2022,9,30,金,かき計,43500,584781,342
2022,9,30,金,もも,44100,11900,647
2022,9,30,金,すもも,44700,11372,644
2022,9,30,金,ぶどう計,45000,366288,1444
2022,9,30,金,くり,45700,56817,993
2022,9,30,金,いちご,46100,1730,2506
2022,9,30,金,メロン計,47000,101001,579
2022,9,30,金,すいか,48100,44705,232
2022,9,30,金,キウイフルツ,49300,714,680
2022,9,30,金,バナナ,50100,741271,184
2022,9,30,金,パイナップル,50300,103427,225
2022,9,30,金,レモン,50400,43414,333
2022,9,30,金,オレンジ,50600,65440,291
2022,9,30,金,輸入キウイ,50800,132209,600
2022,9,30,金,輸入メロン,50850,5574,352
2022,10,1,土,みかん,40100,569223,260
2022,10,1,土,はっさく,41321,145,146
2022,10,1,土,りんご計,42000,609082,329
2022,10,1,土,日本なし計,43000,549196,350
2022,10,1,土,かき計,43500,559346,337
2022,10,1,土,もも,44100,10581,603
2022,10,1,土,すもも,44700,12240,684
2022,10,1,土,ぶどう計,45000,379900,1423
2022,10,1,土,くり,45700,76650,1075
2022,10,1,土,いちご,46100,1999,2611
2022,10,1,土,メロン計,47000,112920,558
2022,10,1,土,すいか,48100,26682,280
2022,10,1,土,キウイフルツ,49300,1376,889
2022,10,1,土,バナナ,50100,299271,208
2022,10,1,土,パイナップル,50300,68947,208
2022,10,1,土,レモン,50400,26919,346
2022,10,1,土,オレンジ,50600,31244,305
2022,10,1,土,輸入キウイ,50800,86014,636
2022,10,1,土,輸入メロン,50850,3064,388
2022,10,3,月,みかん,40100,851565,273
2022,10,3,月,りんご計,42000,706881,328
2022,10,3,月,日本なし計,43000,494889,365
2022,10,3,月,かき計,43500,1156879,311
2022,10,3,月,もも,44100,6513,598
2022,10,3,月,すもも,44700,10561,656
2022,10,3,月,ぶどう計,45000,353915,1421
2022,10,3,月,くり,45700,74989,1046
2022,10,3,月,いちご,46100,2762,2699
2022,10,3,月,メロン計,47000,124949,566
2022,10,3,月,すいか,48100,33764,254
2022,10,3,月,キウイフルツ,49300,4493,1053
2022,10,3,月,バナナ,50100,499530,201
2022,10,3,月,パイナップル,50300,57159,196
2022,10,3,月,レモン,50400,20121,387
2022,10,3,月,オレンジ,50600,31678,299
2022,10,3,月,輸入キウイ,50800,85778,662
2022,10,3,月,輸入メロン,50850,1604,410
2022,10,4,火,みかん,40100,557079,263
2022,10,4,火,りんご計,42000,631264,335
2022,10,4,火,日本なし計,43000,404582,357
2022,10,4,火,かき計,43500,755070,301
2022,10,4,火,もも,44100,6005,577
2022,10,4,火,すもも,44700,11798,694
2022,10,4,火,ぶどう計,45000,325147,1446
2022,10,4,火,くり,45700,52102,1001
2022,10,4,火,いちご,46100,2226,2723
2022,10,4,火,メロン計,47000,106707,564
2022,10,4,火,すいか,48100,34633,247
2022,10,4,火,キウイフルツ,49300,4156,1052
2022,10,4,火,バナナ,50100,378219,181
2022,10,4,火,パイナップル,50300,60940,202
2022,10,4,火,レモン,50400,23748,381
2022,10,4,火,オレンジ,50600,36639,298
2022,10,4,火,輸入キウイ,50800,65853,659
2022,10,4,火,輸入メロン,50850,917,410
2022,10,6,木,みかん,40100,1078627,261
2022,10,6,木,りんご計,42000,931390,346
2022,10,6,木,日本なし計,43000,454132,355
2022,10,6,木,かき計,43500,1417469,290
2022,10,6,木,もも,44100,4616,583
2022,10,6,木,すもも,44700,11168,691
2022,10,6,木,ぶどう計,45000,370057,1439
2022,10,6,木,くり,45700,61502,1063
2022,10,6,木,いちご,46100,3175,2735
2022,10,6,木,メロン計,47000,127831,569
2022,10,6,木,すいか,48100,24143,251
2022,10,6,木,キウイフルツ,49300,6877,1013
2022,10,6,木,バナナ,50100,455856,191
2022,10,6,木,パイナップル,50300,74709,210
2022,10,6,木,レモン,50400,31717,364
2022,10,6,木,オレンジ,50600,39338,295
2022,10,6,木,輸入キウイ,50800,112997,531
2022,10,6,木,輸入メロン,50850,3697,360
2022,10,7,金,みかん,40100,847255,254
2022,10,7,金,りんご計,42000,745259,347
2022,10,7,金,日本なし計,43000,262565,350
2022,10,7,金,かき計,43500,783019,288
2022,10,7,金,もも,44100,2796,642
2022,10,7,金,すもも,44700,8589,688
2022,10,7,金,ぶどう計,45000,292101,1476
2022,10,7,金,くり,45700,38264,1020
2022,10,7,金,いちご,46100,1413,2794
2022,10,7,金,メロン計,47000,117318,573
2022,10,7,金,すいか,48100,21587,230
2022,10,7,金,キウイフルツ,49300,2279,1007
2022,10,7,金,バナナ,50100,484909,175
2022,10,7,金,パイナップル,50300,87402,216
2022,10,7,金,レモン,50400,38530,316
2022,10,7,金,オレンジ,50600,43332,278
2022,10,7,金,輸入キウイ,50800,71985,596
2022,10,7,金,輸入メロン,50850,2424,386
2022,10,8,土,みかん,40100,940177,254
2022,10,8,土,りんご計,42000,940545,346
2022,10,8,土,日本なし計,43000,368654,345
2022,10,8,土,かき計,43500,837805,286
2022,10,8,土,もも,44100,1946,607
2022,10,8,土,すもも,44700,10225,673
2022,10,8,土,ぶどう計,45000,312600,1459
2022,10,8,土,くり,45700,38329,986
2022,10,8,土,いちご,46100,1867,2531
2022,10,8,土,メロン計,47000,113087,571
2022,10,8,土,すいか,48100,23137,246
2022,10,8,土,キウイフルツ,49300,3255,1141
2022,10,8,土,バナナ,50100,420605,196
2022,10,8,土,パイナップル,50300,105105,203
2022,10,8,土,レモン,50400,46771,329
2022,10,8,土,オレンジ,50600,59674,301
2022,10,8,土,輸入キウイ,50800,69769,633
2022,10,8,土,輸入メロン,50850,2784,411
2022,10,10,月,みかん,40100,6587,223
2022,10,10,月,りんご計,42000,6570,433
2022,10,10,月,日本なし計,43000,240,475
2022,10,10,月,かき計,43500,3090,325
2022,10,10,月,ぶどう計,45000,173,1259
2022,10,10,月,メロン計,47000,334,783
2022,10,10,月,すいか,48100,93,172
2022,10,10,月,バナナ,50100,6689,233
2022,10,10,月,パイナップル,50300,2050,245
2022,10,10,月,レモン,50400,389,410
2022,10,10,月,オレンジ,50600,846,362
2022,10,10,月,輸入キウイ,50800,350,667
2022,10,10,月,輸入メロン,50850,30,540
2022,10,11,火,みかん,40100,1321376,248
2022,10,11,火,りんご計,42000,1064066,339
2022,10,11,火,日本なし計,43000,461614,354
2022,10,11,火,かき計,43500,1678945,268
2022,10,11,火,もも,44100,2473,634
2022,10,11,火,すもも,44700,7395,640
2022,10,11,火,ぶどう計,45000,368551,1455
2022,10,11,火,くり,45700,36683,940
2022,10,11,火,いちご,46100,3001,2817
2022,10,11,火,メロン計,47000,123063,568
2022,10,11,火,すいか,48100,30041,234
2022,10,11,火,キウイフルツ,49300,8370,995
2022,10,11,火,バナナ,50100,636709,200
2022,10,11,火,パイナップル,50300,87741,201
2022,10,11,火,レモン,50400,76327,241
2022,10,11,火,オレンジ,50600,43557,293
2022,10,11,火,輸入キウイ,50800,128996,596
2022,10,11,火,輸入メロン,50850,1586,394
2022,10,12,水,みかん,40100,513738,247
2022,10,12,水,りんご計,42000,534005,348
2022,10,12,水,日本なし計,43000,137045,347
2022,10,12,水,かき計,43500,645273,264
2022,10,12,水,もも,44100,475,704
2022,10,12,水,すもも,44700,5841,621
2022,10,12,水,ぶどう計,45000,207128,1508
2022,10,12,水,くり,45700,21162,986
2022,10,12,水,いちご,46100,950,3263
2022,10,12,水,メロン計,47000,62801,590
2022,10,12,水,すいか,48100,14534,267
2022,10,12,水,キウイフルツ,49300,1049,916
2022,10,12,水,バナナ,50100,165129,192
2022,10,12,水,パイナップル,50300,45561,193
2022,10,12,水,レモン,50400,15709,357
2022,10,12,水,オレンジ,50600,22120,274
2022,10,12,水,輸入キウイ,50800,24686,601
2022,10,12,水,輸入メロン,50850,4006,376
2022,10,13,木,みかん,40100,832960,248
2022,10,13,木,りんご計,42000,918219,346
2022,10,13,木,日本なし計,43000,353266,352
2022,10,13,木,かき計,43500,873046,265
2022,10,13,木,もも,44100,1165,548
2022,10,13,木,すもも,44700,7783,651
2022,10,13,木,ぶどう計,45000,272988,1494
2022,10,13,木,くり,45700,26162,976
2022,10,13,木,いちご,46100,1533,3328
2022,10,13,木,メロン計,47000,76182,588
2022,10,13,木,すいか,48100,21606,253
2022,10,13,木,キウイフルツ,49300,4428,853
2022,10,13,木,バナナ,50100,355950,194
2022,10,13,木,パイナップル,50300,72235,217
2022,10,13,木,レモン,50400,29941,357
2022,10,13,木,オレンジ,50600,32762,290
2022,10,13,木,輸入キウイ,50800,52778,629
2022,10,13,木,輸入メロン,50850,2285,435
2022,10,14,金,みかん,40100,813395,250
2022,10,14,金,りんご計,42000,813247,338
2022,10,14,金,日本なし計,43000,242529,359
2022,10,14,金,かき計,43500,808541,255
2022,10,14,金,もも,44100,73,412
2022,10,14,金,すもも,44700,5804,624
2022,10,14,金,ぶどう計,45000,219345,1508
2022,10,14,金,くり,45700,18229,967
2022,10,14,金,いちご,46100,991,2851
2022,10,14,金,メロン計,47000,67679,593
2022,10,14,金,すいか,48100,6593,298
2022,10,14,金,キウイフルツ,49300,6662,775
2022,10,14,金,バナナ,50100,540271,181
2022,10,14,金,パイナップル,50300,70604,211
2022,10,14,金,レモン,50400,32098,315
2022,10,14,金,オレンジ,50600,38667,252
2022,10,14,金,輸入キウイ,50800,50505,610
2022,10,14,金,輸入メロン,50850,2258,391
2022,10,15,土,みかん,40100,975234,246
2022,10,15,土,りんご計,42000,962459,336
2022,10,15,土,日本なし計,43000,361653,353
2022,10,15,土,かき計,43500,889989,262
2022,10,15,土,もも,44100,1554,547
2022,10,15,土,すもも,44700,5092,566
2022,10,15,土,ぶどう計,45000,260959,1488
2022,10,15,土,くり,45700,25155,961
2022,10,15,土,いちご,46100,1743,2866
2022,10,15,土,メロン計,47000,85495,555
2022,10,15,土,すいか,48100,28096,223
2022,10,15,土,キウイフルツ,49300,5192,906
2022,10,15,土,バナナ,50100,327273,195
2022,10,15,土,パイナップル,50300,83555,205
2022,10,15,土,レモン,50400,32953,338
2022,10,15,土,オレンジ,50600,37743,293
2022,10,15,土,輸入キウイ,50800,57158,621
2022,10,15,土,輸入メロン,50850,1849,419
2022,10,17,月,みかん,40100,1268587,251
2022,10,17,月,りんご計,42000,946959,335
2022,10,17,月,日本なし計,43000,240016,349
2022,10,17,月,かき計,43500,1359582,256
2022,10,17,月,もも,44100,315,577
2022,10,17,月,すもも,44700,3958,564
2022,10,17,月,ぶどう計,45000,220305,1506
2022,10,17,月,くり,45700,24996,881
2022,10,17,月,いちご,46100,1783,3048
2022,10,17,月,メロン計,47000,74686,595
2022,10,17,月,すいか,48100,10371,318
2022,10,17,月,キウイフルツ,49300,3948,901
2022,10,17,月,バナナ,50100,513078,198
2022,10,17,月,パイナップル,50300,62104,210
2022,10,17,月,レモン,50400,38494,306
2022,10,17,月,オレンジ,50600,43265,294
2022,10,17,月,輸入キウイ,50800,78167,650
2022,10,17,月,輸入メロン,50850,575,413
2022,10,18,火,みかん,40100,1008968,252
2022,10,18,火,りんご計,42000,856109,329
2022,10,18,火,日本なし計,43000,260936,354
2022,10,18,火,かき計,43500,877842,264
2022,10,18,火,もも,44100,110,584
2022,10,18,火,すもも,44700,5307,603
2022,10,18,火,ぶどう計,45000,216576,1539
2022,10,18,火,くり,45700,22234,1017
2022,10,18,火,いちご,46100,2377,3479
2022,10,18,火,メロン計,47000,77754,590
2022,10,18,火,すいか,48100,16505,230
2022,10,18,火,キウイフルツ,49300,8398,531
2022,10,18,火,バナナ,50100,393515,175
2022,10,18,火,パイナップル,50300,57687,208
2022,10,18,火,レモン,50400,24643,359
2022,10,18,火,オレンジ,50600,21896,318
2022,10,18,火,輸入キウイ,50800,65749,620
2022,10,18,火,輸入メロン,50850,3331,325
2022,10,20,木,みかん,40100,1740739,249
2022,10,20,木,りんご計,42000,1063231,327
2022,10,20,木,日本なし計,43000,311118,359
2022,10,20,木,かき計,43500,1346148,265
2022,10,20,木,すもも,44700,3721,500
2022,10,20,木,ぶどう計,45000,256696,1557
2022,10,20,木,くり,45700,17889,1016
2022,10,20,木,いちご,46100,3041,3267
2022,10,20,木,メロン計,47000,94518,589
2022,10,20,木,すいか,48100,21650,282
2022,10,20,木,キウイフルツ,49300,11107,656
2022,10,20,木,バナナ,50100,490489,195
2022,10,20,木,パイナップル,50300,113385,200
2022,10,20,木,レモン,50400,33324,337
2022,10,20,木,オレンジ,50600,26447,286
2022,10,20,木,輸入キウイ,50800,72133,610
2022,10,20,木,輸入メロン,50850,3299,420
2022,10,21,金,みかん,40100,1078432,254
2022,10,21,金,りんご計,42000,894495,322
2022,10,21,金,日本なし計,43000,178232,375
2022,10,21,金,かき計,43500,825306,261
2022,10,21,金,もも,44100,14,606
2022,10,21,金,すもも,44700,3143,510
2022,10,21,金,ぶどう計,45000,176301,1577
2022,10,21,金,くり,45700,12409,1060
2022,10,21,金,いちご,46100,1284,3375
2022,10,21,金,メロン計,47000,68755,567
2022,10,21,金,すいか,48100,9590,294
2022,10,21,金,キウイフルツ,49300,12044,563
2022,10,21,金,バナナ,50100,478728,178
2022,10,21,金,パイナップル,50300,78428,208
2022,10,21,金,レモン,50400,43386,275
2022,10,21,金,オレンジ,50600,52056,277
2022,10,21,金,輸入キウイ,50800,40376,611
2022,10,21,金,輸入メロン,50850,970,442
2022,10,22,土,みかん,40100,1283066,248
2022,10,22,土,りんご計,42000,954458,319
2022,10,22,土,日本なし計,43000,267036,349
2022,10,22,土,かき計,43500,899760,267
2022,10,22,土,もも,44100,70,432
2022,10,22,土,すもも,44700,3523,464
2022,10,22,土,ぶどう計,45000,205426,1561
2022,10,22,土,くり,45700,17063,985
2022,10,22,土,いちご,46100,2118,3524
2022,10,22,土,メロン計,47000,84142,543
2022,10,22,土,すいか,48100,19561,237
2022,10,22,土,キウイフルツ,49300,11450,701
2022,10,22,土,バナナ,50100,389230,192
2022,10,22,土,パイナップル,50300,77508,209
2022,10,22,土,レモン,50400,44383,306
2022,10,22,土,オレンジ,50600,34042,296
2022,10,22,土,輸入キウイ,50800,65274,634
2022,10,22,土,輸入メロン,50850,1951,356
2022,10,24,月,みかん,40100,1329292,249
2022,10,24,月,りんご計,42000,992709,326
2022,10,24,月,日本なし計,43000,178360,378
2022,10,24,月,かき計,43500,1159489,268
2022,10,24,月,もも,44100,60,778
2022,10,24,月,すもも,44700,3903,500
2022,10,24,月,ぶどう計,45000,178909,1580
2022,10,24,月,くり,45700,14062,1118
2022,10,24,月,いちご,46100,2560,3450
2022,10,24,月,メロン計,47000,62007,594
2022,10,24,月,すいか,48100,21300,228
2022,10,24,月,キウイフルツ,49300,7670,718
2022,10,24,月,バナナ,50100,508818,197
2022,10,24,月,パイナップル,50300,54358,214
2022,10,24,月,レモン,50400,47288,285
2022,10,24,月,オレンジ,50600,28006,303
2022,10,24,月,輸入キウイ,50800,73745,590
2022,10,24,月,輸入メロン,50850,1448,373
2022,10,25,火,みかん,40100,1077117,240
2022,10,25,火,りんご計,42000,784819,318
2022,10,25,火,日本なし計,43000,214042,369
2022,10,25,火,かき計,43500,973624,273
2022,10,25,火,もも,44100,365,390
2022,10,25,火,すもも,44700,1735,438
2022,10,25,火,ぶどう計,45000,174095,1585
2022,10,25,火,くり,45700,16389,1107
2022,10,25,火,いちご,46100,2948,3773
2022,10,25,火,メロン計,47000,65975,588
2022,10,25,火,すいか,48100,12533,287
2022,10,25,火,キウイフルツ,49300,8696,576
2022,10,25,火,バナナ,50100,360014,181
2022,10,25,火,パイナップル,50300,77253,194
2022,10,25,火,レモン,50400,41864,306
2022,10,25,火,オレンジ,50600,28237,312
2022,10,25,火,輸入キウイ,50800,116449,611
2022,10,25,火,輸入メロン,50850,3394,397
2022,10,27,木,みかん,40100,1583033,250
2022,10,27,木,りんご計,42000,1002377,318
2022,10,27,木,日本なし計,43000,308516,371
2022,10,27,木,かき計,43500,1105695,279
2022,10,27,木,もも,44100,45,269
2022,10,27,木,すもも,44700,2391,445
2022,10,27,木,ぶどう計,45000,202355,1595
2022,10,27,木,くり,45700,11046,1146
2022,10,27,木,いちご,46100,4182,3662
2022,10,27,木,メロン計,47000,66991,606
2022,10,27,木,すいか,48100,13802,320
2022,10,27,木,キウイフルツ,49300,13091,646
2022,10,27,木,バナナ,50100,471351,204
2022,10,27,木,パイナップル,50300,100352,207
2022,10,27,木,レモン,50400,30291,338
2022,10,27,木,オレンジ,50600,47596,265
2022,10,27,木,輸入キウイ,50800,45603,628
2022,10,27,木,輸入メロン,50850,3864,411
2022,10,28,金,みかん,40100,910990,241
2022,10,28,金,りんご計,42000,888805,315
2022,10,28,金,日本なし計,43000,174478,372
2022,10,28,金,かき計,43500,982981,259
2022,10,28,金,すもも,44700,1894,470
2022,10,28,金,ぶどう計,45000,123454,1657
2022,10,28,金,くり,45700,11347,1179
2022,10,28,金,いちご,46100,2533,3861
2022,10,28,金,メロン計,47000,49615,604
2022,10,28,金,すいか,48100,7267,279
2022,10,28,金,キウイフルツ,49300,10885,571
2022,10,28,金,バナナ,50100,502847,175
2022,10,28,金,パイナップル,50300,66254,207
2022,10,28,金,レモン,50400,35215,324
2022,10,28,金,オレンジ,50600,43113,251
2022,10,28,金,輸入キウイ,50800,97124,587
2022,10,28,金,輸入メロン,50850,1956,394
2022,10,29,土,みかん,40100,1017025,250
2022,10,29,土,りんご計,42000,811174,323
2022,10,29,土,日本なし計,43000,263898,366
2022,10,29,土,かき計,43500,1034636,267
2022,10,29,土,すもも,44700,1200,426
2022,10,29,土,ぶどう計,45000,160782,1621
2022,10,29,土,くり,45700,9243,1183
2022,10,29,土,いちご,46100,3598,3939
2022,10,29,土,メロン計,47000,53604,607
2022,10,29,土,すいか,48100,21349,254
2022,10,29,土,キウイフルツ,49300,11692,614
2022,10,29,土,バナナ,50100,438671,196
2022,10,29,土,パイナップル,50300,87572,199
2022,10,29,土,レモン,50400,43084,330
2022,10,29,土,オレンジ,50600,37039,289
2022,10,29,土,輸入キウイ,50800,51187,616
2022,10,29,土,輸入メロン,50850,1666,463
2022,10,31,月,みかん,40100,1106882,247
2022,10,31,月,りんご計,42000,926401,315
2022,10,31,月,日本なし計,43000,210609,345
2022,10,31,月,かき計,43500,1370371,253
2022,10,31,月,すもも,44700,1511,278
2022,10,31,月,ぶどう計,45000,149672,1631
2022,10,31,月,くり,45700,10173,1061
2022,10,31,月,いちご,46100,5354,3688
2022,10,31,月,メロン計,47000,55269,603
2022,10,31,月,すいか,48100,13223,308
2022,10,31,月,キウイフルツ,49300,11351,602
2022,10,31,月,バナナ,50100,598265,201
2022,10,31,月,パイナップル,50300,71903,211
2022,10,31,月,レモン,50400,42118,316
2022,10,31,月,オレンジ,50600,42465,289
2022,10,31,月,輸入キウイ,50800,79017,585
2022,10,31,月,輸入メロン,50850,3144,370
2022,11,1,火,みかん,40100,1013790,264
2022,11,1,火,りんご計,42000,785569,322
2022,11,1,火,日本なし計,43000,202851,347
2022,11,1,火,かき計,43500,976387,252
2022,11,1,火,もも,44100,50,648
2022,11,1,火,すもも,44700,440,377
2022,11,1,火,ぶどう計,45000,115327,1697
2022,11,1,火,くり,45700,8040,1062
2022,11,1,火,いちご,46100,4659,3725
2022,11,1,火,メロン計,47000,34471,675
2022,11,1,火,すいか,48100,5146,341
2022,11,1,火,キウイフルツ,49300,10850,769
2022,11,1,火,バナナ,50100,286766,195
2022,11,1,火,パイナップル,50300,47900,201
2022,11,1,火,レモン,50400,20204,359
2022,11,1,火,オレンジ,50600,21810,289
2022,11,1,火,輸入キウイ,50800,78131,667
2022,11,1,火,輸入メロン,50850,1361,364
2022,11,2,水,みかん,40100,859148,275
2022,11,2,水,りんご計,42000,674661,325
2022,11,2,水,日本なし計,43000,176056,354
2022,11,2,水,かき計,43500,870458,253
2022,11,2,水,すもも,44700,635,426
2022,11,2,水,ぶどう計,45000,97433,1670
2022,11,2,水,くり,45700,11156,1179
2022,11,2,水,いちご,46100,4997,3767
2022,11,2,水,メロン計,47000,43788,667
2022,11,2,水,すいか,48100,5636,305
2022,11,2,水,キウイフルツ,49300,9311,504
2022,11,2,水,バナナ,50100,282763,184
2022,11,2,水,パイナップル,50300,59925,206
2022,11,2,水,レモン,50400,56304,258
2022,11,2,水,オレンジ,50600,18080,305
2022,11,2,水,輸入キウイ,50800,67761,634
2022,11,2,水,輸入メロン,50850,738,376
2022,11,4,金,みかん,40100,1518808,288
2022,11,4,金,りんご計,42000,909357,316
2022,11,4,金,日本なし計,43000,244074,369
2022,11,4,金,かき計,43500,1239918,246
2022,11,4,金,すもも,44700,111,338
2022,11,4,金,ぶどう計,45000,119495,1715
2022,11,4,金,くり,45700,7531,1058
2022,11,4,金,いちご,46100,10076,3590
2022,11,4,金,メロン計,47000,52295,681
2022,11,4,金,すいか,48100,10782,297
2022,11,4,金,キウイフルツ,49300,13851,595
2022,11,4,金,バナナ,50100,664510,187
2022,11,4,金,パイナップル,50300,85315,206
2022,11,4,金,レモン,50400,35302,369
2022,11,4,金,オレンジ,50600,39058,273
2022,11,4,金,輸入キウイ,50800,97822,564
2022,11,4,金,輸入メロン,50850,3985,398
2022,11,5,土,みかん,40100,908526,278
2022,11,5,土,りんご計,42000,880655,314
2022,11,5,土,日本なし計,43000,219436,363
2022,11,5,土,かき計,43500,1001585,252
2022,11,5,土,もも,44100,360,488
2022,11,5,土,すもも,44700,676,428
2022,11,5,土,ぶどう計,45000,96182,1698
2022,11,5,土,くり,45700,9375,1156
2022,11,5,土,いちご,46100,10925,3478
2022,11,5,土,メロン計,47000,49398,633
2022,11,5,土,すいか,48100,12739,271
2022,11,5,土,キウイフルツ,49300,9973,568
2022,11,5,土,バナナ,50100,341741,196
2022,11,5,土,パイナップル,50300,90911,203
2022,11,5,土,レモン,50400,45204,296
2022,11,5,土,オレンジ,50600,37455,285
2022,11,5,土,輸入キウイ,50800,44314,644
2022,11,5,土,輸入メロン,50850,1499,380
2022,11,7,月,みかん,40100,1414012,303
2022,11,7,月,りんご計,42000,800858,320
2022,11,7,月,日本なし計,43000,123423,338
2022,11,7,月,かき計,43500,1084409,243
2022,11,7,月,すもも,44700,132,331
2022,11,7,月,ぶどう計,45000,99530,1746
2022,11,7,月,くり,45700,10215,1080
2022,11,7,月,いちご,46100,15850,3433
2022,11,7,月,メロン計,47000,49602,688
2022,11,7,月,すいか,48100,17316,285
2022,11,7,月,キウイフルツ,49300,16726,594
2022,11,7,月,バナナ,50100,481500,200
2022,11,7,月,パイナップル,50300,66680,213
2022,11,7,月,レモン,50400,36734,320
2022,11,7,月,オレンジ,50600,23524,290
2022,11,7,月,輸入キウイ,50800,42440,587
2022,11,7,月,輸入メロン,50850,1697,418
2022,11,8,火,みかん,40100,992415,298
2022,11,8,火,りんご計,42000,624082,327
2022,11,8,火,日本なし計,43000,129295,366
2022,11,8,火,かき計,43500,799754,235
2022,11,8,火,もも,44100,80,1553
2022,11,8,火,すもも,44700,284,433
2022,11,8,火,ぶどう計,45000,81675,1822
2022,11,8,火,くり,45700,8251,1183
2022,11,8,火,いちご,46100,16021,3313
2022,11,8,火,メロン計,47000,29003,806
2022,11,8,火,すいか,48100,4712,363
2022,11,8,火,キウイフルツ,49300,17841,588
2022,11,8,火,バナナ,50100,333413,196
2022,11,8,火,パイナップル,50300,64763,194
2022,11,8,火,レモン,50400,32137,314
2022,11,8,火,オレンジ,50600,24122,319
2022,11,8,火,輸入キウイ,50800,41463,602
2022,11,8,火,輸入メロン,50850,4149,292
2022,11,10,木,みかん,40100,1887587,299
2022,11,10,木,りんご計,42000,874710,329
2022,11,10,木,日本なし計,43000,140923,335
2022,11,10,木,かき計,43500,1143126,242
2022,11,10,木,もも,44100,5,2009
2022,11,10,木,ぶどう計,45000,98755,1806
2022,11,10,木,くり,45700,7893,1087
2022,11,10,木,いちご,46100,27054,2799
2022,11,10,木,メロン計,47000,65597,679
2022,11,10,木,すいか,48100,11805,275
2022,11,10,木,キウイフルツ,49300,20742,593
2022,11,10,木,バナナ,50100,446178,209
2022,11,10,木,パイナップル,50300,82525,193
2022,11,10,木,レモン,50400,78994,283
2022,11,10,木,オレンジ,50600,37391,296
2022,11,10,木,輸入キウイ,50800,77264,613
2022,11,10,木,輸入メロン,50850,3642,331
2022,11,11,金,みかん,40100,1448827,303
2022,11,11,金,りんご計,42000,672977,336
2022,11,11,金,日本なし計,43000,108582,347
2022,11,11,金,かき計,43500,741593,244
2022,11,11,金,すもも,44700,240,365
2022,11,11,金,ぶどう計,45000,63352,1890
2022,11,11,金,くり,45700,11790,1167
2022,11,11,金,いちご,46100,16137,2749
2022,11,11,金,メロン計,47000,40428,745
2022,11,11,金,すいか,48100,13303,263
2022,11,11,金,キウイフルツ,49300,24260,496
2022,11,11,金,バナナ,50100,510027,181
2022,11,11,金,パイナップル,50300,80120,209
2022,11,11,金,レモン,50400,105823,240
2022,11,11,金,オレンジ,50600,27588,289
2022,11,11,金,輸入キウイ,50800,47137,596
2022,11,11,金,輸入メロン,50850,2778,413
2022,11,12,土,みかん,40100,1673442,297
2022,11,12,土,りんご計,42000,716866,341
2022,11,12,土,日本なし計,43000,63272,339
2022,11,12,土,かき計,43500,713311,245
2022,11,12,土,もも,44100,289,2742
2022,11,12,土,すもも,44700,168,378
2022,11,12,土,ぶどう計,45000,72788,1812
2022,11,12,土,くり,45700,8471,1118
2022,11,12,土,いちご,46100,26676,2817
2022,11,12,土,メロン計,47000,46909,684
2022,11,12,土,すいか,48100,11588,285
2022,11,12,土,キウイフルツ,49300,13270,546
2022,11,12,土,バナナ,50100,386659,199
2022,11,12,土,パイナップル,50300,69225,205
2022,11,12,土,レモン,50400,41922,319
2022,11,12,土,オレンジ,50600,39838,292
2022,11,12,土,輸入キウイ,50800,127034,657
2022,11,12,土,輸入メロン,50850,2454,396
2022,11,14,月,みかん,40100,2184423,302
2022,11,14,月,りんご計,42000,892023,328
2022,11,14,月,日本なし計,43000,90352,345
2022,11,14,月,かき計,43500,1004339,236
2022,11,14,月,ぶどう計,45000,66922,1790
2022,11,14,月,くり,45700,1060,1157
2022,11,14,月,いちご,46100,43686,2425
2022,11,14,月,メロン計,47000,40731,752
2022,11,14,月,すいか,48100,21186,250
2022,11,14,月,キウイフルツ,49300,21287,597
2022,11,14,月,バナナ,50100,485636,199
2022,11,14,月,パイナップル,50300,88495,192
2022,11,14,月,レモン,50400,35470,306
2022,11,14,月,オレンジ,50600,22692,278
2022,11,14,月,輸入キウイ,50800,63720,611
2022,11,14,月,輸入メロン,50850,2560,337
2022,11,15,火,みかん,40100,1538614,293
2022,11,15,火,りんご計,42000,735033,340
2022,11,15,火,日本なし計,43000,58657,375
2022,11,15,火,かき計,43500,610846,244
2022,11,15,火,もも,44100,75,1454
2022,11,15,火,ぶどう計,45000,49900,1910
2022,11,15,火,くり,45700,1628,932
2022,11,15,火,いちご,46100,38212,2513
2022,11,15,火,メロン計,47000,29288,756
2022,11,15,火,すいか,48100,8764,289
2022,11,15,火,キウイフルツ,49300,15933,493
2022,11,15,火,バナナ,50100,379047,177
2022,11,15,火,パイナップル,50300,64163,193
2022,11,15,火,レモン,50400,27942,335
2022,11,15,火,オレンジ,50600,23580,310
2022,11,15,火,輸入キウイ,50800,64167,627
2022,11,15,火,輸入メロン,50850,943,331
2022,11,17,木,みかん,40100,2507989,293
2022,11,17,木,りんご計,42000,1054770,345
2022,11,17,木,日本なし計,43000,60366,356
2022,11,17,木,かき計,43500,1015410,241
2022,11,17,木,もも,44100,117,4580
2022,11,17,木,ぶどう計,45000,67491,1881
2022,11,17,木,くり,45700,1118,911
2022,11,17,木,いちご,46100,80521,2334
2022,11,17,木,メロン計,47000,41845,832
2022,11,17,木,すいか,48100,8687,260
2022,11,17,木,キウイフルツ,49300,21159,550
2022,11,17,木,バナナ,50100,381739,205
2022,11,17,木,パイナップル,50300,96235,203
2022,11,17,木,レモン,50400,19725,369
2022,11,17,木,オレンジ,50600,34373,280
2022,11,17,木,輸入キウイ,50800,90635,602
2022,11,17,木,輸入メロン,50850,2544,366
2022,11,18,金,みかん,40100,1917496,292
2022,11,18,金,りんご計,42000,809693,333
2022,11,18,金,日本なし計,43000,40484,337
2022,11,18,金,かき計,43500,606214,246
2022,11,18,金,ぶどう計,45000,38656,1960
2022,11,18,金,くり,45700,2215,1146
2022,11,18,金,いちご,46100,43353,2319
2022,11,18,金,メロン計,47000,32861,911
2022,11,18,金,すいか,48100,14848,234
2022,11,18,金,キウイフルツ,49300,12012,513
2022,11,18,金,バナナ,50100,522623,180
2022,11,18,金,パイナップル,50300,77147,209
2022,11,18,金,レモン,50400,37882,317
2022,11,18,金,オレンジ,50600,26665,268
2022,11,18,金,輸入キウイ,50800,86113,604
2022,11,18,金,輸入メロン,50850,3791,311
2022,11,19,土,みかん,40100,1986442,286
2022,11,19,土,りんご計,42000,954136,333
2022,11,19,土,日本なし計,43000,56041,326
2022,11,19,土,かき計,43500,752997,260
2022,11,19,土,もも,44100,384,3205
2022,11,19,土,ぶどう計,45000,51232,1809
2022,11,19,土,くり,45700,675,986
2022,11,19,土,いちご,46100,67961,2298
2022,11,19,土,メロン計,47000,48370,805
2022,11,19,土,すいか,48100,11191,249
2022,11,19,土,キウイフルツ,49300,36118,496
2022,11,19,土,バナナ,50100,441092,199
2022,11,19,土,パイナップル,50300,80221,198
2022,11,19,土,レモン,50400,38475,299
2022,11,19,土,オレンジ,50600,19696,307
2022,11,19,土,輸入キウイ,50800,54778,596
2022,11,19,土,輸入メロン,50850,1831,374
2022,11,21,月,みかん,40100,2509645,283
2022,11,21,月,りんご計,42000,1059879,330
2022,11,21,月,日本なし計,43000,48265,352
2022,11,21,月,かき計,43500,975650,246
2022,11,21,月,ぶどう計,45000,38503,1907
2022,11,21,月,くり,45700,186,1038
2022,11,21,月,いちご,46100,89205,2199
2022,11,21,月,メロン計,47000,48710,865
2022,11,21,月,すいか,48100,11281,237
2022,11,21,月,キウイフルツ,49300,24471,492
2022,11,21,月,バナナ,50100,425967,203
2022,11,21,月,パイナップル,50300,62527,210
2022,11,21,月,レモン,50400,23483,337
2022,11,21,月,オレンジ,50600,37370,288
2022,11,21,月,輸入キウイ,50800,41862,616
2022,11,21,月,輸入メロン,50850,2994,359
2022,11,22,火,みかん,40100,1725820,280
2022,11,22,火,りんご計,42000,923322,342
2022,11,22,火,日本なし計,43000,35581,408
2022,11,22,火,かき計,43500,675528,237
2022,11,22,火,もも,44100,420,2789
2022,11,22,火,ぶどう計,45000,34556,1886
2022,11,22,火,くり,45700,820,778
2022,11,22,火,いちご,46100,77990,2246
2022,11,22,火,メロン計,47000,35007,927
2022,11,22,火,すいか,48100,7035,185
2022,11,22,火,キウイフルツ,49300,22944,518
2022,11,22,火,バナナ,50100,330254,184
2022,11,22,火,パイナップル,50300,78631,186
2022,11,22,火,レモン,50400,39561,298
2022,11,22,火,オレンジ,50600,20240,301
2022,11,22,火,輸入キウイ,50800,45313,586
2022,11,22,火,輸入メロン,50850,2347,360
2022,11,24,木,みかん,40100,2404722,283
2022,11,24,木,りんご計,42000,1143435,347
2022,11,24,木,日本なし計,43000,28661,372
2022,11,24,木,かき計,43500,906748,235
2022,11,24,木,もも,44100,454,3143
2022,11,24,木,ぶどう計,45000,43566,1908
2022,11,24,木,くり,45700,610,830
2022,11,24,木,いちご,46100,148740,2177
2022,11,24,木,メロン計,47000,58591,846
2022,11,24,木,すいか,48100,18196,198
2022,11,24,木,キウイフルツ,49300,23670,512
2022,11,24,木,バナナ,50100,445346,207
2022,11,24,木,パイナップル,50300,68269,199
2022,11,24,木,レモン,50400,42761,319
2022,11,24,木,オレンジ,50600,25013,301
2022,11,24,木,輸入キウイ,50800,60701,643
2022,11,24,木,輸入メロン,50850,4225,355
2022,11,25,金,みかん,40100,1811216,268
2022,11,25,金,りんご計,42000,861461,329
2022,11,25,金,日本なし計,43000,37281,363
2022,11,25,金,かき計,43500,629294,237
2022,11,25,金,もも,44100,135,2040
2022,11,25,金,ぶどう計,45000,27640,2005
2022,11,25,金,くり,45700,602,1366
2022,11,25,金,いちご,46100,93063,2159
2022,11,25,金,メロン計,47000,37679,939
2022,11,25,金,すいか,48100,14038,239
2022,11,25,金,キウイフルツ,49300,13335,459
2022,11,25,金,バナナ,50100,459767,179
2022,11,25,金,パイナップル,50300,64559,202
2022,11,25,金,レモン,50400,37700,312
2022,11,25,金,オレンジ,50600,34460,298
2022,11,25,金,輸入キウイ,50800,62647,600
2022,11,25,金,輸入メロン,50850,2862,309
2022,11,26,土,みかん,40100,1962559,274
2022,11,26,土,はっさく,41321,3645,276
2022,11,26,土,りんご計,42000,976319,334
2022,11,26,土,日本なし計,43000,53421,351
2022,11,26,土,かき計,43500,705748,234
2022,11,26,土,もも,44100,563,2726
2022,11,26,土,ぶどう計,45000,33576,1876
2022,11,26,土,くり,45700,1050,1069
2022,11,26,土,いちご,46100,120047,2130
2022,11,26,土,メロン計,47000,45629,853
2022,11,26,土,すいか,48100,10875,263
2022,11,26,土,キウイフルツ,49300,20746,651
2022,11,26,土,バナナ,50100,401257,199
2022,11,26,土,パイナップル,50300,103428,211
2022,11,26,土,レモン,50400,87424,275
2022,11,26,土,オレンジ,50600,35833,279
2022,11,26,土,輸入キウイ,50800,49900,629
2022,11,26,土,輸入メロン,50850,4601,393
2022,11,28,月,みかん,40100,2188065,275
2022,11,28,月,りんご計,42000,1033805,320
2022,11,28,月,日本なし計,43000,34460,393
2022,11,28,月,かき計,43500,874244,233
2022,11,28,月,もも,44100,14,6249
2022,11,28,月,ぶどう計,45000,38239,1780
2022,11,28,月,くり,45700,786,798
2022,11,28,月,いちご,46100,172582,2012
2022,11,28,月,メロン計,47000,53216,872
2022,11,28,月,すいか,48100,14997,233
2022,11,28,月,キウイフルツ,49300,29429,414
2022,11,28,月,バナナ,50100,410171,207
2022,11,28,月,パイナップル,50300,82051,194
2022,11,28,月,レモン,50400,40369,309
2022,11,28,月,オレンジ,50600,40131,288
2022,11,28,月,輸入キウイ,50800,70977,599
2022,11,28,月,輸入メロン,50850,1571,364
2022,11,29,火,みかん,40100,1691566,267
2022,11,29,火,はっさく,41321,5570,268
2022,11,29,火,りんご計,42000,829139,340
2022,11,29,火,日本なし計,43000,28548,403
2022,11,29,火,かき計,43500,680755,244
2022,11,29,火,もも,44100,493,2818
2022,11,29,火,ぶどう計,45000,28199,1977
2022,11,29,火,くり,45700,746,1271
2022,11,29,火,いちご,46100,149608,1975
2022,11,29,火,メロン計,47000,27951,1060
2022,11,29,火,すいか,48100,13442,234
2022,11,29,火,キウイフルツ,49300,27774,395
2022,11,29,火,バナナ,50100,467827,202
2022,11,29,火,パイナップル,50300,66718,203
2022,11,29,火,レモン,50400,49539,315
2022,11,29,火,オレンジ,50600,34582,288
2022,11,29,火,輸入キウイ,50800,78742,607
2022,11,29,火,輸入メロン,50850,3827,397
2022,12,1,木,みかん,40100,2371582,275
2022,12,1,木,はっさく,41321,45,278
2022,12,1,木,りんご計,42000,1230541,334
2022,12,1,木,日本なし計,43000,13033,418
2022,12,1,木,かき計,43500,815090,230
2022,12,1,木,もも,44100,511,3060
2022,12,1,木,ぶどう計,45000,34608,2017
2022,12,1,木,くり,45700,1197,801
2022,12,1,木,いちご,46100,233593,1918
2022,12,1,木,メロン計,47000,54551,958
2022,12,1,木,すいか,48100,19198,238
2022,12,1,木,キウイフルツ,49300,20164,599
2022,12,1,木,バナナ,50100,347451,204
2022,12,1,木,パイナップル,50300,63615,199
2022,12,1,木,レモン,50400,33243,329
2022,12,1,木,オレンジ,50600,26421,307
2022,12,1,木,輸入キウイ,50800,39669,595
2022,12,1,木,輸入メロン,50850,2209,341
2022,12,2,金,みかん,40100,1995112,273
2022,12,2,金,はっさく,41321,8805,259
2022,12,2,金,りんご計,42000,983600,320
2022,12,2,金,日本なし計,43000,31649,417
2022,12,2,金,かき計,43500,457242,213
2022,12,2,金,ぶどう計,45000,25960,2102
2022,12,2,金,くり,45700,42,2597
2022,12,2,金,いちご,46100,155163,1921
2022,12,2,金,メロン計,47000,33380,1028
2022,12,2,金,すいか,48100,11197,248
2022,12,2,金,キウイフルツ,49300,23601,486
2022,12,2,金,バナナ,50100,452974,171
2022,12,2,金,パイナップル,50300,69788,200
2022,12,2,金,レモン,50400,28293,342
2022,12,2,金,オレンジ,50600,29738,291
2022,12,2,金,輸入キウイ,50800,52086,620
2022,12,2,金,輸入メロン,50850,2148,349
2022,12,3,土,みかん,40100,1927623,276
2022,12,3,土,はっさく,41321,16245,264
2022,12,3,土,りんご計,42000,932618,311
2022,12,3,土,日本なし計,43000,35481,348
2022,12,3,土,かき計,43500,569690,207
2022,12,3,土,もも,44100,585,2761
2022,12,3,土,ぶどう計,45000,30834,2091
2022,12,3,土,くり,45700,519,971
2022,12,3,土,いちご,46100,171906,1917
2022,12,3,土,メロン計,47000,45382,902
2022,12,3,土,すいか,48100,13939,227
2022,12,3,土,キウイフルツ,49300,30604,572
2022,12,3,土,バナナ,50100,431603,198
2022,12,3,土,パイナップル,50300,86784,187
2022,12,3,土,レモン,50400,35502,376
2022,12,3,土,オレンジ,50600,41194,305
2022,12,3,土,輸入おうとう,50700,5,2916
2022,12,3,土,輸入キウイ,50800,79973,578
2022,12,3,土,輸入メロン,50850,2324,294
2022,12,5,月,みかん,40100,2339591,284
2022,12,5,月,はっさく,41321,20326,249
2022,12,5,月,りんご計,42000,934269,315
2022,12,5,月,日本なし計,43000,15329,416
2022,12,5,月,かき計,43500,682918,211
2022,12,5,月,ぶどう計,45000,33988,2017
2022,12,5,月,くり,45700,433,799
2022,12,5,月,いちご,46100,242019,1917
2022,12,5,月,メロン計,47000,48209,1019
2022,12,5,月,すいか,48100,8154,258
2022,12,5,月,キウイフルツ,49300,13953,529
2022,12,5,月,バナナ,50100,381845,210
2022,12,5,月,パイナップル,50300,41730,194
2022,12,5,月,レモン,50400,33238,309
2022,12,5,月,オレンジ,50600,22587,295
2022,12,5,月,輸入キウイ,50800,43661,580
2022,12,5,月,輸入メロン,50850,3141,349
2022,12,6,火,みかん,40100,1727236,271
2022,12,6,火,はっさく,41321,14183,255
2022,12,6,火,りんご計,42000,826027,317
2022,12,6,火,日本なし計,43000,14734,505
2022,12,6,火,かき計,43500,647584,218
2022,12,6,火,もも,44100,480,2902
2022,12,6,火,ぶどう計,45000,32177,2217
2022,12,6,火,くり,45700,232,1115
2022,12,6,火,いちご,46100,162628,1922
2022,12,6,火,メロン計,47000,31553,1198
2022,12,6,火,すいか,48100,18779,255
2022,12,6,火,キウイフルツ,49300,26840,446
2022,12,6,火,バナナ,50100,357696,184
2022,12,6,火,パイナップル,50300,52512,188
2022,12,6,火,レモン,50400,32636,341
2022,12,6,火,オレンジ,50600,35865,294
2022,12,6,火,輸入キウイ,50800,39845,591
2022,12,6,火,輸入メロン,50850,1805,428
2022,12,8,木,みかん,40100,2410925,288
2022,12,8,木,はっさく,41321,16108,185
2022,12,8,木,りんご計,42000,1198368,324
2022,12,8,木,日本なし計,43000,21271,425
2022,12,8,木,かき計,43500,658531,201
2022,12,8,木,もも,44100,491,2917
2022,12,8,木,ぶどう計,45000,39421,2219
2022,12,8,木,くり,45700,273,794
2022,12,8,木,いちご,46100,257709,1922
2022,12,8,木,メロン計,47000,54289,1119
2022,12,8,木,すいか,48100,7729,274
2022,12,8,木,キウイフルツ,49300,54967,461
2022,12,8,木,バナナ,50100,383290,208
2022,12,8,木,パイナップル,50300,101380,197
2022,12,8,木,レモン,50400,39818,356
2022,12,8,木,オレンジ,50600,23282,318
2022,12,8,木,輸入キウイ,50800,55786,574
2022,12,8,木,輸入メロン,50850,2361,470
2022,12,9,金,みかん,40100,1920195,283
2022,12,9,金,はっさく,41321,3955,269
2022,12,9,金,りんご計,42000,1033701,329
2022,12,9,金,日本なし計,43000,10923,335
2022,12,9,金,かき計,43500,414795,195
2022,12,9,金,ぶどう計,45000,32054,2205
2022,12,9,金,くり,45700,200,1377
2022,12,9,金,いちご,46100,131624,1996
2022,12,9,金,メロン計,47000,36263,1291
2022,12,9,金,すいか,48100,6603,309
2022,12,9,金,キウイフルツ,49300,36670,490
2022,12,9,金,バナナ,50100,496750,184
2022,12,9,金,パイナップル,50300,87634,191
2022,12,9,金,レモン,50400,37174,325
2022,12,9,金,オレンジ,50600,25604,302
2022,12,9,金,輸入おうとう,50700,15,3168
2022,12,9,金,輸入キウイ,50800,31038,614
2022,12,9,金,輸入メロン,50850,1648,409
2022,12,10,土,みかん,40100,2194151,274
2022,12,10,土,はっさく,41321,13710,257
2022,12,10,土,りんご計,42000,800267,321
2022,12,10,土,日本なし計,43000,31919,402
2022,12,10,土,かき計,43500,528494,211
2022,12,10,土,もも,44100,303,2008
2022,12,10,土,ぶどう計,45000,36742,2216
2022,12,10,土,くり,45700,1392,1189
2022,12,10,土,いちご,46100,175799,1980
2022,12,10,土,メロン計,47000,42373,1193
2022,12,10,土,すいか,48100,8308,303
2022,12,10,土,キウイフルツ,49300,32776,445
2022,12,10,土,バナナ,50100,440930,202
2022,12,10,土,パイナップル,50300,83304,186
2022,12,10,土,レモン,50400,32812,340
2022,12,10,土,オレンジ,50600,37340,291
2022,12,10,土,輸入キウイ,50800,41083,568
2022,12,10,土,輸入メロン,50850,4113,381
2022,12,12,月,みかん,40100,2500472,283
2022,12,12,月,はっさく,41321,23589,230
2022,12,12,月,りんご計,42000,830614,348
2022,12,12,月,日本なし計,43000,23953,359
2022,12,12,月,かき計,43500,404964,211
2022,12,12,月,ぶどう計,45000,34806,2310
2022,12,12,月,くり,45700,130,854
2022,12,12,月,いちご,46100,307917,1991
2022,12,12,月,メロン計,47000,51849,1102
2022,12,12,月,すいか,48100,13609,276
2022,12,12,月,キウイフルツ,49300,40940,562
2022,12,12,月,バナナ,50100,423059,208
2022,12,12,月,パイナップル,50300,63446,188
2022,12,12,月,レモン,50400,27558,389
2022,12,12,月,オレンジ,50600,24035,310
2022,12,12,月,輸入おうとう,50700,15,2916
2022,12,12,月,輸入キウイ,50800,61617,614
2022,12,12,月,輸入メロン,50850,5093,330
2022,12,13,火,みかん,40100,1936272,285
2022,12,13,火,はっさく,41321,26885,231
2022,12,13,火,りんご計,42000,829138,326
2022,12,13,火,日本なし計,43000,12035,343
2022,12,13,火,かき計,43500,200222,211
2022,12,13,火,ぶどう計,45000,32604,2341
2022,12,13,火,くり,45700,196,920
2022,12,13,火,いちご,46100,205521,2045
2022,12,13,火,メロン計,47000,33100,1279
2022,12,13,火,すいか,48100,2851,456
2022,12,13,火,キウイフルツ,49300,13527,603
2022,12,13,火,バナナ,50100,337686,185
2022,12,13,火,パイナップル,50300,67368,190
2022,12,13,火,レモン,50400,20700,444
2022,12,13,火,オレンジ,50600,29079,299
2022,12,13,火,輸入おうとう,50700,75,2808
2022,12,13,火,輸入キウイ,50800,30395,587
2022,12,13,火,輸入メロン,50850,3469,362
2022,12,15,木,みかん,40100,2728122,298
2022,12,15,木,はっさく,41321,12718,227
2022,12,15,木,りんご計,42000,995217,348
2022,12,15,木,日本なし計,43000,16126,380
2022,12,15,木,かき計,43500,247288,236
2022,12,15,木,もも,44100,182,2367
2022,12,15,木,ぶどう計,45000,39367,2326
2022,12,15,木,くり,45700,180,660
2022,12,15,木,いちご,46100,366612,2105
2022,12,15,木,メロン計,47000,69127,1033
2022,12,15,木,すいか,48100,7558,342
2022,12,15,木,キウイフルツ,49300,36538,573
2022,12,15,木,バナナ,50100,366904,211
2022,12,15,木,パイナップル,50300,79482,193
2022,12,15,木,レモン,50400,29077,395
2022,12,15,木,オレンジ,50600,29028,315
2022,12,15,木,輸入おうとう,50700,55,2769
2022,12,15,木,輸入キウイ,50800,53719,569
2022,12,15,木,輸入メロン,50850,3009,408
2022,12,16,金,みかん,40100,1986642,291
2022,12,16,金,はっさく,41321,19942,220
2022,12,16,金,りんご計,42000,837385,342
2022,12,16,金,日本なし計,43000,33346,420
2022,12,16,金,かき計,43500,166261,261
2022,12,16,金,ぶどう計,45000,41057,2273
2022,12,16,金,くり,45700,78,2160
2022,12,16,金,いちご,46100,227329,2179
2022,12,16,金,メロン計,47000,45027,1113
2022,12,16,金,すいか,48100,24494,258
2022,12,16,金,キウイフルツ,49300,33720,538
2022,12,16,金,バナナ,50100,448234,183
2022,12,16,金,パイナップル,50300,79763,193
2022,12,16,金,レモン,50400,31592,384
2022,12,16,金,オレンジ,50600,25481,290
2022,12,16,金,輸入キウイ,50800,78747,612
2022,12,16,金,輸入メロン,50850,4064,310
2022,12,17,土,みかん,40100,2000468,287
2022,12,17,土,はっさく,41321,20920,244
2022,12,17,土,りんご計,42000,710828,328
2022,12,17,土,日本なし計,43000,10948,411
2022,12,17,土,かき計,43500,172157,284
2022,12,17,土,ぶどう計,45000,37271,2343
2022,12,17,土,くり,45700,150,634
2022,12,17,土,いちご,46100,253065,2269
2022,12,17,土,メロン計,47000,59310,1035
2022,12,17,土,すいか,48100,5613,337
2022,12,17,土,キウイフルツ,49300,21118,528
2022,12,17,土,バナナ,50100,343235,206
2022,12,17,土,パイナップル,50300,83839,189
2022,12,17,土,レモン,50400,38883,406
2022,12,17,土,オレンジ,50600,37704,301
2022,12,17,土,輸入おうとう,50700,74,2982
2022,12,17,土,輸入キウイ,50800,56500,627
2022,12,17,土,輸入メロン,50850,5511,363
2022,12,19,月,みかん,40100,3058687,300
2022,12,19,月,はっさく,41321,23154,231
2022,12,19,月,りんご計,42000,875935,343
2022,12,19,月,日本なし計,43000,12202,409
2022,12,19,月,かき計,43500,224594,339
2022,12,19,月,ぶどう計,45000,35068,2379
2022,12,19,月,いちご,46100,393313,2467
2022,12,19,月,メロン計,47000,61599,1159
2022,12,19,月,すいか,48100,9537,282
2022,12,19,月,キウイフルツ,49300,26980,500
2022,12,19,月,バナナ,50100,399374,205
2022,12,19,月,パイナップル,50300,52180,199
2022,12,19,月,レモン,50400,29763,423
2022,12,19,月,オレンジ,50600,33365,279
2022,12,19,月,輸入おうとう,50700,35,3194
2022,12,19,月,輸入キウイ,50800,68932,638
2022,12,19,月,輸入メロン,50850,2141,421
2022,12,20,火,みかん,40100,2303194,296
2022,12,20,火,はっさく,41321,9977,223
2022,12,20,火,りんご計,42000,721125,351
2022,12,20,火,日本なし計,43000,13985,431
2022,12,20,火,かき計,43500,199821,347
2022,12,20,火,ぶどう計,45000,36494,2388
2022,12,20,火,くり,45700,230,648
2022,12,20,火,いちご,46100,236312,2696
2022,12,20,火,メロン計,47000,38766,1328
2022,12,20,火,すいか,48100,3314,402
2022,12,20,火,キウイフルツ,49300,31610,546
2022,12,20,火,バナナ,50100,322395,184
2022,12,20,火,パイナップル,50300,87021,173
2022,12,20,火,レモン,50400,33312,403
2022,12,20,火,オレンジ,50600,28405,268
2022,12,20,火,輸入おうとう,50700,190,2808
2022,12,20,火,輸入キウイ,50800,36715,578
2022,12,20,火,輸入メロン,50850,2728,363
2022,12,22,木,みかん,40100,3902441,300
2022,12,22,木,はっさく,41321,28526,213
2022,12,22,木,りんご計,42000,907750,375
2022,12,22,木,日本なし計,43000,15326,386
2022,12,22,木,かき計,43500,236283,346
2022,12,22,木,ぶどう計,45000,41629,2409
2022,12,22,木,くり,45700,36,2160
2022,12,22,木,いちご,46100,368591,2847
2022,12,22,木,メロン計,47000,82534,1161
2022,12,22,木,すいか,48100,24199,268
2022,12,22,木,キウイフルツ,49300,57970,481
2022,12,22,木,バナナ,50100,383270,209
2022,12,22,木,パイナップル,50300,141656,184
2022,12,22,木,レモン,50400,35172,429
2022,12,22,木,オレンジ,50600,29599,300
2022,12,22,木,輸入おうとう,50700,20,2592
2022,12,22,木,輸入キウイ,50800,39218,561
2022,12,22,木,輸入メロン,50850,2829,401
2022,12,23,金,みかん,40100,2653640,297
2022,12,23,金,はっさく,41321,24945,227
2022,12,23,金,りんご計,42000,822265,362
2022,12,23,金,日本なし計,43000,13927,367
2022,12,23,金,かき計,43500,158988,345
2022,12,23,金,ぶどう計,45000,33466,2278
2022,12,23,金,くり,45700,36,2160
2022,12,23,金,いちご,46100,192445,2767
2022,12,23,金,メロン計,47000,56325,1190
2022,12,23,金,すいか,48100,13912,239
2022,12,23,金,キウイフルツ,49300,24350,530
2022,12,23,金,バナナ,50100,441665,186
2022,12,23,金,パイナップル,50300,108486,177
2022,12,23,金,レモン,50400,52454,383
2022,12,23,金,オレンジ,50600,41243,294
2022,12,23,金,輸入おうとう,50700,284,2876
2022,12,23,金,輸入キウイ,50800,65280,526
2022,12,23,金,輸入メロン,50850,4185,367
2022,12,24,土,みかん,40100,3073679,302
2022,12,24,土,はっさく,41321,22647,223
2022,12,24,土,りんご計,42000,755452,336
2022,12,24,土,日本なし計,43000,3085,422
2022,12,24,土,かき計,43500,193618,363
2022,12,24,土,ぶどう計,45000,31728,2428
2022,12,24,土,くり,45700,241,955
2022,12,24,土,いちご,46100,186348,2724
2022,12,24,土,メロン計,47000,55916,1173
2022,12,24,土,すいか,48100,5807,299
2022,12,24,土,キウイフルツ,49300,37774,578
2022,12,24,土,バナナ,50100,473944,175
2022,12,24,土,パイナップル,50300,103330,176
2022,12,24,土,レモン,50400,45030,423
2022,12,24,土,オレンジ,50600,23501,305
2022,12,24,土,輸入おうとう,50700,100,2938
2022,12,24,土,輸入キウイ,50800,65973,582
2022,12,24,土,輸入メロン,50850,3709,374
2022,12,26,月,みかん,40100,3690496,313
2022,12,26,月,はっさく,41321,20470,213
2022,12,26,月,りんご計,42000,911513,373
2022,12,26,月,日本なし計,43000,9835,495
2022,12,26,月,かき計,43500,157067,334
2022,12,26,月,もも,44100,16,4622
2022,12,26,月,ぶどう計,45000,29313,2473
2022,12,26,月,くり,45700,59,756
2022,12,26,月,いちご,46100,290985,2536
2022,12,26,月,メロン計,47000,97659,1184
2022,12,26,月,すいか,48100,21144,268
2022,12,26,月,キウイフルツ,49300,56870,529
2022,12,26,月,バナナ,50100,503975,168
2022,12,26,月,パイナップル,50300,87145,172
2022,12,26,月,レモン,50400,32973,431
2022,12,26,月,オレンジ,50600,33501,307
2022,12,26,月,輸入おうとう,50700,5,2484
2022,12,26,月,輸入キウイ,50800,49156,525
2022,12,26,月,輸入メロン,50850,2705,439
2022,12,27,火,みかん,40100,2301205,290
2022,12,27,火,はっさく,41321,9795,237
2022,12,27,火,りんご計,42000,712414,405
2022,12,27,火,日本なし計,43000,18778,516
2022,12,27,火,かき計,43500,155479,364
2022,12,27,火,ぶどう計,45000,24274,2422
2022,12,27,火,くり,45700,80,1293
2022,12,27,火,いちご,46100,180929,2582
2022,12,27,火,メロン計,47000,70982,1349
2022,12,27,火,すいか,48100,3490,378
2022,12,27,火,キウイフルツ,49300,17297,613
2022,12,27,火,バナナ,50100,276605,192
2022,12,27,火,パイナップル,50300,88347,188
2022,12,27,火,レモン,50400,38113,469
2022,12,27,火,オレンジ,50600,44905,283
2022,12,27,火,輸入おうとう,50700,25,3024
2022,12,27,火,輸入キウイ,50800,37277,567
2022,12,27,火,輸入メロン,50850,2575,382
2022,12,28,水,みかん,40100,2242839,293
2022,12,28,水,はっさく,41321,10295,209
2022,12,28,水,りんご計,42000,657284,446
2022,12,28,水,日本なし計,43000,17845,492
2022,12,28,水,かき計,43500,102747,328
2022,12,28,水,ぶどう計,45000,19129,2458
2022,12,28,水,いちご,46100,194878,2655
2022,12,28,水,メロン計,47000,57202,1293
2022,12,28,水,すいか,48100,5110,312
2022,12,28,水,キウイフルツ,49300,13864,716
2022,12,28,水,バナナ,50100,281285,201
2022,12,28,水,パイナップル,50300,82011,190
2022,12,28,水,レモン,50400,52797,460
2022,12,28,水,オレンジ,50600,28207,310
2022,12,28,水,輸入おうとう,50700,5,2916
2022,12,28,水,輸入キウイ,50800,42746,534
2022,12,28,水,輸入メロン,50850,2037,368
2022,12,29,木,みかん,40100,1396140,292
2022,12,29,木,はっさく,41321,19280,223
2022,12,29,木,りんご計,42000,552182,404
2022,12,29,木,日本なし計,43000,990,345
2022,12,29,木,かき計,43500,111518,356
2022,12,29,木,ぶどう計,45000,14250,2589
2022,12,29,木,くり,45700,1200,1674
2022,12,29,木,いちご,46100,247025,2665
2022,12,29,木,メロン計,47000,29340,1245
2022,12,29,木,すいか,48100,21591,251
2022,12,29,木,キウイフルツ,49300,22484,664
2022,12,29,木,バナナ,50100,449919,189
2022,12,29,木,パイナップル,50300,101587,187
2022,12,29,木,レモン,50400,72644,368
2022,12,29,木,オレンジ,50600,72194,292
2022,12,29,木,輸入キウイ,50800,41089,584
2022,12,29,木,輸入メロン,50850,3830,380
2022,12,30,金,みかん,40100,30659,292
2022,12,30,金,りんご計,42000,4870,397
2022,12,30,金,日本なし計,43000,125,498
2022,12,30,金,かき計,43500,1303,368
2022,12,30,金,いちご,46100,67224,2803
2022,12,30,金,メロン計,47000,1928,771
2022,12,30,金,すいか,48100,440,237
2022,12,30,金,キウイフルツ,49300,5763,677
2022,12,30,金,バナナ,50100,205482,208
2022,12,30,金,パイナップル,50300,41156,210
2022,12,30,金,レモン,50400,22757,458
2022,12,30,金,オレンジ,50600,12788,304
2022,12,30,金,輸入キウイ,50800,20251,519
2022,12,30,金,輸入メロン,50850,1380,444
2023,1,5,木,みかん,40100,1214642,281
2023,1,5,木,はっさく,41321,38485,227
2023,1,5,木,りんご計,42000,763093,341
2023,1,5,木,日本なし計,43000,1874,394
2023,1,5,木,かき計,43500,43483,352
2023,1,5,木,おうとう,44800,49,38862
2023,1,5,木,ぶどう計,45000,5329,1123
2023,1,5,木,いちご,46100,1240961,2101
2023,1,5,木,メロン計,47000,24125,1431
2023,1,5,木,すいか,48100,1080,346
2023,1,5,木,キウイフルツ,49300,32464,695
2023,1,5,木,バナナ,50100,724664,207
2023,1,5,木,パイナップル,50300,161874,177
2023,1,5,木,レモン,50400,82095,188
2023,1,5,木,オレンジ,50600,41821,240
2023,1,5,木,輸入キウイ,50800,37922,587
2023,1,5,木,輸入メロン,50850,970,238
2023,1,6,金,みかん,40100,839101,290
2023,1,6,金,はっさく,41321,32585,201
2023,1,6,金,りんご計,42000,528556,345
2023,1,6,金,日本なし計,43000,425,281
2023,1,6,金,かき計,43500,71473,327
2023,1,6,金,ぶどう計,45000,7399,2575
2023,1,6,金,いちご,46100,313158,1839
2023,1,6,金,メロン計,47000,26472,1290
2023,1,6,金,すいか,48100,8837,243
2023,1,6,金,キウイフルツ,49300,14435,587
2023,1,6,金,バナナ,50100,443103,180
2023,1,6,金,パイナップル,50300,80251,203
2023,1,6,金,レモン,50400,27022,455
2023,1,6,金,オレンジ,50600,27404,301
2023,1,6,金,輸入キウイ,50800,35314,600
2023,1,6,金,輸入メロン,50850,620,173
2023,1,7,土,みかん,40100,1201689,305
2023,1,7,土,はっさく,41321,40413,227
2023,1,7,土,りんご計,42000,705287,336
2023,1,7,土,日本なし計,43000,430,335
2023,1,7,土,かき計,43500,108910,356
2023,1,7,土,おうとう,44800,9,164400
2023,1,7,土,ぶどう計,45000,9910,2250
2023,1,7,土,いちご,46100,333583,1818
2023,1,7,土,メロン計,47000,27014,1238
2023,1,7,土,すいか,48100,1982,295
2023,1,7,土,キウイフルツ,49300,20665,665
2023,1,7,土,バナナ,50100,353881,197
2023,1,7,土,パイナップル,50300,105965,190
2023,1,7,土,レモン,50400,50742,409
2023,1,7,土,オレンジ,50600,37007,309
2023,1,7,土,輸入おうとう,50700,15,2808
2023,1,7,土,輸入キウイ,50800,59640,581
2023,1,7,土,輸入メロン,50850,1026,435
2023,1,9,月,みかん,40100,3180,479
2023,1,9,月,りんご計,42000,2390,392
2023,1,9,月,日本なし計,43000,400,259
2023,1,9,月,かき計,43500,520,259
2023,1,9,月,いちご,46100,716,1882
2023,1,9,月,メロン計,47000,174,1022
2023,1,9,月,すいか,48100,399,67
2023,1,9,月,キウイフルツ,49300,200,691
2023,1,9,月,バナナ,50100,5732,237
2023,1,9,月,パイナップル,50300,2130,239
2023,1,9,月,レモン,50400,959,523
2023,1,9,月,オレンジ,50600,540,364
2023,1,9,月,輸入キウイ,50800,243,775
2023,1,10,火,みかん,40100,1604376,310
2023,1,10,火,はっさく,41321,103488,225
2023,1,10,火,りんご計,42000,837215,342
2023,1,10,火,日本なし計,43000,5800,399
2023,1,10,火,かき計,43500,115585,375
2023,1,10,火,ぶどう計,45000,13491,2115
2023,1,10,火,いちご,46100,664425,1711
2023,1,10,火,メロン計,47000,47178,1128
2023,1,10,火,すいか,48100,5189,237
2023,1,10,火,キウイフルツ,49300,59284,588
2023,1,10,火,バナナ,50100,548461,207
2023,1,10,火,パイナップル,50300,96320,189
2023,1,10,火,レモン,50400,38299,424
2023,1,10,火,オレンジ,50600,37651,298
2023,1,10,火,輸入おうとう,50700,5,2808
2023,1,10,火,輸入キウイ,50800,27561,568
2023,1,10,火,輸入メロン,50850,852,235
2023,1,11,水,みかん,40100,678632,325
2023,1,11,水,はっさく,41321,6434,237
2023,1,11,水,りんご計,42000,418139,361
2023,1,11,水,日本なし計,43000,335,279
2023,1,11,水,かき計,43500,49449,341
2023,1,11,水,ぶどう計,45000,9986,2749
2023,1,11,水,いちご,46100,231622,1690
2023,1,11,水,メロン計,47000,25144,1385
2023,1,11,水,すいか,48100,6572,228
2023,1,11,水,キウイフルツ,49300,49513,618
2023,1,11,水,バナナ,50100,167474,208
2023,1,11,水,パイナップル,50300,30427,167
2023,1,11,水,レモン,50400,31999,390
2023,1,11,水,オレンジ,50600,31720,278
2023,1,11,水,輸入キウイ,50800,26539,526
2023,1,11,水,輸入メロン,50850,304,542
2023,1,12,木,みかん,40100,1281559,310
2023,1,12,木,はっさく,41321,83000,219
2023,1,12,木,りんご計,42000,655878,342
2023,1,12,木,日本なし計,43000,305,545
2023,1,12,木,かき計,43500,93434,389
2023,1,12,木,ぶどう計,45000,13822,2521
2023,1,12,木,いちご,46100,347068,1693
2023,1,12,木,メロン計,47000,43449,1062
2023,1,12,木,すいか,48100,3409,334
2023,1,12,木,キウイフルツ,49300,80752,570
2023,1,12,木,バナナ,50100,405534,201
2023,1,12,木,パイナップル,50300,75033,208
2023,1,12,木,レモン,50400,40793,408
2023,1,12,木,オレンジ,50600,30756,273
2023,1,12,木,輸入おうとう,50700,5,2808
2023,1,12,木,輸入キウイ,50800,32322,533
2023,1,12,木,輸入メロン,50850,1010,382
2023,1,13,金,みかん,40100,1392254,304
2023,1,13,金,はっさく,41321,87687,222
2023,1,13,金,りんご計,42000,648982,323
2023,1,13,金,日本なし計,43000,5885,409
2023,1,13,金,かき計,43500,62651,349
2023,1,13,金,ぶどう計,45000,11000,2726
2023,1,13,金,いちご,46100,296650,1677
2023,1,13,金,メロン計,47000,30688,1144
2023,1,13,金,すいか,48100,4746,326
2023,1,13,金,キウイフルツ,49300,79265,568
2023,1,13,金,バナナ,50100,433263,194
2023,1,13,金,パイナップル,50300,57275,198
2023,1,13,金,レモン,50400,31602,432
2023,1,13,金,オレンジ,50600,47568,229
2023,1,13,金,輸入キウイ,50800,20488,608
2023,1,13,金,輸入メロン,50850,2497,262
2023,1,14,土,みかん,40100,1231165,314
2023,1,14,土,はっさく,41321,66366,234
2023,1,14,土,りんご計,42000,794280,324
2023,1,14,土,日本なし計,43000,5245,498
2023,1,14,土,かき計,43500,80961,388
2023,1,14,土,ぶどう計,45000,15642,2236
2023,1,14,土,いちご,46100,360406,1655
2023,1,14,土,メロン計,47000,28472,1159
2023,1,14,土,すいか,48100,3676,332
2023,1,14,土,キウイフルツ,49300,58108,591
2023,1,14,土,バナナ,50100,292974,201
2023,1,14,土,パイナップル,50300,86459,189
2023,1,14,土,レモン,50400,28676,439
2023,1,14,土,オレンジ,50600,34623,276
2023,1,14,土,輸入おうとう,50700,5,2808
2023,1,14,土,輸入キウイ,50800,18691,616
2023,1,14,土,輸入メロン,50850,510,633
2023,1,16,月,みかん,40100,1130332,327
2023,1,16,月,はっさく,41321,80008,230
2023,1,16,月,りんご計,42000,803971,325
2023,1,16,月,日本なし計,43000,620,323
2023,1,16,月,かき計,43500,64987,367
2023,1,16,月,おうとう,44800,11,8434
2023,1,16,月,ぶどう計,45000,12151,2141
2023,1,16,月,いちご,46100,522582,1579
2023,1,16,月,メロン計,47000,35712,1189
2023,1,16,月,すいか,48100,1650,336
2023,1,16,月,キウイフルツ,49300,88775,576
2023,1,16,月,バナナ,50100,433917,211
2023,1,16,月,パイナップル,50300,52374,194
2023,1,16,月,レモン,50400,34306,412
2023,1,16,月,オレンジ,50600,24979,276
2023,1,16,月,輸入おうとう,50700,10,2808
2023,1,16,月,輸入キウイ,50800,8446,591
2023,1,16,月,輸入メロン,50850,314,580
2023,1,17,火,みかん,40100,1241375,290
2023,1,17,火,はっさく,41321,59059,230
2023,1,17,火,りんご計,42000,713950,316
2023,1,17,火,日本なし計,43000,5520,381
2023,1,17,火,かき計,43500,96662,383
2023,1,17,火,ぶどう計,45000,11219,2338
2023,1,17,火,いちご,46100,335411,1594
2023,1,17,火,メロン計,47000,17883,1544
2023,1,17,火,すいか,48100,6089,255
2023,1,17,火,キウイフルツ,49300,76753,588
2023,1,17,火,バナナ,50100,365437,186
2023,1,17,火,パイナップル,50300,47749,202
2023,1,17,火,レモン,50400,19610,454
2023,1,17,火,オレンジ,50600,65041,240
2023,1,17,火,輸入おうとう,50700,15,2808
2023,1,17,火,輸入キウイ,50800,24175,525
2023,1,17,火,輸入メロン,50850,189,677
2023,1,19,木,みかん,40100,1396629,323
2023,1,19,木,はっさく,41321,124542,221
2023,1,19,木,りんご計,42000,995067,311
2023,1,19,木,日本なし計,43000,9470,344
2023,1,19,木,かき計,43500,82494,371
2023,1,19,木,ぶどう計,45000,13654,2255
2023,1,19,木,いちご,46100,482592,1565
2023,1,19,木,メロン計,47000,35479,1219
2023,1,19,木,すいか,48100,1140,165
2023,1,19,木,キウイフルツ,49300,147758,576
2023,1,19,木,バナナ,50100,445979,213
2023,1,19,木,パイナップル,50300,97389,182
2023,1,19,木,レモン,50400,26820,387
2023,1,19,木,オレンジ,50600,24890,314
2023,1,19,木,輸入おうとう,50700,10,2808
2023,1,19,木,輸入キウイ,50800,15532,528
2023,1,19,木,輸入メロン,50850,915,504
2023,1,20,金,みかん,40100,1182052,317
2023,1,20,金,はっさく,41321,94364,218
2023,1,20,金,りんご計,42000,782924,303
2023,1,20,金,日本なし計,43000,8820,337
2023,1,20,金,かき計,43500,65456,376
2023,1,20,金,ぶどう計,45000,8517,2445
2023,1,20,金,いちご,46100,298325,1570
2023,1,20,金,メロン計,47000,21676,1178
2023,1,20,金,すいか,48100,4748,276
2023,1,20,金,キウイフルツ,49300,106312,548
2023,1,20,金,バナナ,50100,380495,195
2023,1,20,金,パイナップル,50300,65970,201
2023,1,20,金,レモン,50400,25828,426
2023,1,20,金,オレンジ,50600,25751,326
2023,1,20,金,輸入おうとう,50700,68,3395
2023,1,20,金,輸入キウイ,50800,6759,635
2023,1,20,金,輸入メロン,50850,127,511
2023,1,21,土,みかん,40100,1132800,325
2023,1,21,土,はっさく,41321,68552,229
2023,1,21,土,りんご計,42000,802518,314
2023,1,21,土,日本なし計,43000,10298,284
2023,1,21,土,かき計,43500,83778,369
2023,1,21,土,ぶどう計,45000,10251,2524
2023,1,21,土,いちご,46100,354081,1568
2023,1,21,土,メロン計,47000,27210,1072
2023,1,21,土,すいか,48100,867,538
2023,1,21,土,キウイフルツ,49300,64282,593
2023,1,21,土,バナナ,50100,366169,202
2023,1,21,土,パイナップル,50300,72449,201
2023,1,21,土,レモン,50400,30083,436
2023,1,21,土,オレンジ,50600,33154,313
2023,1,21,土,輸入キウイ,50800,33364,441
2023,1,21,土,輸入メロン,50850,50,708
2023,1,23,月,みかん,40100,1184285,328
2023,1,23,月,はっさく,41321,96405,227
2023,1,23,月,りんご計,42000,886408,309
2023,1,23,月,日本なし計,43000,560,304
2023,1,23,月,かき計,43500,43887,374
2023,1,23,月,ぶどう計,45000,7270,1257
2023,1,23,月,いちご,46100,461078,1564
2023,1,23,月,メロン計,47000,32801,1062
2023,1,23,月,すいか,48100,934,610
2023,1,23,月,キウイフルツ,49300,135474,556
2023,1,23,月,バナナ,50100,366342,215
2023,1,23,月,パイナップル,50300,54745,190
2023,1,23,月,レモン,50400,19119,475
2023,1,23,月,オレンジ,50600,22776,359
2023,1,23,月,輸入おうとう,50700,25,2808
2023,1,23,月,輸入キウイ,50800,13203,522
2023,1,23,月,輸入メロン,50850,406,347
2023,1,24,火,みかん,40100,993149,339
2023,1,24,火,はっさく,41321,87084,215
2023,1,24,火,りんご計,42000,823212,296
2023,1,24,火,日本なし計,43000,4820,349
2023,1,24,火,かき計,43500,91543,386
2023,1,24,火,ぶどう計,45000,8853,2279
2023,1,24,火,いちご,46100,280494,1613
2023,1,24,火,メロン計,47000,14060,1521
2023,1,24,火,すいか,48100,1237,648
2023,1,24,火,キウイフルツ,49300,83126,581
2023,1,24,火,バナナ,50100,327055,202
2023,1,24,火,パイナップル,50300,64025,184
2023,1,24,火,レモン,50400,19779,459
2023,1,24,火,オレンジ,50600,20129,338
2023,1,24,火,輸入おうとう,50700,15,2808
2023,1,24,火,輸入キウイ,50800,12829,535
2023,1,24,火,輸入メロン,50850,88,215
2023,1,26,木,みかん,40100,1140305,324
2023,1,26,木,はっさく,41321,119752,221
2023,1,26,木,りんご計,42000,787822,302
2023,1,26,木,かき計,43500,50081,372
2023,1,26,木,ぶどう計,45000,9159,2299
2023,1,26,木,いちご,46100,377356,1602
2023,1,26,木,メロン計,47000,21367,1372
2023,1,26,木,すいか,48100,4666,364
2023,1,26,木,キウイフルツ,49300,105654,561
2023,1,26,木,バナナ,50100,353497,219
2023,1,26,木,パイナップル,50300,93249,195
2023,1,26,木,レモン,50400,23879,428
2023,1,26,木,オレンジ,50600,42989,310
2023,1,26,木,輸入おうとう,50700,63,3442
2023,1,26,木,輸入キウイ,50800,5616,531
2023,1,26,木,輸入メロン,50850,20,497
2023,1,27,金,みかん,40100,913571,332
2023,1,27,金,はっさく,41321,105532,217
2023,1,27,金,りんご計,42000,770924,298
2023,1,27,金,日本なし計,43000,425,235
2023,1,27,金,かき計,43500,49682,370
2023,1,27,金,おうとう,44800,5,31536
2023,1,27,金,ぶどう計,45000,7460,2199
2023,1,27,金,いちご,46100,249087,1670
2023,1,27,金,メロン計,47000,34658,1114
2023,1,27,金,すいか,48100,1344,765
2023,1,27,金,キウイフルツ,49300,111446,554
2023,1,27,金,バナナ,50100,393461,196
2023,1,27,金,パイナップル,50300,73348,199
2023,1,27,金,レモン,50400,27809,423
2023,1,27,金,オレンジ,50600,50134,275
2023,1,27,金,輸入おうとう,50700,26,1973
2023,1,27,金,輸入キウイ,50800,13414,492
2023,1,27,金,輸入メロン,50850,68,24
2023,1,28,土,みかん,40100,947511,332
2023,1,28,土,はっさく,41321,84437,226
2023,1,28,土,りんご計,42000,722608,300
2023,1,28,土,日本なし計,43000,490,462
2023,1,28,土,かき計,43500,76876,372
2023,1,28,土,ぶどう計,45000,6519,2472
2023,1,28,土,いちご,46100,255440,1674
2023,1,28,土,メロン計,47000,20169,1369
2023,1,28,土,すいか,48100,6297,341
2023,1,28,土,キウイフルツ,49300,84677,582
2023,1,28,土,バナナ,50100,390977,210
2023,1,28,土,パイナップル,50300,81734,190
2023,1,28,土,レモン,50400,23690,419
2023,1,28,土,オレンジ,50600,56342,191
2023,1,28,土,輸入おうとう,50700,91,2530
2023,1,28,土,輸入キウイ,50800,12341,491
2023,1,28,土,輸入メロン,50850,68,24
2023,1,30,月,みかん,40100,1053739,336
2023,1,30,月,はっさく,41321,96408,217
2023,1,30,月,りんご計,42000,851251,288
2023,1,30,月,かき計,43500,47971,374
2023,1,30,月,おうとう,44800,3,39600
2023,1,30,月,ぶどう計,45000,8332,1402
2023,1,30,月,いちご,46100,378100,1644
2023,1,30,月,メロン計,47000,32595,1175
2023,1,30,月,すいか,48100,6934,355
2023,1,30,月,キウイフルツ,49300,122939,561
2023,1,30,月,バナナ,50100,351398,215
2023,1,30,月,パイナップル,50300,61158,198
2023,1,30,月,レモン,50400,36923,419
2023,1,30,月,オレンジ,50600,23411,321
2023,1,30,月,輸入おうとう,50700,85,2654
2023,1,30,月,輸入キウイ,50800,3725,536
2023,1,30,月,輸入メロン,50850,535,433
2023,1,31,火,みかん,40100,856751,333
2023,1,31,火,はっさく,41321,93522,215
2023,1,31,火,りんご計,42000,642060,297
2023,1,31,火,かき計,43500,67171,374
2023,1,31,火,おうとう,44800,2,39420
2023,1,31,火,ぶどう計,45000,4048,2118
2023,1,31,火,いちご,46100,236351,1679
2023,1,31,火,メロン計,47000,17746,1331
2023,1,31,火,すいか,48100,5315,363
2023,1,31,火,キウイフルツ,49300,64564,591
2023,1,31,火,バナナ,50100,430454,203
2023,1,31,火,パイナップル,50300,73552,193
2023,1,31,火,レモン,50400,22439,440
2023,1,31,火,オレンジ,50600,48406,275
2023,1,31,火,輸入おうとう,50700,15,2808
2023,1,31,火,輸入キウイ,50800,21662,484
2023,1,31,火,輸入メロン,50850,982,436
2023,2,2,木,みかん,40100,1172580,345
2023,2,2,木,はっさく,41321,133601,224
2023,2,2,木,りんご計,42000,961557,298
2023,2,2,木,日本なし計,43000,85,310
2023,2,2,木,かき計,43500,83585,370
2023,2,2,木,びわ,43900,3,7560
2023,2,2,木,おうとう,44800,7,25365
2023,2,2,木,ぶどう計,45000,5260,1352
2023,2,2,木,いちご,46100,459781,1671
2023,2,2,木,メロン計,47000,27387,1130
2023,2,2,木,すいか,48100,7443,492
2023,2,2,木,キウイフルツ,49300,168055,540
2023,2,2,木,バナナ,50100,385292,214
2023,2,2,木,パイナップル,50300,72900,191
2023,2,2,木,レモン,50400,19776,425
2023,2,2,木,オレンジ,50600,23907,322
2023,2,2,木,輸入おうとう,50700,65,2692
2023,2,2,木,輸入キウイ,50800,3377,587
2023,2,2,木,輸入メロン,50850,2734,422
2023,2,3,金,みかん,40100,759672,337
2023,2,3,金,はっさく,41321,67032,204
2023,2,3,金,りんご計,42000,800069,297
2023,2,3,金,日本なし計,43000,5930,377
2023,2,3,金,かき計,43500,26083,361
2023,2,3,金,おうとう,44800,4,26730
2023,2,3,金,ぶどう計,45000,3895,2041
2023,2,3,金,いちご,46100,298718,1687
2023,2,3,金,メロン計,47000,19694,1284
2023,2,3,金,すいか,48100,5413,670
2023,2,3,金,キウイフルツ,49300,103849,560
2023,2,3,金,バナナ,50100,424556,187
2023,2,3,金,パイナップル,50300,66296,202
2023,2,3,金,レモン,50400,43992,422
2023,2,3,金,オレンジ,50600,27409,362
2023,2,3,金,輸入おうとう,50700,98,3180
2023,2,3,金,輸入キウイ,50800,16990,480
2023,2,3,金,輸入メロン,50850,2321,439
2023,2,4,土,みかん,40100,872577,353
2023,2,4,土,はっさく,41321,83419,223
2023,2,4,土,りんご計,42000,728711,301
2023,2,4,土,かき計,43500,50509,375
2023,2,4,土,おうとう,44800,3,32184
2023,2,4,土,ぶどう計,45000,3047,1805
2023,2,4,土,いちご,46100,360020,1692
2023,2,4,土,メロン計,47000,21853,1245
2023,2,4,土,すいか,48100,7533,340
2023,2,4,土,キウイフルツ,49300,82688,567
2023,2,4,土,バナナ,50100,471051,194
2023,2,4,土,パイナップル,50300,76497,200
2023,2,4,土,レモン,50400,29900,415
2023,2,4,土,オレンジ,50600,38681,366
2023,2,4,土,輸入おうとう,50700,56,2376
2023,2,4,土,輸入キウイ,50800,2401,580
2023,2,4,土,輸入メロン,50850,2156,433
2023,2,6,月,みかん,40100,908754,347
2023,2,6,月,はっさく,41321,118619,223
2023,2,6,月,りんご計,42000,905694,319
2023,2,6,月,日本なし計,43000,390,356
2023,2,6,月,かき計,43500,24715,356
2023,2,6,月,おうとう,44800,4,27702
2023,2,6,月,ぶどう計,45000,3505,1115
2023,2,6,月,いちご,46100,528893,1653
2023,2,6,月,メロン計,47000,28202,1267
2023,2,6,月,すいか,48100,2160,645
2023,2,6,月,キウイフルツ,49300,123556,561
2023,2,6,月,バナナ,50100,455603,213
2023,2,6,月,パイナップル,50300,54240,199
2023,2,6,月,レモン,50400,24565,399
2023,2,6,月,オレンジ,50600,22560,349
2023,2,6,月,輸入おうとう,50700,70,2685
2023,2,6,月,輸入キウイ,50800,1581,525
2023,2,6,月,輸入メロン,50850,611,409
2023,2,7,火,みかん,40100,785823,340
2023,2,7,火,はっさく,41321,130583,215
2023,2,7,火,りんご計,42000,725270,291
2023,2,7,火,かき計,43500,59522,377
2023,2,7,火,おうとう,44800,6,25938
2023,2,7,火,ぶどう計,45000,2748,2281
2023,2,7,火,いちご,46100,337034,1654
2023,2,7,火,メロン計,47000,20460,1375
2023,2,7,火,すいか,48100,1501,525
2023,2,7,火,キウイフルツ,49300,66831,560
2023,2,7,火,バナナ,50100,303313,211
2023,2,7,火,パイナップル,50300,66527,201
2023,2,7,火,レモン,50400,24626,425
2023,2,7,火,オレンジ,50600,26842,342
2023,2,7,火,輸入おうとう,50700,65,2710
2023,2,7,火,輸入キウイ,50800,7341,247
2023,2,7,火,輸入メロン,50850,1917,437
2023,2,8,水,みかん,40100,2919,411
2023,2,8,水,はっさく,41321,5630,208
2023,2,8,水,りんご計,42000,13246,270
2023,2,8,水,ぶどう計,45000,50,3456
2023,2,8,水,いちご,46100,8680,1700
2023,2,8,水,メロン計,47000,100,1792
2023,2,8,水,キウイフルツ,49300,423,703
2023,2,8,水,バナナ,50100,16046,244
2023,2,8,水,パイナップル,50300,7880,208
2023,2,8,水,レモン,50400,1238,457
2023,2,8,水,オレンジ,50600,734,121
2023,2,8,水,輸入キウイ,50800,180,150
2023,2,9,木,みかん,40100,959946,349
2023,2,9,木,はっさく,41321,158553,222
2023,2,9,木,りんご計,42000,966592,300
2023,2,9,木,日本なし計,43000,180,324
2023,2,9,木,かき計,43500,46275,331
2023,2,9,木,びわ,43900,4,6750
2023,2,9,木,おうとう,44800,5,23868
2023,2,9,木,ぶどう計,45000,5491,1339
2023,2,9,木,いちご,46100,578393,1627
2023,2,9,木,メロン計,47000,30354,1310
2023,2,9,木,すいか,48100,7097,350
2023,2,9,木,キウイフルツ,49300,144267,567
2023,2,9,木,バナナ,50100,388564,218
2023,2,9,木,パイナップル,50300,80611,203
2023,2,9,木,レモン,50400,28679,415
2023,2,9,木,オレンジ,50600,26242,349
2023,2,9,木,輸入おうとう,50700,238,2670
2023,2,9,木,輸入キウイ,50800,1082,509
2023,2,9,木,輸入メロン,50850,703,372
2023,2,10,金,みかん,40100,921362,348
2023,2,10,金,はっさく,41321,95063,206
2023,2,10,金,りんご計,42000,940021,298
2023,2,10,金,日本なし計,43000,700,265
2023,2,10,金,かき計,43500,28962,343
2023,2,10,金,おうとう,44800,4,48249
2023,2,10,金,ぶどう計,45000,4663,1397
2023,2,10,金,いちご,46100,369194,1622
2023,2,10,金,メロン計,47000,23198,1360
2023,2,10,金,すいか,48100,9543,365
2023,2,10,金,キウイフルツ,49300,164422,540
2023,2,10,金,バナナ,50100,601513,180
2023,2,10,金,パイナップル,50300,113289,203
2023,2,10,金,レモン,50400,30080,437
2023,2,10,金,オレンジ,50600,30281,364
2023,2,10,金,輸入おうとう,50700,180,2226
2023,2,10,金,輸入キウイ,50800,2231,365
2023,2,10,金,輸入メロン,50850,2871,442
2023,2,13,月,みかん,40100,848967,358
2023,2,13,月,はっさく,41321,153126,217
2023,2,13,月,りんご計,42000,1055931,297
2023,2,13,月,かき計,43500,13697,484
2023,2,13,月,びわ,43900,16,7965
2023,2,13,月,おうとう,44800,5,36677
2023,2,13,月,ぶどう計,45000,1385,1259
2023,2,13,月,いちご,46100,797643,1608
2023,2,13,月,メロン計,47000,29752,1298
2023,2,13,月,すいか,48100,3513,553
2023,2,13,月,キウイフルツ,49300,132831,578
2023,2,13,月,バナナ,50100,578187,220
2023,2,13,月,パイナップル,50300,98556,200
2023,2,13,月,レモン,50400,37607,400
2023,2,13,月,オレンジ,50600,29370,361
2023,2,13,月,輸入おうとう,50700,220,2356
2023,2,13,月,輸入キウイ,50800,625,437
2023,2,13,月,輸入メロン,50850,3966,372
2023,2,14,火,みかん,40100,729272,331
2023,2,14,火,はっさく,41321,148799,205
2023,2,14,火,りんご計,42000,732276,292
2023,2,14,火,日本なし計,43000,240,330
2023,2,14,火,かき計,43500,13227,401
2023,2,14,火,おうとう,44800,4,38124
2023,2,14,火,ぶどう計,45000,1978,1734
2023,2,14,火,いちご,46100,330103,1627
2023,2,14,火,メロン計,47000,15707,1593
2023,2,14,火,すいか,48100,3113,331
2023,2,14,火,キウイフルツ,49300,94536,575
2023,2,14,火,バナナ,50100,337020,204
2023,2,14,火,パイナップル,50300,86231,200
2023,2,14,火,レモン,50400,27303,438
2023,2,14,火,オレンジ,50600,24961,349
2023,2,14,火,輸入おうとう,50700,215,2340
2023,2,14,火,輸入キウイ,50800,6358,614
2023,2,14,火,輸入メロン,50850,7002,363
2023,2,16,木,みかん,40100,789448,351
2023,2,16,木,はっさく,41321,119708,221
2023,2,16,木,りんご計,42000,992521,295
2023,2,16,木,かき計,43500,8062,558
2023,2,16,木,びわ,43900,24,5027
2023,2,16,木,おうとう,44800,7,16524
2023,2,16,木,ぶどう計,45000,2668,889
2023,2,16,木,いちご,46100,563016,1610
2023,2,16,木,メロン計,47000,30436,1356
2023,2,16,木,すいか,48100,4648,511
2023,2,16,木,キウイフルツ,49300,126274,567
2023,2,16,木,バナナ,50100,432294,219
2023,2,16,木,パイナップル,50300,95451,198
2023,2,16,木,レモン,50400,27499,439
2023,2,16,木,オレンジ,50600,20819,384
2023,2,16,木,輸入おうとう,50700,73,3251
2023,2,16,木,輸入キウイ,50800,655,349
2023,2,16,木,輸入メロン,50850,2459,390
2023,2,17,金,みかん,40100,553745,362
2023,2,17,金,はっさく,41321,69468,198
2023,2,17,金,りんご計,42000,708259,296
2023,2,17,金,日本なし計,43000,245,322
2023,2,17,金,かき計,43500,3616,357
2023,2,17,金,びわ,43900,4,2052
2023,2,17,金,おうとう,44800,2,32346
2023,2,17,金,ぶどう計,45000,1196,1370
2023,2,17,金,いちご,46100,296194,1628
2023,2,17,金,メロン計,47000,20628,1428
2023,2,17,金,すいか,48100,4290,376
2023,2,17,金,キウイフルツ,49300,76972,577
2023,2,17,金,バナナ,50100,427964,192
2023,2,17,金,パイナップル,50300,69747,205
2023,2,17,金,レモン,50400,34261,401
2023,2,17,金,オレンジ,50600,27180,361
2023,2,17,金,輸入おうとう,50700,10,2592
2023,2,17,金,輸入キウイ,50800,1585,689
2023,2,17,金,輸入メロン,50850,4354,362
2023,2,18,土,みかん,40100,702878,350
2023,2,18,土,はっさく,41321,115522,213
2023,2,18,土,りんご計,42000,738971,313
2023,2,18,土,かき計,43500,8774,408
2023,2,18,土,びわ,43900,36,8012
2023,2,18,土,おうとう,44800,7,19039
2023,2,18,土,ぶどう計,45000,217,2248
2023,2,18,土,いちご,46100,347825,1636
2023,2,18,土,メロン計,47000,22725,1334
2023,2,18,土,すいか,48100,4221,484
2023,2,18,土,キウイフルツ,49300,83358,573
2023,2,18,土,バナナ,50100,439828,207
2023,2,18,土,パイナップル,50300,74640,210
2023,2,18,土,レモン,50400,46822,366
2023,2,18,土,オレンジ,50600,25251,342
2023,2,18,土,輸入おうとう,50700,140,2399
2023,2,18,土,輸入キウイ,50800,373,459
2023,2,18,土,輸入メロン,50850,2138,370
2023,2,20,月,みかん,40100,624400,359
2023,2,20,月,はっさく,41321,92406,220
2023,2,20,月,りんご計,42000,821278,305
2023,2,20,月,かき計,43500,9979,540
2023,2,20,月,びわ,43900,23,4065
2023,2,20,月,おうとう,44800,2,27216
2023,2,20,月,ぶどう計,45000,830,836
2023,2,20,月,いちご,46100,536626,1612
2023,2,20,月,メロン計,47000,30008,1209
2023,2,20,月,すいか,48100,4478,485
2023,2,20,月,キウイフルツ,49300,133852,544
2023,2,20,月,バナナ,50100,380135,219
2023,2,20,月,パイナップル,50300,56561,207
2023,2,20,月,レモン,50400,17674,416
2023,2,20,月,オレンジ,50600,30324,377
2023,2,20,月,輸入おうとう,50700,65,2517
2023,2,20,月,輸入キウイ,50800,1092,414
2023,2,20,月,輸入メロン,50850,2019,373
2023,2,21,火,みかん,40100,496735,357
2023,2,21,火,はっさく,41321,130361,204
2023,2,21,火,りんご計,42000,626084,293
2023,2,21,火,日本なし計,43000,25,324
2023,2,21,火,かき計,43500,5044,348
2023,2,21,火,びわ,43900,36,6713
2023,2,21,火,おうとう,44800,7,20975
2023,2,21,火,ぶどう計,45000,86,2229
2023,2,21,火,いちご,46100,302131,1637
2023,2,21,火,メロン計,47000,14269,1711
2023,2,21,火,すいか,48100,3478,550
2023,2,21,火,キウイフルツ,49300,49674,563
2023,2,21,火,バナナ,50100,291141,212
2023,2,21,火,パイナップル,50300,67525,208
2023,2,21,火,レモン,50400,25010,417
2023,2,21,火,オレンジ,50600,23844,383
2023,2,21,火,輸入おうとう,50700,5,1512
2023,2,21,火,輸入キウイ,50800,711,497
2023,2,21,火,輸入メロン,50850,2759,384
2023,2,22,水,みかん,40100,243106,331
2023,2,22,水,はっさく,41321,43066,196
2023,2,22,水,りんご計,42000,712351,293
2023,2,22,水,かき計,43500,6459,368
2023,2,22,水,びわ,43900,39,7424
2023,2,22,水,おうとう,44800,4,18738
2023,2,22,水,ぶどう計,45000,89,3228
2023,2,22,水,いちご,46100,300772,1624
2023,2,22,水,メロン計,47000,19899,1500
2023,2,22,水,すいか,48100,7337,492
2023,2,22,水,キウイフルツ,49300,54685,562
2023,2,22,水,バナナ,50100,353313,213
2023,2,22,水,パイナップル,50300,56573,212
2023,2,22,水,レモン,50400,30445,393
2023,2,22,水,オレンジ,50600,30956,313
2023,2,22,水,輸入キウイ,50800,2225,603
2023,2,22,水,輸入メロン,50850,3273,326
2023,2,23,木,りんご計,42000,6360,351
2023,2,23,木,びわ,43900,14,1625
2023,2,23,木,いちご,46100,838,1800
2023,2,23,木,メロン計,47000,350,953
2023,2,23,木,すいか,48100,591,311
2023,2,23,木,キウイフルツ,49300,252,539
2023,2,23,木,バナナ,50100,7093,242
2023,2,23,木,パイナップル,50300,3980,236
2023,2,23,木,レモン,50400,297,543
2023,2,23,木,オレンジ,50600,513,373
2023,2,23,木,輸入メロン,50850,10,540
2023,2,24,金,みかん,40100,441081,365
2023,2,24,金,はっさく,41321,195152,197
2023,2,24,金,りんご計,42000,1026626,296
2023,2,24,金,日本なし計,43000,200,357
2023,2,24,金,かき計,43500,11110,526
2023,2,24,金,びわ,43900,58,6754
2023,2,24,金,おうとう,44800,11,15866
2023,2,24,金,ぶどう計,45000,2292,616
2023,2,24,金,いちご,46100,560619,1632
2023,2,24,金,メロン計,47000,35506,1217
2023,2,24,金,すいか,48100,17199,371
2023,2,24,金,キウイフルツ,49300,173207,555
2023,2,24,金,バナナ,50100,489205,205
2023,2,24,金,パイナップル,50300,92364,207
2023,2,24,金,レモン,50400,21813,398
2023,2,24,金,オレンジ,50600,22106,340
2023,2,24,金,輸入キウイ,50800,5486,695
2023,2,24,金,輸入メロン,50850,2689,339
2023,2,25,土,みかん,40100,348572,357
2023,2,25,土,はっさく,41321,107158,214
2023,2,25,土,りんご計,42000,696796,301
2023,2,25,土,日本なし計,43000,710,247
2023,2,25,土,かき計,43500,16663,354
2023,2,25,土,びわ,43900,111,5605
2023,2,25,土,おうとう,44800,6,35343
2023,2,25,土,ぶどう計,45000,288,531
2023,2,25,土,いちご,46100,366602,1674
2023,2,25,土,メロン計,47000,24383,1420
2023,2,25,土,すいか,48100,4433,515
2023,2,25,土,キウイフルツ,49300,98377,549
2023,2,25,土,バナナ,50100,413643,209
2023,2,25,土,パイナップル,50300,79525,215
2023,2,25,土,レモン,50400,45020,392
2023,2,25,土,オレンジ,50600,42265,380
2023,2,25,土,輸入おうとう,50700,75,2324
2023,2,25,土,輸入キウイ,50800,979,499
2023,2,25,土,輸入メロン,50850,3326,369
2023,2,27,月,みかん,40100,343120,386
2023,2,27,月,はっさく,41321,122877,227
2023,2,27,月,りんご計,42000,784696,301
2023,2,27,月,日本なし計,43000,320,321
2023,2,27,月,かき計,43500,12741,543
2023,2,27,月,びわ,43900,71,5899
2023,2,27,月,おうとう,44800,15,20909
2023,2,27,月,ぶどう計,45000,480,1887
2023,2,27,月,いちご,46100,496561,1646
2023,2,27,月,メロン計,47000,25913,1655
2023,2,27,月,すいか,48100,16437,410
2023,2,27,月,キウイフルツ,49300,94420,586
2023,2,27,月,バナナ,50100,412690,219
2023,2,27,月,パイナップル,50300,66200,214
2023,2,27,月,レモン,50400,39849,393
2023,2,27,月,オレンジ,50600,34246,381
2023,2,27,月,輸入キウイ,50800,757,710
2023,2,27,月,輸入メロン,50850,3487,414
2023,2,28,火,みかん,40100,361191,363
2023,2,28,火,はっさく,41321,94793,201
2023,2,28,火,りんご計,42000,653071,291
2023,2,28,火,かき計,43500,4475,402
2023,2,28,火,びわ,43900,145,6268
2023,2,28,火,おうとう,44800,16,19410
2023,2,28,火,ぶどう計,45000,795,2549
2023,2,28,火,いちご,46100,305576,1696
2023,2,28,火,メロン計,47000,19169,2233
2023,2,28,火,すいか,48100,4090,618
2023,2,28,火,キウイフルツ,49300,50485,554
2023,2,28,火,バナナ,50100,438923,214
2023,2,28,火,パイナップル,50300,103757,197
2023,2,28,火,レモン,50400,37775,408
2023,2,28,火,オレンジ,50600,49243,377
2023,2,28,火,輸入キウイ,50800,1741,661
2023,2,28,火,輸入メロン,50850,3879,372
2023,3,2,木,みかん,40100,372141,369
2023,3,2,木,はっさく,41321,165266,223
2023,3,2,木,りんご計,42000,877339,300
2023,3,2,木,かき計,43500,7705,611
2023,3,2,木,びわ,43900,190,6547
2023,3,2,木,おうとう,44800,25,30305
2023,3,2,木,ぶどう計,45000,310,539
2023,3,2,木,いちご,46100,578652,1668
2023,3,2,木,メロン計,47000,23637,1492
2023,3,2,木,すいか,48100,44833,397
2023,3,2,木,キウイフルツ,49300,140461,567
2023,3,2,木,バナナ,50100,428353,207
2023,3,2,木,パイナップル,50300,74758,209
2023,3,2,木,レモン,50400,28279,411
2023,3,2,木,オレンジ,50600,22270,379
2023,3,2,木,輸入キウイ,50800,683,638
2023,3,2,木,輸入メロン,50850,4961,356
2023,3,3,金,みかん,40100,238277,413
2023,3,3,金,はっさく,41321,74530,190
2023,3,3,金,りんご計,42000,764064,305
2023,3,3,金,かき計,43500,4299,370
2023,3,3,金,びわ,43900,105,5920
2023,3,3,金,おうとう,44800,29,16248
2023,3,3,金,ぶどう計,45000,2480,529
2023,3,3,金,いちご,46100,346833,1668
2023,3,3,金,メロン計,47000,15381,1780
2023,3,3,金,すいか,48100,19306,333
2023,3,3,金,キウイフルツ,49300,83035,554
2023,3,3,金,バナナ,50100,421498,194
2023,3,3,金,パイナップル,50300,81813,216
2023,3,3,金,レモン,50400,18788,431
2023,3,3,金,オレンジ,50600,23596,378
2023,3,3,金,輸入キウイ,50800,1146,380
2023,3,3,金,輸入メロン,50850,6949,326
2023,3,4,土,みかん,40100,269212,351
2023,3,4,土,はっさく,41321,87543,214
2023,3,4,土,りんご計,42000,701813,298
2023,3,4,土,日本なし計,43000,645,154
2023,3,4,土,かき計,43500,4884,370
2023,3,4,土,びわ,43900,85,4351
2023,3,4,土,おうとう,44800,14,18696
2023,3,4,土,ぶどう計,45000,132,1387
2023,3,4,土,いちご,46100,380221,1677
2023,3,4,土,メロン計,47000,20643,1569
2023,3,4,土,すいか,48100,21537,438
2023,3,4,土,キウイフルツ,49300,90108,572
2023,3,4,土,バナナ,50100,440106,198
2023,3,4,土,パイナップル,50300,84579,213
2023,3,4,土,レモン,50400,44018,395
2023,3,4,土,オレンジ,50600,24424,381
2023,3,4,土,輸入キウイ,50800,312,633
2023,3,4,土,輸入メロン,50850,3942,367
2023,3,6,月,みかん,40100,331767,420
2023,3,6,月,はっさく,41321,127241,238
2023,3,6,月,りんご計,42000,914009,302
2023,3,6,月,日本なし計,43000,30,432
2023,3,6,月,かき計,43500,6991,644
2023,3,6,月,びわ,43900,270,6429
2023,3,6,月,おうとう,44800,50,22071
2023,3,6,月,ぶどう計,45000,29,1862
2023,3,6,月,いちご,46100,555926,1613
2023,3,6,月,メロン計,47000,21175,1660
2023,3,6,月,すいか,48100,37097,360
2023,3,6,月,キウイフルツ,49300,110895,578
2023,3,6,月,バナナ,50100,480660,214
2023,3,6,月,パイナップル,50300,62389,221
2023,3,6,月,レモン,50400,33583,388
2023,3,6,月,オレンジ,50600,40368,386
2023,3,6,月,輸入キウイ,50800,1225,720
2023,3,6,月,輸入メロン,50850,3482,365
2023,3,7,火,みかん,40100,253953,391
2023,3,7,火,はっさく,41321,121421,202
2023,3,7,火,りんご計,42000,705723,303
2023,3,7,火,かき計,43500,4028,364
2023,3,7,火,びわ,43900,257,5840
2023,3,7,火,おうとう,44800,26,26614
2023,3,7,火,ぶどう計,45000,335,1331
2023,3,7,火,いちご,46100,381262,1616
2023,3,7,火,メロン計,47000,19551,1727
2023,3,7,火,すいか,48100,30094,371
2023,3,7,火,キウイフルツ,49300,76773,558
2023,3,7,火,バナナ,50100,310288,215
2023,3,7,火,パイナップル,50300,81783,207
2023,3,7,火,レモン,50400,39128,381
2023,3,7,火,オレンジ,50600,33811,376
2023,3,7,火,輸入キウイ,50800,1393,674
2023,3,7,火,輸入メロン,50850,2761,380
2023,3,9,木,みかん,40100,327376,404
2023,3,9,木,はっさく,41321,173595,222
2023,3,9,木,りんご計,42000,941931,304
2023,3,9,木,日本なし計,43000,20,432
2023,3,9,木,かき計,43500,7855,613
2023,3,9,木,びわ,43900,507,6639
2023,3,9,木,おうとう,44800,44,18054
2023,3,9,木,ぶどう計,45000,260,1506
2023,3,9,木,いちご,46100,668941,1570
2023,3,9,木,メロン計,47000,24638,1578
2023,3,9,木,すいか,48100,48742,369
2023,3,9,木,キウイフルツ,49300,114446,578
2023,3,9,木,バナナ,50100,448896,221
2023,3,9,木,パイナップル,50300,126693,211
2023,3,9,木,レモン,50400,25696,406
2023,3,9,木,オレンジ,50600,49816,377
2023,3,9,木,輸入キウイ,50800,517,646
2023,3,9,木,輸入メロン,50850,7088,329
2023,3,10,金,みかん,40100,198678,462
2023,3,10,金,はっさく,41321,79051,204
2023,3,10,金,りんご計,42000,847224,306
2023,3,10,金,かき計,43500,3158,348
2023,3,10,金,びわ,43900,371,6857
2023,3,10,金,おうとう,44800,26,29181
2023,3,10,金,ぶどう計,45000,87,1484
2023,3,10,金,いちご,46100,394252,1562
2023,3,10,金,メロン計,47000,15002,1663
2023,3,10,金,すいか,48100,34182,339
2023,3,10,金,キウイフルツ,49300,101960,558
2023,3,10,金,バナナ,50100,425039,196
2023,3,10,金,パイナップル,50300,82160,220
2023,3,10,金,レモン,50400,27666,420
2023,3,10,金,オレンジ,50600,25378,380
2023,3,10,金,輸入キウイ,50800,2682,742
2023,3,10,金,輸入メロン,50850,3425,350
2023,3,11,土,みかん,40100,220307,401
2023,3,11,土,はっさく,41321,87903,220
2023,3,11,土,りんご計,42000,680560,304
2023,3,11,土,かき計,43500,2668,363
2023,3,11,土,びわ,43900,396,5927
2023,3,11,土,おうとう,44800,27,16118
2023,3,11,土,いちご,46100,459155,1558
2023,3,11,土,メロン計,47000,18477,1554
2023,3,11,土,すいか,48100,17929,577
2023,3,11,土,キウイフルツ,49300,79891,545
2023,3,11,土,バナナ,50100,368962,214
2023,3,11,土,パイナップル,50300,111491,224
2023,3,11,土,レモン,50400,33407,394
2023,3,11,土,オレンジ,50600,70755,368
2023,3,11,土,輸入キウイ,50800,1430,756
2023,3,11,土,輸入メロン,50850,7546,359
2023,3,13,月,みかん,40100,204063,424
2023,3,13,月,はっさく,41321,144182,229
2023,3,13,月,りんご計,42000,759179,304
2023,3,13,月,日本なし計,43000,50,432
2023,3,13,月,かき計,43500,3494,431
2023,3,13,月,びわ,43900,481,5919
2023,3,13,月,おうとう,44800,31,21182
2023,3,13,月,いちご,46100,734732,1438
2023,3,13,月,メロン計,47000,20668,1587
2023,3,13,月,すいか,48100,32278,406
2023,3,13,月,キウイフルツ,49300,100303,574
2023,3,13,月,バナナ,50100,618256,204
2023,3,13,月,パイナップル,50300,76239,232
2023,3,13,月,レモン,50400,29675,414
2023,3,13,月,オレンジ,50600,29574,373
2023,3,13,月,輸入キウイ,50800,675,686
2023,3,13,月,輸入メロン,50850,4521,382
2023,3,14,火,みかん,40100,159454,418
2023,3,14,火,はっさく,41321,135011,220
2023,3,14,火,りんご計,42000,667561,297
2023,3,14,火,日本なし計,43000,1310,273
2023,3,14,火,かき計,43500,2573,352
2023,3,14,火,びわ,43900,296,5362
2023,3,14,火,おうとう,44800,62,15780
2023,3,14,火,いちご,46100,498366,1442
2023,3,14,火,メロン計,47000,16466,1776
2023,3,14,火,すいか,48100,19675,527
2023,3,14,火,キウイフルツ,49300,58724,564
2023,3,14,火,バナナ,50100,251197,213
2023,3,14,火,パイナップル,50300,84758,214
2023,3,14,火,レモン,50400,30096,399
2023,3,14,火,オレンジ,50600,27396,391
2023,3,14,火,輸入キウイ,50800,344,720
2023,3,14,火,輸入メロン,50850,5841,361
2023,3,16,木,みかん,40100,172538,403
2023,3,16,木,はっさく,41321,165183,222
2023,3,16,木,りんご計,42000,825698,307
2023,3,16,木,日本なし計,43000,1290,278
2023,3,16,木,かき計,43500,2725,435
2023,3,16,木,びわ,43900,930,5367
2023,3,16,木,おうとう,44800,62,14458
2023,3,16,木,ぶどう計,45000,295,571
2023,3,16,木,いちご,46100,794222,1370
2023,3,16,木,メロン計,47000,28585,1578
2023,3,16,木,すいか,48100,52682,423
2023,3,16,木,キウイフルツ,49300,110942,572
2023,3,16,木,バナナ,50100,497727,219
2023,3,16,木,パイナップル,50300,92664,231
2023,3,16,木,レモン,50400,26247,416
2023,3,16,木,オレンジ,50600,41584,382
2023,3,16,木,輸入キウイ,50800,383,625
2023,3,16,木,輸入メロン,50850,5808,329
2023,3,17,金,みかん,40100,132263,460
2023,3,17,金,はっさく,41321,72978,197
2023,3,17,金,りんご計,42000,699463,297
2023,3,17,金,日本なし計,43000,1210,307
2023,3,17,金,かき計,43500,2075,471
2023,3,17,金,びわ,43900,655,4816
2023,3,17,金,おうとう,44800,42,15318
2023,3,17,金,いちご,46100,435320,1363
2023,3,17,金,メロン計,47000,23375,1623
2023,3,17,金,すいか,48100,9611,484
2023,3,17,金,キウイフルツ,49300,110001,542
2023,3,17,金,バナナ,50100,469188,184
2023,3,17,金,パイナップル,50300,81899,222
2023,3,17,金,レモン,50400,29416,413
2023,3,17,金,オレンジ,50600,34003,386
2023,3,17,金,輸入キウイ,50800,3922,709
2023,3,17,金,輸入メロン,50850,7361,235
2023,3,18,土,みかん,40100,139513,422
2023,3,18,土,はっさく,41321,99779,222
2023,3,18,土,りんご計,42000,714893,298
2023,3,18,土,日本なし計,43000,1190,274
2023,3,18,土,かき計,43500,1740,336
2023,3,18,土,びわ,43900,933,4568
2023,3,18,土,おうとう,44800,105,13440
2023,3,18,土,いちご,46100,499265,1357
2023,3,18,土,メロン計,47000,25928,1562
2023,3,18,土,すいか,48100,23046,521
2023,3,18,土,キウイフルツ,49300,79889,570
2023,3,18,土,バナナ,50100,389363,217
2023,3,18,土,パイナップル,50300,93370,228
2023,3,18,土,レモン,50400,40809,390
2023,3,18,土,オレンジ,50600,56560,364
2023,3,18,土,輸入キウイ,50800,542,572
2023,3,18,土,輸入メロン,50850,14327,336
2023,3,20,月,みかん,40100,127333,462
2023,3,20,月,はっさく,41321,137734,228
2023,3,20,月,りんご計,42000,952776,301
2023,3,20,月,かき計,43500,5089,317
2023,3,20,月,びわ,43900,1872,4103
2023,3,20,月,おうとう,44800,92,15033
2023,3,20,月,ぶどう計,45000,10,1555
2023,3,20,月,いちご,46100,741467,1317
2023,3,20,月,メロン計,47000,27556,1571
2023,3,20,月,すいか,48100,57709,456
2023,3,20,月,キウイフルツ,49300,111106,578
2023,3,20,月,バナナ,50100,541230,217
2023,3,20,月,パイナップル,50300,86603,227
2023,3,20,月,レモン,50400,32712,403
2023,3,20,月,オレンジ,50600,43133,371
2023,3,20,月,輸入キウイ,50800,1502,786
2023,3,20,月,輸入メロン,50850,5453,347
2023,3,21,火,はっさく,41321,150,146
2023,3,21,火,りんご計,42000,5470,362
2023,3,21,火,びわ,43900,30,940
2023,3,21,火,いちご,46100,732,1347
2023,3,21,火,すいか,48100,424,314
2023,3,21,火,キウイフルツ,49300,544,676
2023,3,21,火,バナナ,50100,6635,248
2023,3,21,火,パイナップル,50300,3950,246
2023,3,21,火,レモン,50400,688,637
2023,3,21,火,オレンジ,50600,1394,403
2023,3,21,火,輸入メロン,50850,10,540
2023,3,22,水,みかん,40100,43664,347
2023,3,22,水,はっさく,41321,109829,229
2023,3,22,水,りんご計,42000,619048,305
2023,3,22,水,日本なし計,43000,50,432
2023,3,22,水,かき計,43500,1480,263
2023,3,22,水,びわ,43900,707,3980
2023,3,22,水,おうとう,44800,146,10568
2023,3,22,水,いちご,46100,661432,1288
2023,3,22,水,メロン計,47000,25037,1553
2023,3,22,水,すいか,48100,64919,410
2023,3,22,水,キウイフルツ,49300,70531,569
2023,3,22,水,バナナ,50100,434448,211
2023,3,22,水,パイナップル,50300,95051,219
2023,3,22,水,レモン,50400,27097,421
2023,3,22,水,オレンジ,50600,35562,362
2023,3,22,水,輸入キウイ,50800,358,586
2023,3,22,水,輸入メロン,50850,5865,325
2023,3,23,木,みかん,40100,64925,477
2023,3,23,木,はっさく,41321,83109,219
2023,3,23,木,りんご計,42000,735792,317
2023,3,23,木,かき計,43500,1195,435
2023,3,23,木,びわ,43900,1815,3861
2023,3,23,木,おうとう,44800,122,10890
2023,3,23,木,いちご,46100,467742,1279
2023,3,23,木,メロン計,47000,26161,1419
2023,3,23,木,すいか,48100,36915,484
2023,3,23,木,キウイフルツ,49300,87375,569
2023,3,23,木,バナナ,50100,320892,220
2023,3,23,木,パイナップル,50300,86812,240
2023,3,23,木,レモン,50400,28923,412
2023,3,23,木,オレンジ,50600,37427,394
2023,3,23,木,輸入キウイ,50800,161,593
2023,3,23,木,輸入メロン,50850,5091,263
2023,3,24,金,みかん,40100,51089,405
2023,3,24,金,はっさく,41321,79337,227
2023,3,24,金,りんご計,42000,652194,316
2023,3,24,金,かき計,43500,1538,414
2023,3,24,金,びわ,43900,1188,3493
2023,3,24,金,おうとう,44800,126,11518
2023,3,24,金,いちご,46100,425309,1265
2023,3,24,金,メロン計,47000,23184,1374
2023,3,24,金,すいか,48100,61113,394
2023,3,24,金,キウイフルツ,49300,94722,554
2023,3,24,金,バナナ,50100,451485,193
2023,3,24,金,パイナップル,50300,92425,228
2023,3,24,金,レモン,50400,25738,425
2023,3,24,金,オレンジ,50600,53844,369
2023,3,24,金,輸入キウイ,50800,189,675
2023,3,24,金,輸入メロン,50850,7523,301
2023,3,25,土,みかん,40100,53186,502
2023,3,25,土,はっさく,41321,58630,219
2023,3,25,土,りんご計,42000,684429,301
2023,3,25,土,かき計,43500,2657,316
2023,3,25,土,びわ,43900,1336,3178
2023,3,25,土,おうとう,44800,96,11301
2023,3,25,土,いちご,46100,475061,1268
2023,3,25,土,メロン計,47000,27663,1236
2023,3,25,土,すいか,48100,49178,447
2023,3,25,土,キウイフルツ,49300,61685,561
2023,3,25,土,バナナ,50100,456015,211
2023,3,25,土,パイナップル,50300,101032,235
2023,3,25,土,レモン,50400,40129,380
2023,3,25,土,オレンジ,50600,54467,338
2023,3,25,土,輸入キウイ,50800,504,669
2023,3,25,土,輸入メロン,50850,6940,320
2023,3,27,月,みかん,40100,24319,507
2023,3,27,月,はっさく,41321,65377,241
2023,3,27,月,りんご計,42000,724630,300
2023,3,27,月,かき計,43500,1195,458
2023,3,27,月,びわ,43900,2902,3195
2023,3,27,月,おうとう,44800,167,11306
2023,3,27,月,いちご,46100,768301,1208
2023,3,27,月,メロン計,47000,31167,1304
2023,3,27,月,すいか,48100,94758,379
2023,3,27,月,キウイフルツ,49300,110143,552
2023,3,27,月,バナナ,50100,461484,218
2023,3,27,月,パイナップル,50300,85048,237
2023,3,27,月,レモン,50400,48256,394
2023,3,27,月,オレンジ,50600,26788,393
2023,3,27,月,輸入キウイ,50800,3415,719
2023,3,27,月,輸入メロン,50850,6349,352
2023,3,28,火,みかん,40100,25219,320
2023,3,28,火,はっさく,41321,104927,216
2023,3,28,火,りんご計,42000,609944,311
2023,3,28,火,日本なし計,43000,25,432
2023,3,28,火,かき計,43500,1450,325
2023,3,28,火,びわ,43900,1968,3094
2023,3,28,火,おうとう,44800,184,11457
2023,3,28,火,ぶどう計,45000,770,2971
2023,3,28,火,いちご,46100,438808,1209
2023,3,28,火,メロン計,47000,20457,1416
2023,3,28,火,すいか,48100,70697,380
2023,3,28,火,キウイフルツ,49300,86716,547
2023,3,28,火,バナナ,50100,376916,206
2023,3,28,火,パイナップル,50300,96653,225
2023,3,28,火,レモン,50400,31322,406
2023,3,28,火,オレンジ,50600,52039,371
2023,3,28,火,輸入キウイ,50800,1224,652
2023,3,28,火,輸入メロン,50850,11281,286
2023,3,30,木,みかん,40100,24436,303
2023,3,30,木,はっさく,41321,76483,233
2023,3,30,木,りんご計,42000,911610,309
2023,3,30,木,かき計,43500,2250,336
2023,3,30,木,びわ,43900,4215,2776
2023,3,30,木,おうとう,44800,288,11153
2023,3,30,木,いちご,46100,697886,1173
2023,3,30,木,メロン計,47000,34688,1261
2023,3,30,木,すいか,48100,122682,389
2023,3,30,木,キウイフルツ,49300,68381,579
2023,3,30,木,バナナ,50100,512030,216
2023,3,30,木,パイナップル,50300,124412,239
2023,3,30,木,レモン,50400,43800,403
2023,3,30,木,オレンジ,50600,67182,369
2023,3,30,木,輸入キウイ,50800,242,609
2023,3,30,木,輸入メロン,50850,11427,321
2023,3,31,金,みかん,40100,24944,331
2023,3,31,金,はっさく,41321,47837,221
2023,3,31,金,りんご計,42000,550311,301
2023,3,31,金,かき計,43500,2127,186
2023,3,31,金,びわ,43900,567,2786
2023,3,31,金,おうとう,44800,353,8681
2023,3,31,金,いちご,46100,375237,1194
2023,3,31,金,メロン計,47000,19110,1462
2023,3,31,金,すいか,48100,60726,384
2023,3,31,金,キウイフルツ,49300,87057,561
2023,3,31,金,バナナ,50100,869736,204
2023,3,31,金,パイナップル,50300,130546,234
2023,3,31,金,レモン,50400,47890,394
2023,3,31,金,オレンジ,50600,62030,372
2023,3,31,金,輸入キウイ,50800,2993,677
2023,3,31,金,輸入メロン,50850,9287,359
2023,4,1,土,みかん,40100,12307,301
2023,4,1,土,はっさく,41321,70522,228
2023,4,1,土,りんご計,42000,638922,318
2023,4,1,土,かき計,43500,3152,300
2023,4,1,土,びわ,43900,4190,2503
2023,4,1,土,おうとう,44800,377,8989
2023,4,1,土,いちご,46100,397175,1196
2023,4,1,土,メロン計,47000,33605,1179
2023,4,1,土,すいか,48100,124481,389
2023,4,1,土,キウイフルツ,49300,71200,552
2023,4,1,土,バナナ,50100,324767,214
2023,4,1,土,パイナップル,50300,99187,227
2023,4,1,土,レモン,50400,17748,475
2023,4,1,土,オレンジ,50600,29691,370
2023,4,1,土,輸入キウイ,50800,1639,800
2023,4,1,土,輸入メロン,50850,4917,360
2023,4,3,月,みかん,40100,19059,493
2023,4,3,月,はっさく,41321,61009,247
2023,4,3,月,りんご計,42000,686136,315
2023,4,3,月,かき計,43500,1328,326
2023,4,3,月,びわ,43900,6499,2450
2023,4,3,月,おうとう,44800,370,10783
2023,4,3,月,いちご,46100,585734,1171
2023,4,3,月,メロン計,47000,36487,1192
2023,4,3,月,すいか,48100,141749,386
2023,4,3,月,キウイフルツ,49300,96702,555
2023,4,3,月,バナナ,50100,376694,223
2023,4,3,月,パイナップル,50300,67625,223
2023,4,3,月,レモン,50400,33144,405
2023,4,3,月,オレンジ,50600,40613,377
2023,4,3,月,輸入キウイ,50800,30,670
2023,4,3,月,輸入メロン,50850,6131,329
2023,4,4,火,みかん,40100,18020,533
2023,4,4,火,はっさく,41321,98451,229
2023,4,4,火,りんご計,42000,596066,317
2023,4,4,火,かき計,43500,910,207
2023,4,4,火,びわ,43900,1794,2300
2023,4,4,火,おうとう,44800,508,10942
2023,4,4,火,いちご,46100,374919,1177
2023,4,4,火,メロン計,47000,24978,1289
2023,4,4,火,すいか,48100,115954,388
2023,4,4,火,キウイフルツ,49300,43618,525
2023,4,4,火,バナナ,50100,324119,220
2023,4,4,火,パイナップル,50300,97132,219
2023,4,4,火,レモン,50400,28699,409
2023,4,4,火,オレンジ,50600,58111,365
2023,4,4,火,輸入キウイ,50800,25930,780
2023,4,4,火,輸入メロン,50850,8146,307
2023,4,6,木,みかん,40100,9521,393
2023,4,6,木,はっさく,41321,143449,249
2023,4,6,木,りんご計,42000,796557,325
2023,4,6,木,かき計,43500,1651,284
2023,4,6,木,びわ,43900,6598,2406
2023,4,6,木,おうとう,44800,639,10187
2023,4,6,木,いちご,46100,692357,1145
2023,4,6,木,メロン計,47000,47105,1147
2023,4,6,木,すいか,48100,183715,402
2023,4,6,木,キウイフルツ,49300,71585,560
2023,4,6,木,バナナ,50100,415797,221
2023,4,6,木,パイナップル,50300,102196,236
2023,4,6,木,レモン,50400,32508,418
2023,4,6,木,オレンジ,50600,34147,363
2023,4,6,木,輸入キウイ,50800,137190,775
2023,4,6,木,輸入メロン,50850,6339,360
2023,4,7,金,みかん,40100,5072,417
2023,4,7,金,はっさく,41321,54336,237
2023,4,7,金,りんご計,42000,535961,329
2023,4,7,金,かき計,43500,160,410
2023,4,7,金,びわ,43900,2121,2325
2023,4,7,金,おうとう,44800,627,10238
2023,4,7,金,いちご,46100,391315,1137
2023,4,7,金,メロン計,47000,32048,1200
2023,4,7,金,すいか,48100,97956,389
2023,4,7,金,キウイフルツ,49300,67344,570
2023,4,7,金,バナナ,50100,466209,189
2023,4,7,金,パイナップル,50300,98628,232
2023,4,7,金,レモン,50400,24118,435
2023,4,7,金,オレンジ,50600,53419,348
2023,4,7,金,輸入キウイ,50800,46539,731
2023,4,7,金,輸入メロン,50850,3023,365
2023,4,8,土,みかん,40100,5215,445
2023,4,8,土,はっさく,41321,75299,235
2023,4,8,土,りんご計,42000,642017,322
2023,4,8,土,かき計,43500,185,491
2023,4,8,土,びわ,43900,5191,2356
2023,4,8,土,おうとう,44800,797,9573
2023,4,8,土,いちご,46100,428538,1140
2023,4,8,土,メロン計,47000,36883,1155
2023,4,8,土,すいか,48100,83999,446
2023,4,8,土,キウイフルツ,49300,26973,568
2023,4,8,土,バナナ,50100,389906,211
2023,4,8,土,パイナップル,50300,118101,229
2023,4,8,土,レモン,50400,29122,405
2023,4,8,土,オレンジ,50600,62786,336
2023,4,8,土,輸入キウイ,50800,30769,757
2023,4,8,土,輸入メロン,50850,12322,364
2023,4,10,月,みかん,40100,6025,270
2023,4,10,月,はっさく,41321,96200,262
2023,4,10,月,りんご計,42000,725574,326
2023,4,10,月,びわ,43900,6015,2373
2023,4,10,月,おうとう,44800,927,9841
2023,4,10,月,いちご,46100,600325,1118
2023,4,10,月,メロン計,47000,51085,1066
2023,4,10,月,すいか,48100,198346,396
2023,4,10,月,キウイフルツ,49300,57591,553
2023,4,10,月,バナナ,50100,484348,215
2023,4,10,月,パイナップル,50300,66298,242
2023,4,10,月,レモン,50400,46876,403
2023,4,10,月,オレンジ,50600,48519,380
2023,4,10,月,輸入キウイ,50800,37244,760
2023,4,10,月,輸入メロン,50850,4602,365
2023,4,11,火,みかん,40100,2836,316
2023,4,11,火,はっさく,41321,81647,237
2023,4,11,火,りんご計,42000,589639,330
2023,4,11,火,びわ,43900,2555,2396
2023,4,11,火,おうとう,44800,642,10875
2023,4,11,火,いちご,46100,353160,1116
2023,4,11,火,メロン計,47000,32889,1143
2023,4,11,火,すいか,48100,155088,411
2023,4,11,火,キウイフルツ,49300,20802,602
2023,4,11,火,バナナ,50100,349614,194
2023,4,11,火,パイナップル,50300,113175,226
2023,4,11,火,レモン,50400,28144,417
2023,4,11,火,オレンジ,50600,53670,340
2023,4,11,火,輸入キウイ,50800,11332,719
2023,4,11,火,輸入メロン,50850,4346,367
2023,4,13,木,みかん,40100,4207,234
2023,4,13,木,はっさく,41321,109040,252
2023,4,13,木,りんご計,42000,812352,329
2023,4,13,木,びわ,43900,7411,2406
2023,4,13,木,もも,44100,25,16200
2023,4,13,木,おうとう,44800,877,9845
2023,4,13,木,ぶどう計,45000,6,10800
2023,4,13,木,いちご,46100,599808,1118
2023,4,13,木,メロン計,47000,63787,1026
2023,4,13,木,すいか,48100,286805,408
2023,4,13,木,キウイフルツ,49300,17780,576
2023,4,13,木,バナナ,50100,408855,226
2023,4,13,木,パイナップル,50300,105942,234
2023,4,13,木,レモン,50400,37487,417
2023,4,13,木,オレンジ,50600,61319,374
2023,4,13,木,輸入キウイ,50800,179838,780
2023,4,13,木,輸入メロン,50850,6437,342
2023,4,14,金,みかん,40100,4035,270
2023,4,14,金,はっさく,41321,37680,233
2023,4,14,金,りんご計,42000,563003,334
2023,4,14,金,日本なし計,43000,1030,227
2023,4,14,金,びわ,43900,2099,2280
2023,4,14,金,おうとう,44800,701,9760
2023,4,14,金,いちご,46100,316749,1116
2023,4,14,金,メロン計,47000,47840,1029
2023,4,14,金,すいか,48100,143366,406
2023,4,14,金,キウイフルツ,49300,76751,555
2023,4,14,金,バナナ,50100,571859,196
2023,4,14,金,パイナップル,50300,139323,219
2023,4,14,金,レモン,50400,24252,425
2023,4,14,金,オレンジ,50600,32804,369
2023,4,14,金,輸入キウイ,50800,120464,744
2023,4,14,金,輸入メロン,50850,4821,380
2023,4,15,土,みかん,40100,1130,267
2023,4,15,土,はっさく,41321,38159,249
2023,4,15,土,りんご計,42000,679837,330
2023,4,15,土,びわ,43900,6109,2306
2023,4,15,土,もも,44100,57,6645
2023,4,15,土,おうとう,44800,1083,9198
2023,4,15,土,うめ,44950,7,497
2023,4,15,土,いちご,46100,360867,1135
2023,4,15,土,メロン計,47000,68079,984
2023,4,15,土,すいか,48100,245290,414
2023,4,15,土,キウイフルツ,49300,13186,607
2023,4,15,土,バナナ,50100,431114,216
2023,4,15,土,パイナップル,50300,99953,229
2023,4,15,土,レモン,50400,37501,402
2023,4,15,土,オレンジ,50600,80545,340
2023,4,15,土,輸入キウイ,50800,80902,742
2023,4,15,土,輸入メロン,50850,6196,383
2023,4,17,月,みかん,40100,1115,289
2023,4,17,月,はっさく,41321,61929,250
2023,4,17,月,りんご計,42000,690305,333
2023,4,17,月,びわ,43900,8091,2342
2023,4,17,月,もも,44100,147,7060
2023,4,17,月,おうとう,44800,981,8664
2023,4,17,月,いちご,46100,559748,1122
2023,4,17,月,メロン計,47000,89688,912
2023,4,17,月,すいか,48100,446225,384
2023,4,17,月,キウイフルツ,49300,26560,564
2023,4,17,月,バナナ,50100,442974,218
2023,4,17,月,パイナップル,50300,87610,237
2023,4,17,月,レモン,50400,50302,406
2023,4,17,月,オレンジ,50600,45834,365
2023,4,17,月,輸入キウイ,50800,101984,747
2023,4,17,月,輸入メロン,50850,2734,339
2023,4,18,火,みかん,40100,990,268
2023,4,18,火,はっさく,41321,64124,245
2023,4,18,火,りんご計,42000,592471,340
2023,4,18,火,びわ,43900,4176,2535
2023,4,18,火,おうとう,44800,1142,8518
2023,4,18,火,いちご,46100,309209,1144
2023,4,18,火,メロン計,47000,63423,939
2023,4,18,火,すいか,48100,130175,408
2023,4,18,火,キウイフルツ,49300,9293,574
2023,4,18,火,バナナ,50100,400999,211
2023,4,18,火,パイナップル,50300,87291,230
2023,4,18,火,レモン,50400,36225,432
2023,4,18,火,オレンジ,50600,70367,338
2023,4,18,火,輸入キウイ,50800,53948,767
2023,4,18,火,輸入メロン,50850,6988,372
2023,4,20,木,みかん,40100,4579,1854
2023,4,20,木,はっさく,41321,62611,246
2023,4,20,木,りんご計,42000,778674,342
2023,4,20,木,びわ,43900,9935,2389
2023,4,20,木,もも,44100,321,7082
2023,4,20,木,おうとう,44800,1149,8737
2023,4,20,木,ぶどう計,45000,150,6108
2023,4,20,木,いちご,46100,564406,1128
2023,4,20,木,メロン計,47000,110683,859
2023,4,20,木,すいか,48100,502008,378
2023,4,20,木,キウイフルツ,49300,12667,628
2023,4,20,木,バナナ,50100,431661,223
2023,4,20,木,パイナップル,50300,142110,221
2023,4,20,木,レモン,50400,28561,419
2023,4,20,木,オレンジ,50600,50253,345
2023,4,20,木,輸入キウイ,50800,140895,733
2023,4,20,木,輸入メロン,50850,7366,362
2023,4,21,金,みかん,40100,1834,864
2023,4,21,金,はっさく,41321,39633,218
2023,4,21,金,りんご計,42000,558609,341
2023,4,21,金,びわ,43900,2872,2395
2023,4,21,金,もも,44100,4,4860
2023,4,21,金,おうとう,44800,1604,8046
2023,4,21,金,いちご,46100,307645,1125
2023,4,21,金,メロン計,47000,91782,839
2023,4,21,金,すいか,48100,334886,359
2023,4,21,金,キウイフルツ,49300,38035,568
2023,4,21,金,バナナ,50100,484508,194
2023,4,21,金,パイナップル,50300,110732,220
2023,4,21,金,レモン,50400,28874,436
2023,4,21,金,オレンジ,50600,62076,338
2023,4,21,金,輸入キウイ,50800,122357,739
2023,4,21,金,輸入メロン,50850,3077,384
2023,4,22,土,みかん,40100,3430,491
2023,4,22,土,はっさく,41321,22052,261
2023,4,22,土,りんご計,42000,603022,354
2023,4,22,土,びわ,43900,5774,2338
2023,4,22,土,もも,44100,250,5506
2023,4,22,土,おうとう,44800,1675,7906
2023,4,22,土,うめ,44950,10,464
2023,4,22,土,ぶどう計,45000,163,5211
2023,4,22,土,いちご,46100,366569,1110
2023,4,22,土,メロン計,47000,99464,815
2023,4,22,土,すいか,48100,304801,377
2023,4,22,土,キウイフルツ,49300,21017,559
2023,4,22,土,バナナ,50100,413538,215
2023,4,22,土,パイナップル,50300,118953,233
2023,4,22,土,レモン,50400,41288,404
2023,4,22,土,オレンジ,50600,58213,324
2023,4,22,土,輸入キウイ,50800,117802,729
2023,4,22,土,輸入メロン,50850,8016,330
2023,4,24,月,みかん,40100,7206,1762
2023,4,24,月,はっさく,41321,61416,238
2023,4,24,月,りんご計,42000,685223,351
2023,4,24,月,びわ,43900,10533,2356
2023,4,24,月,もも,44100,377,5790
2023,4,24,月,おうとう,44800,1361,7710
2023,4,24,月,ぶどう計,45000,731,7875
2023,4,24,月,いちご,46100,568808,1090
2023,4,24,月,メロン計,47000,161030,753
2023,4,24,月,すいか,48100,505224,360
2023,4,24,月,キウイフルツ,49300,7921,526
2023,4,24,月,バナナ,50100,497010,217
2023,4,24,月,パイナップル,50300,102537,226
2023,4,24,月,レモン,50400,33245,424
2023,4,24,月,オレンジ,50600,34005,379
2023,4,24,月,輸入キウイ,50800,53993,750
2023,4,24,月,輸入メロン,50850,4670,362
2023,4,25,火,みかん,40100,1888,1301
2023,4,25,火,はっさく,41321,24229,244
2023,4,25,火,りんご計,42000,574712,350
2023,4,25,火,びわ,43900,3527,2287
2023,4,25,火,もも,44100,55,1912
2023,4,25,火,おうとう,44800,1974,7490
2023,4,25,火,ぶどう計,45000,618,7282
2023,4,25,火,いちご,46100,336569,1065
2023,4,25,火,メロン計,47000,120678,793
2023,4,25,火,すいか,48100,312756,366
2023,4,25,火,キウイフルツ,49300,35920,520
2023,4,25,火,バナナ,50100,328824,216
2023,4,25,火,パイナップル,50300,110107,221
2023,4,25,火,レモン,50400,40518,424
2023,4,25,火,オレンジ,50600,54205,360
2023,4,25,火,輸入キウイ,50800,158906,752
2023,4,25,火,輸入メロン,50850,4855,370
2023,4,26,水,みかん,40100,10,2765
2023,4,26,水,りんご計,42000,10142,362
2023,4,26,水,びわ,43900,106,2777
2023,4,26,水,おうとう,44800,8,8570
2023,4,26,水,いちご,46100,6960,1447
2023,4,26,水,メロン計,47000,1693,720
2023,4,26,水,すいか,48100,1251,504
2023,4,26,水,キウイフルツ,49300,11,825
2023,4,26,水,バナナ,50100,16030,241
2023,4,26,水,パイナップル,50300,1300,278
2023,4,26,水,レモン,50400,564,439
2023,4,26,水,オレンジ,50600,4624,356
2023,4,26,水,輸入キウイ,50800,19,871
2023,4,27,木,みかん,40100,4372,1652
2023,4,27,木,はっさく,41321,28270,215
2023,4,27,木,りんご計,42000,849153,361
2023,4,27,木,びわ,43900,11707,2267
2023,4,27,木,もも,44100,658,5506
2023,4,27,木,おうとう,44800,2121,7754
2023,4,27,木,うめ,44950,9,421
2023,4,27,木,ぶどう計,45000,2282,5296
2023,4,27,木,いちご,46100,494553,1081
2023,4,27,木,メロン計,47000,200024,757
2023,4,27,木,すいか,48100,556226,358
2023,4,27,木,キウイフルツ,49300,16762,562
2023,4,27,木,バナナ,50100,496133,223
2023,4,27,木,パイナップル,50300,147879,236
2023,4,27,木,レモン,50400,48714,437
2023,4,27,木,オレンジ,50600,74064,354
2023,4,27,木,輸入キウイ,50800,123950,741
2023,4,27,木,輸入メロン,50850,11704,372
2023,4,28,金,みかん,40100,2964,731
2023,4,28,金,はっさく,41321,20882,220
2023,4,28,金,りんご計,42000,777076,349
2023,4,28,金,びわ,43900,4672,2297
2023,4,28,金,もも,44100,652,5176
2023,4,28,金,おうとう,44800,2669,7369
2023,4,28,金,ぶどう計,45000,1533,6195
2023,4,28,金,いちご,46100,256016,1090
2023,4,28,金,メロン計,47000,155475,754
2023,4,28,金,すいか,48100,511663,351
2023,4,28,金,キウイフルツ,49300,11289,446
2023,4,28,金,バナナ,50100,822595,208
2023,4,28,金,パイナップル,50300,203668,238
2023,4,28,金,レモン,50400,63799,406
2023,4,28,金,オレンジ,50600,115225,346
2023,4,28,金,輸入キウイ,50800,92776,802
2023,4,28,金,輸入メロン,50850,9669,409
2023,4,29,土,りんご計,42000,5290,324
2023,4,29,土,うめ,44950,18,270
2023,4,29,土,いちご,46100,840,1411
2023,4,29,土,メロン計,47000,448,533
2023,4,29,土,すいか,48100,2197,244
2023,4,29,土,バナナ,50100,7611,251
2023,4,29,土,パイナップル,50300,5280,267
2023,4,29,土,レモン,50400,603,511
2023,4,29,土,オレンジ,50600,1003,431
2023,4,29,土,輸入キウイ,50800,456,693
2023,4,29,土,輸入メロン,50850,40,464
2023,5,1,月,みかん,40100,8876,1881
2023,5,1,月,はっさく,41321,21432,239
2023,5,1,月,りんご計,42000,853167,372
2023,5,1,月,びわ,43900,16258,2132
2023,5,1,月,もも,44100,1329,4777
2023,5,1,月,おうとう,44800,4667,7294
2023,5,1,月,うめ,44950,86,595
2023,5,1,月,ぶどう計,45000,3610,4865
2023,5,1,月,いちご,46100,636657,1073
2023,5,1,月,メロン計,47000,348461,719
2023,5,1,月,すいか,48100,863080,354
2023,5,1,月,キウイフルツ,49300,2989,617
2023,5,1,月,バナナ,50100,658687,217
2023,5,1,月,パイナップル,50300,148558,224
2023,5,1,月,レモン,50400,41964,438
2023,5,1,月,オレンジ,50600,66920,348
2023,5,1,月,輸入キウイ,50800,194476,722
2023,5,1,月,輸入メロン,50850,8438,372
2023,5,2,火,みかん,40100,3430,951
2023,5,2,火,はっさく,41321,11356,209
2023,5,2,火,りんご計,42000,674223,370
2023,5,2,火,びわ,43900,5899,2240
2023,5,2,火,もも,44100,1568,4538
2023,5,2,火,おうとう,44800,2821,7431
2023,5,2,火,ぶどう計,45000,3337,5088
2023,5,2,火,いちご,46100,262866,1091
2023,5,2,火,メロン計,47000,204581,735
2023,5,2,火,すいか,48100,441097,355
2023,5,2,火,キウイフルツ,49300,12778,663
2023,5,2,火,バナナ,50100,399706,210
2023,5,2,火,パイナップル,50300,160969,227
2023,5,2,火,レモン,50400,49508,445
2023,5,2,火,オレンジ,50600,68843,358
2023,5,2,火,輸入キウイ,50800,172162,730
2023,5,2,火,輸入メロン,50850,9726,368
2023,5,5,金,りんご計,42000,2750,430
2023,5,5,金,うめ,44950,25,346
2023,5,5,金,いちご,46100,60,1602
2023,5,5,金,メロン計,47000,47,758
2023,5,5,金,すいか,48100,2076,305
2023,5,5,金,バナナ,50100,8968,249
2023,5,5,金,パイナップル,50300,6580,262
2023,5,5,金,レモン,50400,2502,461
2023,5,5,金,オレンジ,50600,1933,378
2023,5,5,金,輸入キウイ,50800,680,699
2023,5,5,金,輸入メロン,50850,40,464
2023,5,6,土,みかん,40100,13418,1964
2023,5,6,土,はっさく,41321,15140,247
2023,5,6,土,りんご計,42000,566765,379
2023,5,6,土,びわ,43900,17843,1958
2023,5,6,土,もも,44100,5084,4222
2023,5,6,土,おうとう,44800,6419,6978
2023,5,6,土,うめ,44950,1343,547
2023,5,6,土,ぶどう計,45000,5654,4587
2023,5,6,土,いちご,46100,772329,1071
2023,5,6,土,メロン計,47000,514960,681
2023,5,6,土,すいか,48100,1056862,355
2023,5,6,土,キウイフルツ,49300,5035,524
2023,5,6,土,バナナ,50100,963105,214
2023,5,6,土,パイナップル,50300,221862,226
2023,5,6,土,レモン,50400,53069,417
2023,5,6,土,オレンジ,50600,134860,342
2023,5,6,土,輸入おうとう,50700,66,3076
2023,5,6,土,輸入キウイ,50800,163034,707
2023,5,6,土,輸入メロン,50850,7429,390
2023,5,8,月,みかん,40100,11279,2085
2023,5,8,月,はっさく,41321,21660,241
2023,5,8,月,りんご計,42000,493002,402
2023,5,8,月,びわ,43900,11440,1979
2023,5,8,月,もも,44100,4307,4361
2023,5,8,月,すもも,44700,64,1403
2023,5,8,月,おうとう,44800,3311,7263
2023,5,8,月,うめ,44950,2801,578
2023,5,8,月,ぶどう計,45000,5948,4536
2023,5,8,月,いちご,46100,384299,1075
2023,5,8,月,メロン計,47000,356500,658
2023,5,8,月,すいか,48100,637456,353
2023,5,8,月,キウイフルツ,49300,8627,356
2023,5,8,月,バナナ,50100,656161,216
2023,5,8,月,パイナップル,50300,127411,243
2023,5,8,月,レモン,50400,37233,427
2023,5,8,月,オレンジ,50600,51349,357
2023,5,8,月,輸入おうとう,50700,146,3314
2023,5,8,月,輸入キウイ,50800,176089,688
2023,5,8,月,輸入メロン,50850,10430,372
2023,5,9,火,みかん,40100,8031,1781
2023,5,9,火,はっさく,41321,6948,249
2023,5,9,火,りんご計,42000,370041,416
2023,5,9,火,びわ,43900,3060,2099
2023,5,9,火,もも,44100,4369,4047
2023,5,9,火,おうとう,44800,2440,8317
2023,5,9,火,うめ,44950,4027,704
2023,5,9,火,ぶどう計,45000,2695,5121
2023,5,9,火,いちご,46100,227385,1062
2023,5,9,火,メロン計,47000,209209,703
2023,5,9,火,すいか,48100,369435,353
2023,5,9,火,キウイフルツ,49300,4011,281
2023,5,9,火,バナナ,50100,457678,215
2023,5,9,火,パイナップル,50300,110018,236
2023,5,9,火,レモン,50400,36104,419
2023,5,9,火,オレンジ,50600,79649,353
2023,5,9,火,輸入おうとう,50700,109,2526
2023,5,9,火,輸入キウイ,50800,69764,685
2023,5,9,火,輸入メロン,50850,4447,364
2023,5,11,木,みかん,40100,18268,2096
2023,5,11,木,はっさく,41321,7017,225
2023,5,11,木,りんご計,42000,581198,424
2023,5,11,木,びわ,43900,7911,1999
2023,5,11,木,もも,44100,5491,3791
2023,5,11,木,すもも,44700,207,1358
2023,5,11,木,おうとう,44800,4131,8509
2023,5,11,木,うめ,44950,8845,627
2023,5,11,木,ぶどう計,45000,8054,4434
2023,5,11,木,いちご,46100,302705,1063
2023,5,11,木,メロン計,47000,297594,666
2023,5,11,木,すいか,48100,608252,358
2023,5,11,木,キウイフルツ,49300,1422,524
2023,5,11,木,バナナ,50100,593670,217
2023,5,11,木,パイナップル,50300,121465,237
2023,5,11,木,レモン,50400,40383,449
2023,5,11,木,オレンジ,50600,53958,353
2023,5,11,木,輸入おうとう,50700,57,3126
2023,5,11,木,輸入キウイ,50800,218802,708
2023,5,11,木,輸入メロン,50850,7325,398
2023,5,12,金,みかん,40100,8086,1725
2023,5,12,金,はっさく,41321,4674,228
2023,5,12,金,りんご計,42000,466938,427
2023,5,12,金,びわ,43900,1689,2078
2023,5,12,金,もも,44100,2423,4166
2023,5,12,金,すもも,44700,169,1307
2023,5,12,金,おうとう,44800,2488,8214
2023,5,12,金,うめ,44950,17521,605
2023,5,12,金,ぶどう計,45000,4785,4302
2023,5,12,金,いちご,46100,170113,1068
2023,5,12,金,メロン計,47000,257877,678
2023,5,12,金,すいか,48100,455585,348
2023,5,12,金,キウイフルツ,49300,2241,440
2023,5,12,金,バナナ,50100,501219,191
2023,5,12,金,パイナップル,50300,131162,226
2023,5,12,金,レモン,50400,32032,421
2023,5,12,金,オレンジ,50600,45880,357
2023,5,12,金,輸入おうとう,50700,692,3022
2023,5,12,金,輸入キウイ,50800,63115,721
2023,5,12,金,輸入メロン,50850,4988,383
2023,5,13,土,みかん,40100,13518,1979
2023,5,13,土,はっさく,41321,2634,267
2023,5,13,土,りんご計,42000,438319,440
2023,5,13,土,びわ,43900,3764,2088
2023,5,13,土,もも,44100,4604,3956
2023,5,13,土,すもも,44700,410,1318
2023,5,13,土,おうとう,44800,3006,8199
2023,5,13,土,うめ,44950,21478,525
2023,5,13,土,ぶどう計,45000,7632,4434
2023,5,13,土,いちご,46100,188634,1082
2023,5,13,土,メロン計,47000,241816,667
2023,5,13,土,すいか,48100,433556,352
2023,5,13,土,キウイフルツ,49300,311,400
2023,5,13,土,バナナ,50100,446150,219
2023,5,13,土,パイナップル,50300,142005,241
2023,5,13,土,レモン,50400,37896,393
2023,5,13,土,オレンジ,50600,72953,338
2023,5,13,土,輸入おうとう,50700,1465,2985
2023,5,13,土,輸入キウイ,50800,115466,685
2023,5,13,土,輸入メロン,50850,9619,398
2023,5,15,月,みかん,40100,18965,1902
2023,5,15,月,はっさく,41321,3298,233
2023,5,15,月,りんご計,42000,553353,436
2023,5,15,月,びわ,43900,6087,1969
2023,5,15,月,もも,44100,5143,3904
2023,5,15,月,すもも,44700,362,1429
2023,5,15,月,おうとう,44800,3377,6911
2023,5,15,月,うめ,44950,25481,619
2023,5,15,月,ぶどう計,45000,9352,4286
2023,5,15,月,いちご,46100,278098,1052
2023,5,15,月,メロン計,47000,382235,617
2023,5,15,月,すいか,48100,812465,338
2023,5,15,月,キウイフルツ,49300,486,762
2023,5,15,月,バナナ,50100,545036,219
2023,5,15,月,パイナップル,50300,94142,249
2023,5,15,月,レモン,50400,29379,443
2023,5,15,月,オレンジ,50600,74651,343
2023,5,15,月,輸入おうとう,50700,2913,2583
2023,5,15,月,輸入キウイ,50800,116457,677
2023,5,15,月,輸入メロン,50850,7122,427
2023,5,16,火,みかん,40100,14688,1867
2023,5,16,火,はっさく,41321,110,324
2023,5,16,火,りんご計,42000,356710,457
2023,5,16,火,びわ,43900,2235,2065
2023,5,16,火,もも,44100,4943,3692
2023,5,16,火,すもも,44700,237,1407
2023,5,16,火,おうとう,44800,3846,6376
2023,5,16,火,うめ,44950,27475,642
2023,5,16,火,ぶどう計,45000,7163,3764
2023,5,16,火,いちご,46100,156755,1068
2023,5,16,火,メロン計,47000,213356,632
2023,5,16,火,すいか,48100,417367,336
2023,5,16,火,キウイフルツ,49300,104,709
2023,5,16,火,バナナ,50100,379678,208
2023,5,16,火,パイナップル,50300,104588,238
2023,5,16,火,レモン,50400,41801,411
2023,5,16,火,オレンジ,50600,63256,356
2023,5,16,火,輸入おうとう,50700,2008,2738
2023,5,16,火,輸入キウイ,50800,52236,688
2023,5,16,火,輸入メロン,50850,3943,395
2023,5,18,木,みかん,40100,28289,1830
2023,5,18,木,はっさく,41321,2280,241
2023,5,18,木,りんご計,42000,505183,438
2023,5,18,木,びわ,43900,8350,1966
2023,5,18,木,もも,44100,6364,3343
2023,5,18,木,すもも,44700,461,1515
2023,5,18,木,おうとう,44800,4133,6612
2023,5,18,木,うめ,44950,40861,614
2023,5,18,木,ぶどう計,45000,14266,3830
2023,5,18,木,いちご,46100,286029,1054
2023,5,18,木,メロン計,47000,384943,589
2023,5,18,木,すいか,48100,776896,328
2023,5,18,木,キウイフルツ,49300,137,436
2023,5,18,木,バナナ,50100,432579,229
2023,5,18,木,パイナップル,50300,131002,243
2023,5,18,木,レモン,50400,45892,411
2023,5,18,木,オレンジ,50600,52636,356
2023,5,18,木,輸入おうとう,50700,1673,2557
2023,5,18,木,輸入キウイ,50800,120205,697
2023,5,18,木,輸入メロン,50850,3759,351
2023,5,19,金,みかん,40100,12582,1756
2023,5,19,金,りんご計,42000,384907,443
2023,5,19,金,びわ,43900,2063,2083
2023,5,19,金,もも,44100,3483,3602
2023,5,19,金,すもも,44700,338,1461
2023,5,19,金,おうとう,44800,3643,6414
2023,5,19,金,うめ,44950,48589,620
2023,5,19,金,ぶどう計,45000,10036,3485
2023,5,19,金,いちご,46100,156694,1058
2023,5,19,金,メロン計,47000,268481,588
2023,5,19,金,すいか,48100,517659,322
2023,5,19,金,キウイフルツ,49300,1065,493
2023,5,19,金,バナナ,50100,476006,204
2023,5,19,金,パイナップル,50300,127989,241
2023,5,19,金,レモン,50400,31180,434
2023,5,19,金,オレンジ,50600,51949,348
2023,5,19,金,輸入おうとう,50700,2510,2617
2023,5,19,金,輸入キウイ,50800,116000,681
2023,5,19,金,輸入メロン,50850,2607,383
2023,5,20,土,みかん,40100,32194,1635
2023,5,20,土,はっさく,41321,1266,184
2023,5,20,土,りんご計,42000,417999,440
2023,5,20,土,びわ,43900,9441,1895
2023,5,20,土,もも,44100,5709,3217
2023,5,20,土,すもも,44700,589,1725
2023,5,20,土,おうとう,44800,3808,5929
2023,5,20,土,うめ,44950,49072,603
2023,5,20,土,ぶどう計,45000,16083,3704
2023,5,20,土,いちご,46100,193846,1050
2023,5,20,土,メロン計,47000,291946,574
2023,5,20,土,すいか,48100,655738,320
2023,5,20,土,キウイフルツ,49300,54,780
2023,5,20,土,バナナ,50100,476576,204
2023,5,20,土,パイナップル,50300,100612,242
2023,5,20,土,レモン,50400,47009,384
2023,5,20,土,オレンジ,50600,92252,319
2023,5,20,土,輸入おうとう,50700,3189,2576
2023,5,20,土,輸入キウイ,50800,89195,662
2023,5,20,土,輸入メロン,50850,6377,423
2023,5,22,月,みかん,40100,32371,1581
2023,5,22,月,りんご計,42000,506744,436
2023,5,22,月,びわ,43900,11291,1889
2023,5,22,月,もも,44100,7040,2927
2023,5,22,月,すもも,44700,1948,1665
2023,5,22,月,おうとう,44800,3893,5633
2023,5,22,月,うめ,44950,59955,628
2023,5,22,月,ぶどう計,45000,17929,3342
2023,5,22,月,いちご,46100,257995,1012
2023,5,22,月,メロン計,47000,409781,554
2023,5,22,月,すいか,48100,755664,310
2023,5,22,月,キウイフルツ,49300,107,261
2023,5,22,月,バナナ,50100,528799,221
2023,5,22,月,パイナップル,50300,97919,242
2023,5,22,月,レモン,50400,29743,408
2023,5,22,月,オレンジ,50600,65272,358
2023,5,22,月,輸入おうとう,50700,3700,2309
2023,5,22,月,輸入キウイ,50800,187463,645
2023,5,22,月,輸入メロン,50850,4198,363
2023,5,23,火,みかん,40100,27050,1633
2023,5,23,火,はっさく,41321,410,275
2023,5,23,火,りんご計,42000,438470,450
2023,5,23,火,びわ,43900,3687,2086
2023,5,23,火,もも,44100,6670,2790
2023,5,23,火,すもも,44700,4008,1542
2023,5,23,火,おうとう,44800,4349,5238
2023,5,23,火,うめ,44950,87872,583
2023,5,23,火,ぶどう計,45000,15948,2843
2023,5,23,火,いちご,46100,143750,1012
2023,5,23,火,メロン計,47000,259512,563
2023,5,23,火,すいか,48100,501873,310
2023,5,23,火,バナナ,50100,378650,216
2023,5,23,火,パイナップル,50300,97937,225
2023,5,23,火,レモン,50400,38219,419
2023,5,23,火,オレンジ,50600,90076,324
2023,5,23,火,輸入おうとう,50700,3451,2243
2023,5,23,火,輸入キウイ,50800,113904,655
2023,5,23,火,輸入メロン,50850,3163,421
2023,5,25,木,みかん,40100,51377,1440
2023,5,25,木,はっさく,41321,1710,278
2023,5,25,木,りんご計,42000,485919,446
2023,5,25,木,びわ,43900,22171,1767
2023,5,25,木,もも,44100,9532,2662
2023,5,25,木,すもも,44700,6237,1478
2023,5,25,木,おうとう,44800,5224,5252
2023,5,25,木,うめ,44950,73247,581
2023,5,25,木,ぶどう計,45000,24583,3114
2023,5,25,木,いちご,46100,251727,994
2023,5,25,木,メロン計,47000,385761,549
2023,5,25,木,すいか,48100,942014,297
2023,5,25,木,キウイフルツ,49300,468,339
2023,5,25,木,バナナ,50100,420136,222
2023,5,25,木,パイナップル,50300,103578,240
2023,5,25,木,レモン,50400,32756,431
2023,5,25,木,オレンジ,50600,53507,358
2023,5,25,木,輸入おうとう,50700,5380,1758
2023,5,25,木,輸入キウイ,50800,103849,619
2023,5,25,木,輸入メロン,50850,2523,337
2023,5,26,金,みかん,40100,14693,1552
2023,5,26,金,りんご計,42000,349888,446
2023,5,26,金,びわ,43900,5451,1806
2023,5,26,金,もも,44100,5908,2479
2023,5,26,金,すもも,44700,4370,1382
2023,5,26,金,おうとう,44800,5346,5146
2023,5,26,金,うめ,44950,145269,557
2023,5,26,金,ぶどう計,45000,18572,2644
2023,5,26,金,いちご,46100,122040,999
2023,5,26,金,メロン計,47000,304156,550
2023,5,26,金,すいか,48100,444835,303
2023,5,26,金,キウイフルツ,49300,36,690
2023,5,26,金,バナナ,50100,572718,199
2023,5,26,金,パイナップル,50300,124877,236
2023,5,26,金,レモン,50400,21877,451
2023,5,26,金,オレンジ,50600,55673,357
2023,5,26,金,輸入おうとう,50700,7444,1897
2023,5,26,金,輸入キウイ,50800,154270,649
2023,5,26,金,輸入メロン,50850,3698,393
2023,5,27,土,みかん,40100,51398,1357
2023,5,27,土,はっさく,41321,300,277
2023,5,27,土,りんご計,42000,410424,445
2023,5,27,土,びわ,43900,15340,1702
2023,5,27,土,もも,44100,8537,2389
2023,5,27,土,すもも,44700,10615,1354
2023,5,27,土,おうとう,44800,5515,4640
2023,5,27,土,うめ,44950,159215,543
2023,5,27,土,ぶどう計,45000,26002,2814
2023,5,27,土,いちご,46100,126770,998
2023,5,27,土,メロン計,47000,296459,540
2023,5,27,土,すいか,48100,737504,289
2023,5,27,土,キウイフルツ,49300,50,875
2023,5,27,土,バナナ,50100,506039,207
2023,5,27,土,パイナップル,50300,102032,236
2023,5,27,土,レモン,50400,39351,387
2023,5,27,土,オレンジ,50600,92868,327
2023,5,27,土,輸入おうとう,50700,3546,1973
2023,5,27,土,輸入キウイ,50800,115077,679
2023,5,27,土,輸入メロン,50850,2071,406
2023,5,29,月,みかん,40100,49990,1323
2023,5,29,月,はっさく,41321,1830,279
2023,5,29,月,りんご計,42000,450090,438
2023,5,29,月,びわ,43900,20551,1507
2023,5,29,月,もも,44100,9645,2338
2023,5,29,月,すもも,44700,12116,1253
2023,5,29,月,おうとう,44800,15004,3685
2023,5,29,月,うめ,44950,214911,500
2023,5,29,月,ぶどう計,45000,27582,2645
2023,5,29,月,いちご,46100,171278,1012
2023,5,29,月,メロン計,47000,406106,534
2023,5,29,月,すいか,48100,853157,286
2023,5,29,月,バナナ,50100,468921,225
2023,5,29,月,パイナップル,50300,86133,246
2023,5,29,月,レモン,50400,29304,451
2023,5,29,月,オレンジ,50600,59469,346
2023,5,29,月,輸入おうとう,50700,9752,1657
2023,5,29,月,輸入キウイ,50800,100392,663
2023,5,29,月,輸入メロン,50850,6962,303
2023,5,30,火,みかん,40100,35037,1360
2023,5,30,火,りんご計,42000,323128,459
2023,5,30,火,びわ,43900,12569,1533
2023,5,30,火,もも,44100,10388,2106
2023,5,30,火,すもも,44700,12729,1174
2023,5,30,火,おうとう,44800,18329,3013
2023,5,30,火,うめ,44950,230546,465
2023,5,30,火,ぶどう計,45000,29278,2369
2023,5,30,火,いちご,46100,109061,997
2023,5,30,火,メロン計,47000,293223,539
2023,5,30,火,すいか,48100,716272,281
2023,5,30,火,バナナ,50100,524259,225
2023,5,30,火,パイナップル,50300,116398,226
2023,5,30,火,レモン,50400,57289,413
2023,5,30,火,オレンジ,50600,102106,364
2023,5,30,火,輸入おうとう,50700,13235,1665
2023,5,30,火,輸入キウイ,50800,99552,593
2023,5,30,火,輸入メロン,50850,8347,299
2023,6,1,木,みかん,40100,69352,1231
2023,6,1,木,はっさく,41321,2280,261
2023,6,1,木,りんご計,42000,492407,442
2023,6,1,木,びわ,43900,23133,1488
2023,6,1,木,もも,44100,18598,1851
2023,6,1,木,すもも,44700,20994,1076
2023,6,1,木,おうとう,44800,43598,2536
2023,6,1,木,うめ,44950,239755,500
2023,6,1,木,ぶどう計,45000,40792,2475
2023,6,1,木,いちご,46100,172589,1018
2023,6,1,木,メロン計,47000,454541,518
2023,6,1,木,すいか,48100,1032590,272
2023,6,1,木,キウイフルツ,49300,1350,592
2023,6,1,木,バナナ,50100,406088,225
2023,6,1,木,パイナップル,50300,111617,239
2023,6,1,木,レモン,50400,33630,424
2023,6,1,木,オレンジ,50600,46485,351
2023,6,1,木,輸入おうとう,50700,5307,1802
2023,6,1,木,輸入キウイ,50800,289042,629
2023,6,1,木,輸入メロン,50850,6115,219
2023,6,2,金,みかん,40100,21039,1314
2023,6,2,金,りんご計,42000,349761,442
2023,6,2,金,びわ,43900,9277,1505
2023,6,2,金,もも,44100,14353,1698
2023,6,2,金,すもも,44700,15354,1001
2023,6,2,金,おうとう,44800,34367,2221
2023,6,2,金,うめ,44950,224868,479
2023,6,2,金,ぶどう計,45000,33274,2317
2023,6,2,金,いちご,46100,79444,1022
2023,6,2,金,メロン計,47000,304554,518
2023,6,2,金,すいか,48100,721125,269
2023,6,2,金,バナナ,50100,491656,195
2023,6,2,金,パイナップル,50300,90124,241
2023,6,2,金,レモン,50400,20223,443
2023,6,2,金,オレンジ,50600,76571,322
2023,6,2,金,輸入おうとう,50700,5659,1878
2023,6,2,金,輸入キウイ,50800,69295,622
2023,6,2,金,輸入メロン,50850,2653,319
2023,6,3,土,みかん,40100,78061,1179
2023,6,3,土,はっさく,41321,620,226
2023,6,3,土,りんご計,42000,424443,440
2023,6,3,土,びわ,43900,12278,1499
2023,6,3,土,もも,44100,19773,1519
2023,6,3,土,すもも,44700,23103,975
2023,6,3,土,おうとう,44800,39302,2138
2023,6,3,土,うめ,44950,217457,468
2023,6,3,土,ぶどう計,45000,41355,2465
2023,6,3,土,いちご,46100,66236,1081
2023,6,3,土,メロン計,47000,311088,515
2023,6,3,土,すいか,48100,755868,268
2023,6,3,土,バナナ,50100,439894,221
2023,6,3,土,パイナップル,50300,86047,237
2023,6,3,土,レモン,50400,40162,400
2023,6,3,土,オレンジ,50600,75845,311
2023,6,3,土,輸入おうとう,50700,12735,1516
2023,6,3,土,輸入キウイ,50800,262724,578
2023,6,3,土,輸入メロン,50850,2958,315
2023,6,5,月,みかん,40100,73668,1160
2023,6,5,月,はっさく,41321,1810,262
2023,6,5,月,りんご計,42000,390884,451
2023,6,5,月,びわ,43900,17447,1405
2023,6,5,月,もも,44100,22735,1588
2023,6,5,月,すもも,44700,38656,871
2023,6,5,月,おうとう,44800,66178,1990
2023,6,5,月,うめ,44950,258742,444
2023,6,5,月,ぶどう計,45000,45095,2323
2023,6,5,月,いちご,46100,80044,1120
2023,6,5,月,メロン計,47000,339422,510
2023,6,5,月,すいか,48100,815922,273
2023,6,5,月,キウイフルツ,49300,180,242
2023,6,5,月,バナナ,50100,485081,223
2023,6,5,月,パイナップル,50300,89041,228
2023,6,5,月,レモン,50400,28922,424
2023,6,5,月,オレンジ,50600,62997,358
2023,6,5,月,輸入おうとう,50700,8853,1596
2023,6,5,月,輸入キウイ,50800,149941,606
2023,6,5,月,輸入メロン,50850,4862,214
2023,6,6,火,みかん,40100,50779,1166
2023,6,6,火,りんご計,42000,306512,451
2023,6,6,火,びわ,43900,5892,1423
2023,6,6,火,もも,44100,19578,1489
2023,6,6,火,すもも,44700,56228,804
2023,6,6,火,おうとう,44800,42155,2118
2023,6,6,火,うめ,44950,254141,423
2023,6,6,火,ぶどう計,45000,39066,2067
2023,6,6,火,いちご,46100,46469,1114
2023,6,6,火,メロン計,47000,311609,506
2023,6,6,火,すいか,48100,783200,269
2023,6,6,火,バナナ,50100,353971,218
2023,6,6,火,パイナップル,50300,91527,230
2023,6,6,火,レモン,50400,46686,405
2023,6,6,火,オレンジ,50600,111902,349
2023,6,6,火,輸入おうとう,50700,7312,1746
2023,6,6,火,輸入キウイ,50800,62081,603
2023,6,6,火,輸入メロン,50850,2170,381
2023,6,8,木,みかん,40100,109023,1131
2023,6,8,木,りんご計,42000,376463,464
2023,6,8,木,びわ,43900,12679,1385
2023,6,8,木,もも,44100,28441,1371
2023,6,8,木,すもも,44700,55535,777
2023,6,8,木,おうとう,44800,56660,2365
2023,6,8,木,うめ,44950,284769,415
2023,6,8,木,ぶどう計,45000,56635,2264
2023,6,8,木,いちご,46100,66412,1187
2023,6,8,木,メロン計,47000,474144,504
2023,6,8,木,すいか,48100,1136570,255
2023,6,8,木,キウイフルツ,49300,105,679
2023,6,8,木,バナナ,50100,454261,224
2023,6,8,木,パイナップル,50300,121406,228
2023,6,8,木,レモン,50400,32583,440
2023,6,8,木,オレンジ,50600,57693,357
2023,6,8,木,輸入おうとう,50700,17305,1440
2023,6,8,木,輸入キウイ,50800,145298,645
2023,6,8,木,輸入メロン,50850,4173,346
2023,6,9,金,みかん,40100,21909,1289
2023,6,9,金,りんご計,42000,317387,453
2023,6,9,金,びわ,43900,9150,1308
2023,6,9,金,もも,44100,20360,1309
2023,6,9,金,すもも,44700,47807,757
2023,6,9,金,おうとう,44800,42109,2476
2023,6,9,金,うめ,44950,258392,423
2023,6,9,金,ぶどう計,45000,44117,2119
2023,6,9,金,いちご,46100,29743,1193
2023,6,9,金,メロン計,47000,313274,510
2023,6,9,金,すいか,48100,754939,260
2023,6,9,金,バナナ,50100,583460,198
2023,6,9,金,パイナップル,50300,100224,241
2023,6,9,金,レモン,50400,32395,425
2023,6,9,金,オレンジ,50600,43497,356
2023,6,9,金,輸入おうとう,50700,9513,1527
2023,6,9,金,輸入キウイ,50800,128666,600
2023,6,9,金,輸入メロン,50850,1289,400
2023,6,10,土,みかん,40100,102687,1095
2023,6,10,土,りんご計,42000,279846,450
2023,6,10,土,日本なし計,43000,55,2462
2023,6,10,土,びわ,43900,12008,1404
2023,6,10,土,もも,44100,23631,1220
2023,6,10,土,すもも,44700,55060,753
2023,6,10,土,おうとう,44800,42788,2513
2023,6,10,土,うめ,44950,259236,385
2023,6,10,土,ぶどう計,45000,50321,2277
2023,6,10,土,いちご,46100,33144,1223
2023,6,10,土,メロン計,47000,339919,496
2023,6,10,土,すいか,48100,891382,252
2023,6,10,土,バナナ,50100,442925,224
2023,6,10,土,パイナップル,50300,111446,233
2023,6,10,土,レモン,50400,40904,401
2023,6,10,土,オレンジ,50600,108193,323
2023,6,10,土,輸入おうとう,50700,9656,1536
2023,6,10,土,輸入キウイ,50800,151552,642
2023,6,10,土,輸入メロン,50850,1829,418
2023,6,12,月,みかん,40100,64082,1124
2023,6,12,月,りんご計,42000,395004,461
2023,6,12,月,日本なし計,43000,122,2582
2023,6,12,月,びわ,43900,10575,1338
2023,6,12,月,もも,44100,56601,1115
2023,6,12,月,すもも,44700,65455,715
2023,6,12,月,おうとう,44800,78167,2403
2023,6,12,月,うめ,44950,235763,386
2023,6,12,月,ぶどう計,45000,52074,2176
2023,6,12,月,いちご,46100,34999,1278
2023,6,12,月,メロン計,47000,417277,481
2023,6,12,月,すいか,48100,845208,251
2023,6,12,月,バナナ,50100,410527,226
2023,6,12,月,パイナップル,50300,83765,243
2023,6,12,月,レモン,50400,31474,413
2023,6,12,月,オレンジ,50600,42883,361
2023,6,12,月,輸入おうとう,50700,7773,1582
2023,6,12,月,輸入キウイ,50800,116276,637
2023,6,12,月,輸入メロン,50850,1495,382
2023,6,13,火,みかん,40100,53047,1177
2023,6,13,火,りんご計,42000,253686,473
2023,6,13,火,びわ,43900,5251,1341
2023,6,13,火,もも,44100,52083,1093
2023,6,13,火,すもも,44700,62080,707
2023,6,13,火,おうとう,44800,64354,2454
2023,6,13,火,うめ,44950,183848,382
2023,6,13,火,ぶどう計,45000,52115,1951
2023,6,13,火,いちご,46100,21844,1328
2023,6,13,火,メロン計,47000,307782,496
2023,6,13,火,すいか,48100,755343,242
2023,6,13,火,バナナ,50100,372694,218
2023,6,13,火,パイナップル,50300,82460,222
2023,6,13,火,レモン,50400,31022,419
2023,6,13,火,オレンジ,50600,62131,351
2023,6,13,火,輸入おうとう,50700,9308,1436
2023,6,13,火,輸入キウイ,50800,72165,601
2023,6,13,火,輸入メロン,50850,4045,301
2023,6,15,木,みかん,40100,104881,1114
2023,6,15,木,りんご計,42000,361648,482
2023,6,15,木,日本なし計,43000,161,2552
2023,6,15,木,びわ,43900,10311,1360
2023,6,15,木,もも,44100,107292,1004
2023,6,15,木,すもも,44700,87569,686
2023,6,15,木,おうとう,44800,94454,2430
2023,6,15,木,うめ,44950,216430,344
2023,6,15,木,ぶどう計,45000,60844,2107
2023,6,15,木,いちご,46100,26963,1412
2023,6,15,木,メロン計,47000,415581,490
2023,6,15,木,すいか,48100,1152979,246
2023,6,15,木,バナナ,50100,431697,228
2023,6,15,木,パイナップル,50300,152629,236
2023,6,15,木,レモン,50400,57058,414
2023,6,15,木,オレンジ,50600,63986,352
2023,6,15,木,輸入おうとう,50700,13625,1318
2023,6,15,木,輸入キウイ,50800,123776,675
2023,6,15,木,輸入メロン,50850,3296,438
2023,6,16,金,みかん,40100,36137,1156
2023,6,16,金,りんご計,42000,282478,487
2023,6,16,金,びわ,43900,3635,1405
2023,6,16,金,もも,44100,74362,996
2023,6,16,金,すもも,44700,57895,714
2023,6,16,金,おうとう,44800,60417,2457
2023,6,16,金,うめ,44950,147276,387
2023,6,16,金,ぶどう計,45000,46549,2076
2023,6,16,金,いちご,46100,12817,1447
2023,6,16,金,メロン計,47000,344389,484
2023,6,16,金,すいか,48100,823530,237
2023,6,16,金,バナナ,50100,603056,194
2023,6,16,金,パイナップル,50300,108715,235
2023,6,16,金,レモン,50400,28289,427
2023,6,16,金,オレンジ,50600,79399,347
2023,6,16,金,輸入おうとう,50700,8239,1430
2023,6,16,金,輸入キウイ,50800,151803,627
2023,6,16,金,輸入メロン,50850,3131,344
2023,6,17,土,みかん,40100,90041,1098
2023,6,17,土,りんご計,42000,272487,481
2023,6,17,土,日本なし計,43000,203,2587
2023,6,17,土,びわ,43900,5845,1368
2023,6,17,土,もも,44100,103326,955
2023,6,17,土,すもも,44700,66859,714
2023,6,17,土,おうとう,44800,66491,2506
2023,6,17,土,うめ,44950,129248,375
2023,6,17,土,ぶどう計,45000,57046,2267
2023,6,17,土,いちご,46100,14018,1500
2023,6,17,土,メロン計,47000,353931,484
2023,6,17,土,すいか,48100,934178,244
2023,6,17,土,バナナ,50100,422425,222
2023,6,17,土,パイナップル,50300,124570,224
2023,6,17,土,レモン,50400,34201,385
2023,6,17,土,オレンジ,50600,76421,345
2023,6,17,土,輸入おうとう,50700,11526,1314
2023,6,17,土,輸入キウイ,50800,165362,667
2023,6,17,土,輸入メロン,50850,1016,419
2023,6,19,月,みかん,40100,81850,1104
2023,6,19,月,りんご計,42000,318575,493
2023,6,19,月,日本なし計,43000,215,2589
2023,6,19,月,びわ,43900,5057,1412
2023,6,19,月,もも,44100,177030,945
2023,6,19,月,すもも,44700,74950,736
2023,6,19,月,おうとう,44800,141314,2257
2023,6,19,月,うめ,44950,91477,376
2023,6,19,月,ぶどう計,45000,60142,2110
2023,6,19,月,いちご,46100,14501,1610
2023,6,19,月,メロン計,47000,464961,483
2023,6,19,月,すいか,48100,1181083,236
2023,6,19,月,バナナ,50100,470572,224
2023,6,19,月,パイナップル,50300,93816,241
2023,6,19,月,レモン,50400,27322,408
2023,6,19,月,オレンジ,50600,79080,343
2023,6,19,月,輸入おうとう,50700,7104,1231
2023,6,19,月,輸入キウイ,50800,177061,631
2023,6,19,月,輸入メロン,50850,3569,249
2023,6,20,火,みかん,40100,59275,1145
2023,6,20,火,りんご計,42000,285271,475
2023,6,20,火,日本なし計,43000,458,1159
2023,6,20,火,びわ,43900,3867,1210
2023,6,20,火,もも,44100,209946,938
2023,6,20,火,すもも,44700,62861,723
2023,6,20,火,おうとう,44800,84465,2215
2023,6,20,火,うめ,44950,79080,313
2023,6,20,火,ぶどう計,45000,49952,2045
2023,6,20,火,いちご,46100,9260,1650
2023,6,20,火,メロン計,47000,340163,488
2023,6,20,火,すいか,48100,824281,243
2023,6,20,火,バナナ,50100,411795,203
2023,6,20,火,パイナップル,50300,83065,218
2023,6,20,火,レモン,50400,37210,442
2023,6,20,火,オレンジ,50600,93842,352
2023,6,20,火,輸入おうとう,50700,10181,1227
2023,6,20,火,輸入キウイ,50800,44489,665
2023,6,20,火,輸入メロン,50850,2763,378
2023,6,22,木,みかん,40100,113415,1079
2023,6,22,木,りんご計,42000,347002,492
2023,6,22,木,日本なし計,43000,2030,1322
2023,6,22,木,びわ,43900,4532,1354
2023,6,22,木,もも,44100,429960,905
2023,6,22,木,すもも,44700,85071,737
2023,6,22,木,おうとう,44800,129127,2042
2023,6,22,木,うめ,44950,55670,380
2023,6,22,木,ぶどう計,45000,72069,2210
2023,6,22,木,いちご,46100,12042,1743
2023,6,22,木,メロン計,47000,457609,498
2023,6,22,木,すいか,48100,1370368,234
2023,6,22,木,バナナ,50100,463466,221
2023,6,22,木,パイナップル,50300,140201,237
2023,6,22,木,レモン,50400,37749,427
2023,6,22,木,オレンジ,50600,46197,369
2023,6,22,木,輸入おうとう,50700,13509,1317
2023,6,22,木,輸入キウイ,50800,167820,643
2023,6,22,木,輸入メロン,50850,3179,354
2023,6,23,金,みかん,40100,34925,1117
2023,6,23,金,りんご計,42000,255164,488
2023,6,23,金,日本なし計,43000,35,1188
2023,6,23,金,びわ,43900,1955,1509
2023,6,23,金,もも,44100,291064,895
2023,6,23,金,すもも,44700,55671,739
2023,6,23,金,おうとう,44800,83547,2002
2023,6,23,金,うめ,44950,46548,344
2023,6,23,金,ぶどう計,45000,55750,2073
2023,6,23,金,いちご,46100,5114,1919
2023,6,23,金,メロン計,47000,350437,495
2023,6,23,金,すいか,48100,764960,241
2023,6,23,金,バナナ,50100,516887,201
2023,6,23,金,パイナップル,50300,71506,230
2023,6,23,金,レモン,50400,34415,429
2023,6,23,金,オレンジ,50600,48668,361
2023,6,23,金,輸入おうとう,50700,6899,1212
2023,6,23,金,輸入キウイ,50800,109041,647
2023,6,23,金,輸入メロン,50850,2274,309
2023,6,24,土,みかん,40100,110012,1074
2023,6,24,土,りんご計,42000,301004,474
2023,6,24,土,日本なし計,43000,3118,1219
2023,6,24,土,かき計,43500,71,1177
2023,6,24,土,びわ,43900,1889,1328
2023,6,24,土,もも,44100,318158,851
2023,6,24,土,すもも,44700,58771,729
2023,6,24,土,おうとう,44800,94025,1870
2023,6,24,土,うめ,44950,33903,355
2023,6,24,土,ぶどう計,45000,70011,2246
2023,6,24,土,いちご,46100,6000,1847
2023,6,24,土,メロン計,47000,339506,495
2023,6,24,土,すいか,48100,884238,244
2023,6,24,土,バナナ,50100,448901,220
2023,6,24,土,パイナップル,50300,107490,239
2023,6,24,土,レモン,50400,43968,394
2023,6,24,土,オレンジ,50600,79710,343
2023,6,24,土,輸入おうとう,50700,7085,1187
2023,6,24,土,輸入キウイ,50800,154258,688
2023,6,24,土,輸入メロン,50850,2300,400
2023,6,26,月,みかん,40100,96743,1042
2023,6,26,月,りんご計,42000,300897,510
2023,6,26,月,日本なし計,43000,2180,1172
2023,6,26,月,びわ,43900,2118,1488
2023,6,26,月,もも,44100,392000,835
2023,6,26,月,すもも,44700,110754,711
2023,6,26,月,おうとう,44800,134901,1569
2023,6,26,月,うめ,44950,25430,231
2023,6,26,月,ぶどう計,45000,73866,2096
2023,6,26,月,いちご,46100,7651,1955
2023,6,26,月,メロン計,47000,421061,514
2023,6,26,月,すいか,48100,947558,235
2023,6,26,月,バナナ,50100,519964,222
2023,6,26,月,パイナップル,50300,99450,231
2023,6,26,月,レモン,50400,42886,409
2023,6,26,月,オレンジ,50600,74098,342
2023,6,26,月,輸入おうとう,50700,8541,1073
2023,6,26,月,輸入キウイ,50800,111423,615
2023,6,26,月,輸入メロン,50850,2345,283
2023,6,27,火,みかん,40100,73030,1124
2023,6,27,火,りんご計,42000,238722,500
2023,6,27,火,日本なし計,43000,1858,1129
2023,6,27,火,びわ,43900,2131,1306
2023,6,27,火,もも,44100,276594,818
2023,6,27,火,すもも,44700,90620,728
2023,6,27,火,おうとう,44800,81148,1667
2023,6,27,火,うめ,44950,24774,340
2023,6,27,火,ぶどう計,45000,68503,2164
2023,6,27,火,いちご,46100,5256,2055
2023,6,27,火,メロン計,47000,360088,492
2023,6,27,火,すいか,48100,736539,244
2023,6,27,火,バナナ,50100,334340,221
2023,6,27,火,パイナップル,50300,101871,211
2023,6,27,火,レモン,50400,61237,400
2023,6,27,火,オレンジ,50600,42189,358
2023,6,27,火,輸入おうとう,50700,7485,1277
2023,6,27,火,輸入キウイ,50800,119324,639
2023,6,27,火,輸入メロン,50850,3711,351
2023,6,29,木,みかん,40100,136843,1061
2023,6,29,木,りんご計,42000,340346,499
2023,6,29,木,日本なし計,43000,5012,1163
2023,6,29,木,びわ,43900,1602,1299
2023,6,29,木,もも,44100,400265,834
2023,6,29,木,すもも,44700,107294,724
2023,6,29,木,おうとう,44800,97278,1753
2023,6,29,木,うめ,44950,17507,346
2023,6,29,木,ぶどう計,45000,89190,2082
2023,6,29,木,いちご,46100,7647,2092
2023,6,29,木,メロン計,47000,468905,520
2023,6,29,木,すいか,48100,1200052,240
2023,6,29,木,バナナ,50100,407468,232
2023,6,29,木,パイナップル,50300,127880,230
2023,6,29,木,レモン,50400,42326,424
2023,6,29,木,オレンジ,50600,73041,346
2023,6,29,木,輸入おうとう,50700,10353,1058
2023,6,29,木,輸入キウイ,50800,104399,691
2023,6,29,木,輸入メロン,50850,1942,389
2023,6,30,金,みかん,40100,47966,1089
2023,6,30,金,りんご計,42000,214096,498
2023,6,30,金,日本なし計,43000,360,1173
2023,6,30,金,びわ,43900,746,1422
2023,6,30,金,もも,44100,273758,831
2023,6,30,金,すもも,44700,79931,727
2023,6,30,金,おうとう,44800,66083,1715
2023,6,30,金,うめ,44950,15604,515
2023,6,30,金,ぶどう計,45000,67616,2158
2023,6,30,金,いちご,46100,3605,2189
2023,6,30,金,メロン計,47000,304021,551
2023,6,30,金,すいか,48100,884344,236
2023,6,30,金,バナナ,50100,729289,207
2023,6,30,金,パイナップル,50300,133449,231
2023,6,30,金,レモン,50400,45297,394
2023,6,30,金,オレンジ,50600,54878,340
2023,6,30,金,輸入おうとう,50700,19139,1102
2023,6,30,金,輸入キウイ,50800,152150,638
2023,6,30,金,輸入メロン,50850,3486,377
2023,7,1,土,みかん,40100,132239,1052
2023,7,1,土,りんご計,42000,238701,508
2023,7,1,土,日本なし計,43000,6339,1137
2023,7,1,土,かき計,43500,191,1266
2023,7,1,土,びわ,43900,783,1410
2023,7,1,土,もも,44100,340876,820
2023,7,1,土,すもも,44700,94016,714
2023,7,1,土,おうとう,44800,39321,1874
2023,7,1,土,うめ,44950,5038,254
2023,7,1,土,ぶどう計,45000,79525,2190
2023,7,1,土,いちご,46100,3693,2254
2023,7,1,土,メロン計,47000,300940,540
2023,7,1,土,すいか,48100,971048,245
2023,7,1,土,バナナ,50100,330718,228
2023,7,1,土,パイナップル,50300,85254,217
2023,7,1,土,レモン,50400,46689,449
2023,7,1,土,オレンジ,50600,37111,354
2023,7,1,土,輸入おうとう,50700,6833,1369
2023,7,1,土,輸入キウイ,50800,138403,661
2023,7,1,土,輸入メロン,50850,3019,285
2023,7,3,月,みかん,40100,124738,1053
2023,7,3,月,りんご計,42000,265326,535
2023,7,3,月,日本なし計,43000,6377,1109
2023,7,3,月,びわ,43900,490,1523
2023,7,3,月,もも,44100,447837,809
2023,7,3,月,すもも,44700,112960,687
2023,7,3,月,おうとう,44800,64585,1785
2023,7,3,月,うめ,44950,3165,208
2023,7,3,月,ぶどう計,45000,89753,2134
2023,7,3,月,いちご,46100,4778,2245
2023,7,3,月,メロン計,47000,332162,566
2023,7,3,月,すいか,48100,1067372,244
2023,7,3,月,バナナ,50100,421574,228
2023,7,3,月,パイナップル,50300,68197,228
2023,7,3,月,レモン,50400,28663,422
2023,7,3,月,オレンジ,50600,56387,363
2023,7,3,月,輸入おうとう,50700,2492,1277
2023,7,3,月,輸入キウイ,50800,77581,661
2023,7,3,月,輸入メロン,50850,2857,337
2023,7,4,火,みかん,40100,85754,1085
2023,7,4,火,りんご計,42000,197651,515
2023,7,4,火,日本なし計,43000,7122,1049
2023,7,4,火,かき計,43500,287,1192
2023,7,4,火,びわ,43900,441,1366
2023,7,4,火,もも,44100,362042,819
2023,7,4,火,すもも,44700,87432,677
2023,7,4,火,おうとう,44800,28089,1905
2023,7,4,火,うめ,44950,4275,246
2023,7,4,火,ぶどう計,45000,83771,2085
2023,7,4,火,いちご,46100,3460,2327
2023,7,4,火,メロン計,47000,281873,582
2023,7,4,火,すいか,48100,1000834,248
2023,7,4,火,バナナ,50100,362331,206
2023,7,4,火,パイナップル,50300,90697,229
2023,7,4,火,レモン,50400,43685,404
2023,7,4,火,オレンジ,50600,42364,362
2023,7,4,火,輸入おうとう,50700,8948,1118
2023,7,4,火,輸入キウイ,50800,68080,634
2023,7,4,火,輸入メロン,50850,2224,368
2023,7,6,木,みかん,40100,177598,1056
2023,7,6,木,りんご計,42000,322880,534
2023,7,6,木,日本なし計,43000,17040,1080
2023,7,6,木,びわ,43900,87,1215
2023,7,6,木,もも,44100,576691,829
2023,7,6,木,すもも,44700,142407,672
2023,7,6,木,おうとう,44800,45708,1968
2023,7,6,木,うめ,44950,6300,297
2023,7,6,木,ぶどう計,45000,101145,2147
2023,7,6,木,いちご,46100,5528,2361
2023,7,6,木,メロン計,47000,402143,581
2023,7,6,木,すいか,48100,1381699,248
2023,7,6,木,バナナ,50100,528561,221
2023,7,6,木,パイナップル,50300,125815,222
2023,7,6,木,レモン,50400,50678,416
2023,7,6,木,オレンジ,50600,46607,359
2023,7,6,木,輸入おうとう,50700,6572,1137
2023,7,6,木,輸入キウイ,50800,82750,672
2023,7,6,木,輸入メロン,50850,3508,351
2023,7,7,金,みかん,40100,32599,1207
2023,7,7,金,りんご計,42000,214456,534
2023,7,7,金,日本なし計,43000,12332,1079
2023,7,7,金,かき計,43500,925,722
2023,7,7,金,もも,44100,365057,830
2023,7,7,金,すもも,44700,86474,661
2023,7,7,金,おうとう,44800,24288,1988
2023,7,7,金,うめ,44950,1604,359
2023,7,7,金,ぶどう計,45000,91016,2168
2023,7,7,金,いちご,46100,2732,2436
2023,7,7,金,メロン計,47000,280032,602
2023,7,7,金,すいか,48100,980770,253
2023,7,7,金,バナナ,50100,448816,200
2023,7,7,金,パイナップル,50300,91167,222
2023,7,7,金,レモン,50400,34635,436
2023,7,7,金,オレンジ,50600,43073,338
2023,7,7,金,輸入おうとう,50700,6146,1600
2023,7,7,金,輸入キウイ,50800,137120,649
2023,7,7,金,輸入メロン,50850,2509,390
2023,7,8,土,みかん,40100,160283,1043
2023,7,8,土,りんご計,42000,229295,546
2023,7,8,土,日本なし計,43000,15535,1041
2023,7,8,土,かき計,43500,186,854
2023,7,8,土,もも,44100,387624,827
2023,7,8,土,すもも,44700,102428,655
2023,7,8,土,おうとう,44800,21359,2012
2023,7,8,土,うめ,44950,5693,388
2023,7,8,土,ぶどう計,45000,98228,2238
2023,7,8,土,いちご,46100,2998,2359
2023,7,8,土,メロン計,47000,293457,594
2023,7,8,土,すいか,48100,1267421,248
2023,7,8,土,バナナ,50100,453791,204
2023,7,8,土,パイナップル,50300,103246,223
2023,7,8,土,レモン,50400,52062,406
2023,7,8,土,オレンジ,50600,96237,329
2023,7,8,土,輸入おうとう,50700,7574,1337
2023,7,8,土,輸入キウイ,50800,93763,665
2023,7,8,土,輸入メロン,50850,2353,382
2023,7,10,月,みかん,40100,139542,1040
2023,7,10,月,りんご計,42000,275812,535
2023,7,10,月,日本なし計,43000,32365,975
2023,7,10,月,もも,44100,546907,838
2023,7,10,月,すもも,44700,127248,666
2023,7,10,月,おうとう,44800,29672,2034
2023,7,10,月,うめ,44950,6153,413
2023,7,10,月,ぶどう計,45000,117676,2164
2023,7,10,月,いちご,46100,4058,2398
2023,7,10,月,メロン計,47000,361014,603
2023,7,10,月,すいか,48100,1305070,247
2023,7,10,月,バナナ,50100,564890,223
2023,7,10,月,パイナップル,50300,93064,231
2023,7,10,月,レモン,50400,35449,426
2023,7,10,月,オレンジ,50600,73542,352
2023,7,10,月,輸入おうとう,50700,4975,1437
2023,7,10,月,輸入キウイ,50800,94105,663
2023,7,10,月,輸入メロン,50850,2793,359
2023,7,11,火,みかん,40100,78413,1082
2023,7,11,火,りんご計,42000,248550,516
2023,7,11,火,日本なし計,43000,37590,956
2023,7,11,火,かき計,43500,254,1255
2023,7,11,火,もも,44100,378106,813
2023,7,11,火,すもも,44700,84612,672
2023,7,11,火,おうとう,44800,18103,2155
2023,7,11,火,うめ,44950,175,386
2023,7,11,火,ぶどう計,45000,107641,2309
2023,7,11,火,いちご,46100,3222,2369
2023,7,11,火,メロン計,47000,298206,617
2023,7,11,火,すいか,48100,1185530,253
2023,7,11,火,バナナ,50100,351398,214
2023,7,11,火,パイナップル,50300,92091,222
2023,7,11,火,レモン,50400,26790,423
2023,7,11,火,オレンジ,50600,65186,323
2023,7,11,火,輸入おうとう,50700,5263,1526
2023,7,11,火,輸入キウイ,50800,89895,605
2023,7,11,火,輸入メロン,50850,1181,350
2023,7,13,木,みかん,40100,188522,1039
2023,7,13,木,はっさく,41321,24,7
2023,7,13,木,りんご計,42000,303093,551
2023,7,13,木,日本なし計,43000,63373,881
2023,7,13,木,かき計,43500,969,647
2023,7,13,木,もも,44100,566628,830
2023,7,13,木,すもも,44700,122643,689
2023,7,13,木,おうとう,44800,26231,2098
2023,7,13,木,うめ,44950,9370,406
2023,7,13,木,ぶどう計,45000,127940,2247
2023,7,13,木,いちご,46100,4913,2431
2023,7,13,木,メロン計,47000,380549,606
2023,7,13,木,すいか,48100,1751753,250
2023,7,13,木,バナナ,50100,415811,228
2023,7,13,木,パイナップル,50300,111538,224
2023,7,13,木,レモン,50400,64313,410
2023,7,13,木,オレンジ,50600,91256,325
2023,7,13,木,輸入おうとう,50700,7391,1819
2023,7,13,木,輸入キウイ,50800,138343,631
2023,7,13,木,輸入メロン,50850,3029,421
2023,7,14,金,みかん,40100,34613,1036
2023,7,14,金,りんご計,42000,248114,549
2023,7,14,金,日本なし計,43000,40676,864
2023,7,14,金,かき計,43500,2278,677
2023,7,14,金,もも,44100,309010,830
2023,7,14,金,すもも,44700,74245,694
2023,7,14,金,おうとう,44800,14134,2181
2023,7,14,金,うめ,44950,130,405
2023,7,14,金,ぶどう計,45000,119107,2245
2023,7,14,金,いちご,46100,2696,2423
2023,7,14,金,メロン計,47000,262364,617
2023,7,14,金,すいか,48100,1231747,252
2023,7,14,金,バナナ,50100,584164,198
2023,7,14,金,パイナップル,50300,93764,225
2023,7,14,金,レモン,50400,53224,441
2023,7,14,金,オレンジ,50600,53141,353
2023,7,14,金,輸入おうとう,50700,3949,1709
2023,7,14,金,輸入キウイ,50800,100356,674
2023,7,14,金,輸入メロン,50850,1432,441
2023,7,15,土,みかん,40100,181045,1016
2023,7,15,土,りんご計,42000,260811,552
2023,7,15,土,日本なし計,43000,56844,832
2023,7,15,土,かき計,43500,276,1244
2023,7,15,土,もも,44100,444666,819
2023,7,15,土,すもも,44700,79236,734
2023,7,15,土,おうとう,44800,14195,2222
2023,7,15,土,うめ,44950,162125,562
2023,7,15,土,ぶどう計,45000,126030,2240
2023,7,15,土,いちご,46100,3326,2383
2023,7,15,土,メロン計,47000,302812,607
2023,7,15,土,すいか,48100,1484034,252
2023,7,15,土,バナナ,50100,454176,214
2023,7,15,土,パイナップル,50300,94227,229
2023,7,15,土,レモン,50400,54938,426
2023,7,15,土,オレンジ,50600,84470,330
2023,7,15,土,輸入おうとう,50700,5928,1273
2023,7,15,土,輸入キウイ,50800,132127,661
2023,7,15,土,輸入メロン,50850,4534,323
2023,7,17,月,みかん,40100,483,1193
2023,7,17,月,りんご計,42000,2000,557
2023,7,17,月,もも,44100,751,616
2023,7,17,月,ぶどう計,45000,132,1492
2023,7,17,月,メロン計,47000,98,209
2023,7,17,月,すいか,48100,7922,230
2023,7,17,月,バナナ,50100,6539,238
2023,7,17,月,パイナップル,50300,4060,254
2023,7,17,月,レモン,50400,1060,476
2023,7,17,月,オレンジ,50600,2154,380
2023,7,17,月,輸入キウイ,50800,315,676
2023,7,17,月,輸入メロン,50850,80,454
2023,7,18,火,みかん,40100,190895,1007
2023,7,18,火,りんご計,42000,378478,555
2023,7,18,火,日本なし計,43000,122243,730
2023,7,18,火,かき計,43500,2688,691
2023,7,18,火,もも,44100,875228,800
2023,7,18,火,すもも,44700,137507,749
2023,7,18,火,おうとう,44800,23132,2081
2023,7,18,火,うめ,44950,9284,331
2023,7,18,火,ぶどう計,45000,165940,2068
2023,7,18,火,いちご,46100,6318,2506
2023,7,18,火,メロン計,47000,453400,583
2023,7,18,火,すいか,48100,2155960,253
2023,7,18,火,バナナ,50100,658506,220
2023,7,18,火,パイナップル,50300,131006,230
2023,7,18,火,レモン,50400,53213,430
2023,7,18,火,オレンジ,50600,55783,356
2023,7,18,火,輸入おうとう,50700,4175,1066
2023,7,18,火,輸入キウイ,50800,199297,635
2023,7,18,火,輸入メロン,50850,2454,382
2023,7,19,水,みかん,40100,13520,990
2023,7,19,水,りんご計,42000,79838,482
2023,7,19,水,日本なし計,43000,32455,710
2023,7,19,水,もも,44100,242466,793
2023,7,19,水,すもも,44700,54031,755
2023,7,19,水,おうとう,44800,5563,2093
2023,7,19,水,うめ,44950,390,312
2023,7,19,水,ぶどう計,45000,59947,2034
2023,7,19,水,いちご,46100,2025,2128
2023,7,19,水,メロン計,47000,176364,599
2023,7,19,水,すいか,48100,687049,256
2023,7,19,水,バナナ,50100,65928,229
2023,7,19,水,パイナップル,50300,15208,223
2023,7,19,水,レモン,50400,7778,411
2023,7,19,水,オレンジ,50600,12266,334
2023,7,19,水,輸入おうとう,50700,1896,1548
2023,7,19,水,輸入キウイ,50800,8747,736
2023,7,19,水,輸入メロン,50850,964,340
2023,7,20,木,みかん,40100,178679,1003
2023,7,20,木,りんご計,42000,255063,541
2023,7,20,木,日本なし計,43000,100188,679
2023,7,20,木,かき計,43500,1824,500
2023,7,20,木,もも,44100,493977,809
2023,7,20,木,すもも,44700,68427,807
2023,7,20,木,おうとう,44800,10334,2103
2023,7,20,木,うめ,44950,8325,269
2023,7,20,木,ぶどう計,45000,162862,2058
2023,7,20,木,いちご,46100,3987,2437
2023,7,20,木,メロン計,47000,321837,591
2023,7,20,木,すいか,48100,1604276,252
2023,7,20,木,バナナ,50100,350399,212
2023,7,20,木,パイナップル,50300,103931,219
2023,7,20,木,レモン,50400,33772,444
2023,7,20,木,オレンジ,50600,62526,325
2023,7,20,木,輸入おうとう,50700,4091,1150
2023,7,20,木,輸入キウイ,50800,117462,647
2023,7,20,木,輸入メロン,50850,2185,220
2023,7,21,金,みかん,40100,39634,1024
2023,7,21,金,りんご計,42000,242044,535
2023,7,21,金,日本なし計,43000,60406,619
2023,7,21,金,かき計,43500,2098,667
2023,7,21,金,びわ,43900,187,924
2023,7,21,金,もも,44100,407807,797
2023,7,21,金,すもも,44700,50910,816
2023,7,21,金,おうとう,44800,7662,2063
2023,7,21,金,うめ,44950,280,275
2023,7,21,金,ぶどう計,45000,133204,2116
2023,7,21,金,いちご,46100,2563,2404
2023,7,21,金,メロン計,47000,273634,598
2023,7,21,金,すいか,48100,1215873,246
2023,7,21,金,バナナ,50100,476124,200
2023,7,21,金,パイナップル,50300,97694,235
2023,7,21,金,レモン,50400,36892,442
2023,7,21,金,オレンジ,50600,48624,344
2023,7,21,金,輸入おうとう,50700,6926,1557
2023,7,21,金,輸入キウイ,50800,91303,649
2023,7,21,金,輸入メロン,50850,2798,353
2023,7,22,土,みかん,40100,170512,1020
2023,7,22,土,りんご計,42000,227936,547
2023,7,22,土,日本なし計,43000,133156,621
2023,7,22,土,かき計,43500,923,1289
2023,7,22,土,もも,44100,492970,777
2023,7,22,土,すもも,44700,58937,823
2023,7,22,土,おうとう,44800,6943,2180
2023,7,22,土,うめ,44950,291315,282
2023,7,22,土,ぶどう計,45000,157108,2015
2023,7,22,土,いちご,46100,2763,2450
2023,7,22,土,メロン計,47000,305724,594
2023,7,22,土,すいか,48100,1358404,252
2023,7,22,土,バナナ,50100,514347,207
2023,7,22,土,パイナップル,50300,111090,226
2023,7,22,土,レモン,50400,49958,417
2023,7,22,土,オレンジ,50600,54329,342
2023,7,22,土,輸入おうとう,50700,6603,1820
2023,7,22,土,輸入キウイ,50800,135565,672
2023,7,22,土,輸入メロン,50850,4582,359
2023,7,24,月,みかん,40100,128486,1003
2023,7,24,月,りんご計,42000,257312,546
2023,7,24,月,日本なし計,43000,176768,604
2023,7,24,月,かき計,43500,4380,725
2023,7,24,月,もも,44100,783715,759
2023,7,24,月,すもも,44700,65540,818
2023,7,24,月,おうとう,44800,8230,1984
2023,7,24,月,うめ,44950,751,166
2023,7,24,月,ぶどう計,45000,168653,1978
2023,7,24,月,いちご,46100,4996,2228
2023,7,24,月,メロン計,47000,364002,593
2023,7,24,月,すいか,48100,1543022,251
2023,7,24,月,バナナ,50100,453766,218
2023,7,24,月,パイナップル,50300,84013,220
2023,7,24,月,レモン,50400,40182,424
2023,7,24,月,オレンジ,50600,39477,346
2023,7,24,月,輸入おうとう,50700,4299,2052
2023,7,24,月,輸入キウイ,50800,93402,641
2023,7,24,月,輸入メロン,50850,2363,300
2023,7,25,火,みかん,40100,76767,1067
2023,7,25,火,りんご計,42000,247240,514
2023,7,25,火,日本なし計,43000,229251,610
2023,7,25,火,かき計,43500,276,863
2023,7,25,火,もも,44100,556749,748
2023,7,25,火,すもも,44700,56796,796
2023,7,25,火,おうとう,44800,4558,2034
2023,7,25,火,うめ,44950,335,189
2023,7,25,火,ぶどう計,45000,170187,1926
2023,7,25,火,いちご,46100,3477,2414
2023,7,25,火,メロン計,47000,313393,578
2023,7,25,火,すいか,48100,1354609,248
2023,7,25,火,バナナ,50100,404941,202
2023,7,25,火,パイナップル,50300,93518,236
2023,7,25,火,レモン,50400,49141,401
2023,7,25,火,オレンジ,50600,49319,340
2023,7,25,火,輸入おうとう,50700,4392,1275
2023,7,25,火,輸入キウイ,50800,60698,670
2023,7,25,火,輸入メロン,50850,1801,355
2023,7,27,木,みかん,40100,188040,1015
2023,7,27,木,りんご計,42000,230629,530
2023,7,27,木,日本なし計,43000,399162,595
2023,7,27,木,かき計,43500,395,1530
2023,7,27,木,もも,44100,841836,719
2023,7,27,木,すもも,44700,68043,807
2023,7,27,木,おうとう,44800,4892,2254
2023,7,27,木,うめ,44950,321,202
2023,7,27,木,ぶどう計,45000,208768,1907
2023,7,27,木,いちご,46100,5252,2321
2023,7,27,木,メロン計,47000,389510,551
2023,7,27,木,すいか,48100,1781551,248
2023,7,27,木,バナナ,50100,407854,225
2023,7,27,木,パイナップル,50300,121462,226
2023,7,27,木,レモン,50400,38681,448
2023,7,27,木,オレンジ,50600,44858,350
2023,7,27,木,輸入おうとう,50700,3070,1524
2023,7,27,木,輸入キウイ,50800,146832,647
2023,7,27,木,輸入メロン,50850,3471,434
2023,7,28,金,みかん,40100,43634,955
2023,7,28,金,りんご計,42000,211165,535
2023,7,28,金,日本なし計,43000,290447,588
2023,7,28,金,かき計,43500,3556,663
2023,7,28,金,もも,44100,513551,725
2023,7,28,金,すもも,44700,48094,784
2023,7,28,金,おうとう,44800,2627,3273
2023,7,28,金,うめ,44950,250,238
2023,7,28,金,ぶどう計,45000,191352,1917
2023,7,28,金,いちご,46100,2906,2395
2023,7,28,金,メロン計,47000,309669,532
2023,7,28,金,すいか,48100,1384285,244
2023,7,28,金,バナナ,50100,489118,196
2023,7,28,金,パイナップル,50300,126374,227
2023,7,28,金,レモン,50400,29104,446
2023,7,28,金,オレンジ,50600,64860,314
2023,7,28,金,輸入おうとう,50700,2671,1149
2023,7,28,金,輸入キウイ,50800,120836,625
2023,7,28,金,輸入メロン,50850,3425,306
2023,7,29,土,みかん,40100,174000,1005
2023,7,29,土,はっさく,41321,15,22
2023,7,29,土,りんご計,42000,224470,523
2023,7,29,土,日本なし計,43000,468468,576
2023,7,29,土,かき計,43500,453,1028
2023,7,29,土,もも,44100,548066,732
2023,7,29,土,すもも,44700,48622,794
2023,7,29,土,おうとう,44800,2357,1735
2023,7,29,土,うめ,44950,87,210
2023,7,29,土,ぶどう計,45000,214731,1895
2023,7,29,土,いちご,46100,4280,2155
2023,7,29,土,メロン計,47000,347181,519
2023,7,29,土,すいか,48100,1382835,250
2023,7,29,土,バナナ,50100,446489,209
2023,7,29,土,パイナップル,50300,91781,223
2023,7,29,土,レモン,50400,40728,403
2023,7,29,土,オレンジ,50600,42616,323
2023,7,29,土,輸入おうとう,50700,5824,1056
2023,7,29,土,輸入キウイ,50800,177831,644
2023,7,29,土,輸入メロン,50850,2273,365
2023,7,31,月,みかん,40100,151111,984
2023,7,31,月,りんご計,42000,184774,554
2023,7,31,月,日本なし計,43000,649375,553
2023,7,31,月,かき計,43500,5742,811
2023,7,31,月,もも,44100,849385,714
2023,7,31,月,すもも,44700,58113,779
2023,7,31,月,おうとう,44800,1507,1561
2023,7,31,月,うめ,44950,220,79
2023,7,31,月,ぶどう計,45000,248706,1788
2023,7,31,月,いちご,46100,3999,2242
2023,7,31,月,メロン計,47000,365656,502
2023,7,31,月,すいか,48100,1785899,248
2023,7,31,月,バナナ,50100,550144,220
2023,7,31,月,パイナップル,50300,94323,226
2023,7,31,月,レモン,50400,32589,419
2023,7,31,月,オレンジ,50600,50485,353
2023,7,31,月,輸入おうとう,50700,3076,949
2023,7,31,月,輸入キウイ,50800,164171,646
2023,7,31,月,輸入メロン,50850,4224,405
2023,8,1,火,みかん,40100,76082,1015
2023,8,1,火,りんご計,42000,267814,493
2023,8,1,火,日本なし計,43000,492087,545
2023,8,1,火,かき計,43500,1255,814
2023,8,1,火,もも,44100,641781,715
2023,8,1,火,すもも,44700,52862,812
2023,8,1,火,おうとう,44800,1232,1501
2023,8,1,火,うめ,44950,115,188
2023,8,1,火,ぶどう計,45000,250867,1758
2023,8,1,火,いちご,46100,3271,2264
2023,8,1,火,メロン計,47000,317850,502
2023,8,1,火,すいか,48100,1276768,251
2023,8,1,火,バナナ,50100,387420,211
2023,8,1,火,パイナップル,50300,73776,222
2023,8,1,火,レモン,50400,53730,413
2023,8,1,火,オレンジ,50600,32846,351
2023,8,1,火,輸入おうとう,50700,2625,1045
2023,8,1,火,輸入キウイ,50800,108690,679
2023,8,1,火,輸入メロン,50850,2695,383
2023,8,3,木,みかん,40100,220015,1006
2023,8,3,木,りんご計,42000,263874,565
2023,8,3,木,日本なし計,43000,859622,540
2023,8,3,木,かき計,43500,308,1107
2023,8,3,木,もも,44100,825358,716
2023,8,3,木,すもも,44700,66081,793
2023,8,3,木,おうとう,44800,1148,2457
2023,8,3,木,うめ,44950,85,330
2023,8,3,木,ぶどう計,45000,354725,1765
2023,8,3,木,いちご,46100,4203,2302
2023,8,3,木,メロン計,47000,362134,510
2023,8,3,木,すいか,48100,1977625,256
2023,8,3,木,バナナ,50100,433517,205
2023,8,3,木,パイナップル,50300,116609,226
2023,8,3,木,レモン,50400,35305,447
2023,8,3,木,オレンジ,50600,52780,350
2023,8,3,木,輸入おうとう,50700,978,1026
2023,8,3,木,輸入キウイ,50800,123010,649
2023,8,3,木,輸入メロン,50850,1906,406
2023,8,4,金,みかん,40100,41459,1063
2023,8,4,金,りんご計,42000,171726,539
2023,8,4,金,日本なし計,43000,441449,534
2023,8,4,金,かき計,43500,2908,818
2023,8,4,金,もも,44100,569877,721
2023,8,4,金,すもも,44700,50164,788
2023,8,4,金,おうとう,44800,452,1621
2023,8,4,金,うめ,44950,30,198
2023,8,4,金,ぶどう計,45000,296086,1749
2023,8,4,金,いちご,46100,3393,2033
2023,8,4,金,メロン計,47000,295747,519
2023,8,4,金,すいか,48100,1228811,252
2023,8,4,金,バナナ,50100,552940,185
2023,8,4,金,パイナップル,50300,81230,226
2023,8,4,金,レモン,50400,39238,421
2023,8,4,金,オレンジ,50600,39337,341
2023,8,4,金,輸入おうとう,50700,1033,1054
2023,8,4,金,輸入キウイ,50800,106016,678
2023,8,4,金,輸入メロン,50850,2440,399
2023,8,5,土,みかん,40100,194183,1021
2023,8,5,土,りんご計,42000,188560,530
2023,8,5,土,日本なし計,43000,590572,540
2023,8,5,土,かき計,43500,675,1091
2023,8,5,土,もも,44100,657491,722
2023,8,5,土,すもも,44700,57460,808
2023,8,5,土,おうとう,44800,751,1503
2023,8,5,土,ぶどう計,45000,344958,1710
2023,8,5,土,いちご,46100,2542,2332
2023,8,5,土,メロン計,47000,315946,523
2023,8,5,土,すいか,48100,1227520,255
2023,8,5,土,バナナ,50100,407531,207
2023,8,5,土,パイナップル,50300,102343,218
2023,8,5,土,レモン,50400,50989,420
2023,8,5,土,オレンジ,50600,52758,333
2023,8,5,土,輸入おうとう,50700,2611,1069
2023,8,5,土,輸入キウイ,50800,171691,667
2023,8,5,土,輸入メロン,50850,3202,434
2023,8,7,月,みかん,40100,140602,992
2023,8,7,月,りんご計,42000,220499,552
2023,8,7,月,日本なし計,43000,736886,535
2023,8,7,月,かき計,43500,1747,780
2023,8,7,月,もも,44100,772291,720
2023,8,7,月,すもも,44700,82828,800
2023,8,7,月,おうとう,44800,379,1578
2023,8,7,月,うめ,44950,27,100
2023,8,7,月,ぶどう計,45000,483611,1662
2023,8,7,月,いちご,46100,3039,2328
2023,8,7,月,メロン計,47000,392105,543
2023,8,7,月,すいか,48100,1539887,264
2023,8,7,月,バナナ,50100,406110,218
2023,8,7,月,パイナップル,50300,93528,221
2023,8,7,月,レモン,50400,37719,423
2023,8,7,月,オレンジ,50600,46909,337
2023,8,7,月,輸入おうとう,50700,938,2003
2023,8,7,月,輸入キウイ,50800,96171,627
2023,8,7,月,輸入メロン,50850,2860,416
2023,8,8,火,みかん,40100,90062,1002
2023,8,8,火,りんご計,42000,183729,540
2023,8,8,火,日本なし計,43000,512017,530
2023,8,8,火,かき計,43500,8287,797
2023,8,8,火,もも,44100,516356,721
2023,8,8,火,すもも,44700,59638,799
2023,8,8,火,おうとう,44800,349,2543
2023,8,8,火,うめ,44950,50,162
2023,8,8,火,ぶどう計,45000,421331,1684
2023,8,8,火,いちご,46100,2408,2371
2023,8,8,火,メロン計,47000,342551,551
2023,8,8,火,すいか,48100,1137672,261
2023,8,8,火,バナナ,50100,408684,198
2023,8,8,火,パイナップル,50300,96976,221
2023,8,8,火,レモン,50400,41893,411
2023,8,8,火,オレンジ,50600,60294,325
2023,8,8,火,輸入おうとう,50700,966,1255
2023,8,8,火,輸入キウイ,50800,90595,657
2023,8,8,火,輸入メロン,50850,1852,410
2023,8,9,水,みかん,40100,6319,1109
2023,8,9,水,りんご計,42000,44215,545
2023,8,9,水,日本なし計,43000,67721,589
2023,8,9,水,もも,44100,96745,741
2023,8,9,水,すもも,44700,9838,792
2023,8,9,水,ぶどう計,45000,109626,1723
2023,8,9,水,いちご,46100,440,2665
2023,8,9,水,メロン計,47000,54307,610
2023,8,9,水,すいか,48100,253870,261
2023,8,9,水,バナナ,50100,130241,212
2023,8,9,水,パイナップル,50300,40326,226
2023,8,9,水,レモン,50400,9050,436
2023,8,9,水,オレンジ,50600,28252,331
2023,8,9,水,輸入おうとう,50700,664,967
2023,8,9,水,輸入キウイ,50800,45911,651
2023,8,9,水,輸入メロン,50850,964,483
2023,8,10,木,みかん,40100,186862,1009
2023,8,10,木,りんご計,42000,267176,529
2023,8,10,木,日本なし計,43000,608317,503
2023,8,10,木,かき計,43500,6200,768
2023,8,10,木,もも,44100,612060,722
2023,8,10,木,すもも,44700,86486,777
2023,8,10,木,おうとう,44800,57,1677
2023,8,10,木,ぶどう計,45000,567944,1618
2023,8,10,木,いちご,46100,2603,2393
2023,8,10,木,メロン計,47000,403440,545
2023,8,10,木,すいか,48100,1545531,260
2023,8,10,木,バナナ,50100,380058,212
2023,8,10,木,パイナップル,50300,131609,226
2023,8,10,木,レモン,50400,43276,419
2023,8,10,木,オレンジ,50600,45927,353
2023,8,10,木,輸入おうとう,50700,564,1168
2023,8,10,木,輸入キウイ,50800,96099,653
2023,8,10,木,輸入メロン,50850,3872,378
2023,8,11,金,みかん,40100,19351,944
2023,8,11,金,りんご計,42000,119496,513
2023,8,11,金,日本なし計,43000,303582,494
2023,8,11,金,かき計,43500,1046,703
2023,8,11,金,もも,44100,272555,705
2023,8,11,金,すもも,44700,42513,746
2023,8,11,金,おうとう,44800,3,1728
2023,8,11,金,ぶどう計,45000,252479,1687
2023,8,11,金,いちご,46100,1332,2382
2023,8,11,金,メロン計,47000,227912,529
2023,8,11,金,すいか,48100,769236,255
2023,8,11,金,バナナ,50100,322423,168
2023,8,11,金,パイナップル,50300,96850,223
2023,8,11,金,レモン,50400,21611,464
2023,8,11,金,オレンジ,50600,33075,344
2023,8,11,金,輸入おうとう,50700,339,1266
2023,8,11,金,輸入キウイ,50800,58701,652
2023,8,11,金,輸入メロン,50850,2781,370
2023,8,12,土,みかん,40100,49272,899
2023,8,12,土,りんご計,42000,193478,464
2023,8,12,土,日本なし計,43000,597505,494
2023,8,12,土,かき計,43500,3246,924
2023,8,12,土,もも,44100,389294,702
2023,8,12,土,すもも,44700,71285,764
2023,8,12,土,ぶどう計,45000,497374,1640
2023,8,12,土,いちご,46100,2187,2328
2023,8,12,土,メロン計,47000,243420,490
2023,8,12,土,すいか,48100,1156452,257
2023,8,12,土,バナナ,50100,431217,195
2023,8,12,土,パイナップル,50300,77666,234
2023,8,12,土,レモン,50400,71155,385
2023,8,12,土,オレンジ,50600,43465,330
2023,8,12,土,輸入おうとう,50700,905,1197
2023,8,12,土,輸入キウイ,50800,81571,681
2023,8,12,土,輸入メロン,50850,1706,434
2023,8,13,日,みかん,40100,261,1218
2023,8,13,日,りんご計,42000,81845,489
2023,8,13,日,日本なし計,43000,130911,499
2023,8,13,日,もも,44100,120115,755
2023,8,13,日,すもも,44700,13963,858
2023,8,13,日,ぶどう計,45000,115720,1467
2023,8,13,日,いちご,46100,429,2770
2023,8,13,日,メロン計,47000,42194,532
2023,8,13,日,すいか,48100,376692,248
2023,8,13,日,バナナ,50100,280501,213
2023,8,13,日,パイナップル,50300,88955,207
2023,8,13,日,レモン,50400,24332,454
2023,8,13,日,オレンジ,50600,39111,330
2023,8,13,日,輸入おうとう,50700,435,1046
2023,8,13,日,輸入キウイ,50800,69442,663
2023,8,13,日,輸入メロン,50850,1734,442
2023,8,14,月,りんご計,42000,250,788
2023,8,14,月,日本なし計,43000,450,500
2023,8,14,月,もも,44100,385,882
2023,8,14,月,すもも,44700,20,1620
2023,8,14,月,ぶどう計,45000,766,1513
2023,8,14,月,メロン計,47000,336,812
2023,8,14,月,すいか,48100,3178,223
2023,8,14,月,バナナ,50100,4708,257
2023,8,14,月,パイナップル,50300,4540,261
2023,8,14,月,レモン,50400,1255,500
2023,8,14,月,オレンジ,50600,2295,366
2023,8,14,月,輸入キウイ,50800,224,753
2023,8,15,火,りんご計,42000,6760,596
2023,8,15,火,日本なし計,43000,1960,567
2023,8,15,火,もも,44100,25,972
2023,8,15,火,ぶどう計,45000,233,1596
2023,8,15,火,メロン計,47000,347,518
2023,8,15,火,すいか,48100,15814,216
2023,8,15,火,バナナ,50100,7733,250
2023,8,15,火,パイナップル,50300,5320,257
2023,8,15,火,レモン,50400,2081,485
2023,8,15,火,オレンジ,50600,1275,361
2023,8,15,火,輸入キウイ,50800,427,750
2023,8,16,水,みかん,40100,3685,1004
2023,8,16,水,りんご計,42000,36329,502
2023,8,16,水,日本なし計,43000,573717,432
2023,8,16,水,かき計,43500,4183,692
2023,8,16,水,もも,44100,330297,698
2023,8,16,水,すもも,44700,52799,661
2023,8,16,水,ぶどう計,45000,219258,1489
2023,8,16,水,いちご,46100,2462,2227
2023,8,16,水,メロン計,47000,95062,462
2023,8,16,水,すいか,48100,343582,249
2023,8,16,水,バナナ,50100,203546,238
2023,8,16,水,パイナップル,50300,24122,246
2023,8,16,水,レモン,50400,7893,385
2023,8,16,水,オレンジ,50600,6102,354
2023,8,16,水,輸入おうとう,50700,156,1333
2023,8,16,水,輸入キウイ,50800,15294,718
2023,8,16,水,輸入メロン,50850,970,392
2023,8,17,木,みかん,40100,32327,815
2023,8,17,木,りんご計,42000,118736,460
2023,8,17,木,日本なし計,43000,563368,437
2023,8,17,木,かき計,43500,2433,781
2023,8,17,木,もも,44100,320444,722
2023,8,17,木,すもも,44700,41445,743
2023,8,17,木,ぶどう計,45000,259220,1526
2023,8,17,木,いちご,46100,2991,2608
2023,8,17,木,メロン計,47000,133460,541
2023,8,17,木,すいか,48100,583237,264
2023,8,17,木,バナナ,50100,508451,209
2023,8,17,木,パイナップル,50300,130687,224
2023,8,17,木,レモン,50400,48100,415
2023,8,17,木,オレンジ,50600,47473,335
2023,8,17,木,輸入おうとう,50700,57,1335
2023,8,17,木,輸入キウイ,50800,209245,666
2023,8,17,木,輸入メロン,50850,2704,369
2023,8,18,金,みかん,40100,4822,990
2023,8,18,金,りんご計,42000,168741,503
2023,8,18,金,日本なし計,43000,588623,441
2023,8,18,金,かき計,43500,2357,889
2023,8,18,金,もも,44100,198370,692
2023,8,18,金,すもも,44700,44821,685
2023,8,18,金,ぶどう計,45000,304336,1499
2023,8,18,金,くり,45700,16,411
2023,8,18,金,いちご,46100,1116,2586
2023,8,18,金,メロン計,47000,157021,512
2023,8,18,金,すいか,48100,588655,263
2023,8,18,金,バナナ,50100,487175,186
2023,8,18,金,パイナップル,50300,100591,220
2023,8,18,金,レモン,50400,44453,403
2023,8,18,金,オレンジ,50600,37216,356
2023,8,18,金,輸入おうとう,50700,81,833
2023,8,18,金,輸入キウイ,50800,51905,679
2023,8,18,金,輸入メロン,50850,1079,387
2023,8,19,土,みかん,40100,47644,851
2023,8,19,土,りんご計,42000,183891,460
2023,8,19,土,日本なし計,43000,643148,442
2023,8,19,土,かき計,43500,4612,833
2023,8,19,土,もも,44100,254992,721
2023,8,19,土,すもも,44700,38482,753
2023,8,19,土,ぶどう計,45000,359927,1505
2023,8,19,土,くり,45700,37,764
2023,8,19,土,いちご,46100,1346,2429
2023,8,19,土,メロン計,47000,154769,512
2023,8,19,土,すいか,48100,690645,251
2023,8,19,土,バナナ,50100,516557,214
2023,8,19,土,パイナップル,50300,106479,227
2023,8,19,土,レモン,50400,51543,365
2023,8,19,土,オレンジ,50600,37779,320
2023,8,19,土,輸入おうとう,50700,33,1309
2023,8,19,土,輸入キウイ,50800,105789,681
2023,8,19,土,輸入メロン,50850,1734,441
2023,8,21,月,みかん,40100,44389,861
2023,8,21,月,りんご計,42000,222253,440
2023,8,21,月,日本なし計,43000,1050845,439
2023,8,21,月,かき計,43500,8358,749
2023,8,21,月,もも,44100,278785,714
2023,8,21,月,すもも,44700,37759,737
2023,8,21,月,ぶどう計,45000,375849,1464
2023,8,21,月,くり,45700,71,812
2023,8,21,月,いちご,46100,1820,2586
2023,8,21,月,メロン計,47000,181722,487
2023,8,21,月,すいか,48100,672593,253
2023,8,21,月,バナナ,50100,421852,212
2023,8,21,月,パイナップル,50300,93215,229
2023,8,21,月,レモン,50400,40129,420
2023,8,21,月,オレンジ,50600,54155,325
2023,8,21,月,輸入おうとう,50700,15,1901
2023,8,21,月,輸入キウイ,50800,74743,665
2023,8,21,月,輸入メロン,50850,5191,445
2023,8,22,火,みかん,40100,55153,810
2023,8,22,火,りんご計,42000,223357,432
2023,8,22,火,日本なし計,43000,823713,464
2023,8,22,火,かき計,43500,4873,765
2023,8,22,火,もも,44100,232214,748
2023,8,22,火,すもも,44700,31927,721
2023,8,22,火,ぶどう計,45000,375851,1490
2023,8,22,火,くり,45700,332,1031
2023,8,22,火,いちご,46100,1389,2455
2023,8,22,火,メロン計,47000,172311,466
2023,8,22,火,すいか,48100,577313,263
2023,8,22,火,バナナ,50100,382604,187
2023,8,22,火,パイナップル,50300,79298,218
2023,8,22,火,レモン,50400,30111,407
2023,8,22,火,オレンジ,50600,46935,342
2023,8,22,火,輸入おうとう,50700,6654,8266
2023,8,22,火,輸入キウイ,50800,144854,653
2023,8,22,火,輸入メロン,50850,2634,345
2023,8,24,木,みかん,40100,106901,817
2023,8,24,木,りんご計,42000,303728,427
2023,8,24,木,日本なし計,43000,1180607,448
2023,8,24,木,かき計,43500,7640,790
2023,8,24,木,もも,44100,318003,738
2023,8,24,木,すもも,44700,42244,727
2023,8,24,木,ぶどう計,45000,443002,1464
2023,8,24,木,くり,45700,1016,1316
2023,8,24,木,いちご,46100,1796,2564
2023,8,24,木,メロン計,47000,199941,482
2023,8,24,木,すいか,48100,598507,256
2023,8,24,木,バナナ,50100,452767,197
2023,8,24,木,パイナップル,50300,100842,224
2023,8,24,木,レモン,50400,37827,432
2023,8,24,木,オレンジ,50600,48642,327
2023,8,24,木,輸入おうとう,50700,4,135
2023,8,24,木,輸入キウイ,50800,129765,656
2023,8,24,木,輸入メロン,50850,1275,451
2023,8,25,金,みかん,40100,20790,776
2023,8,25,金,りんご計,42000,287118,419
2023,8,25,金,日本なし計,43000,713449,449
2023,8,25,金,かき計,43500,547,983
2023,8,25,金,もも,44100,169393,712
2023,8,25,金,すもも,44700,29253,735
2023,8,25,金,ぶどう計,45000,381550,1504
2023,8,25,金,くり,45700,1549,1169
2023,8,25,金,いちご,46100,951,2683
2023,8,25,金,メロン計,47000,163865,481
2023,8,25,金,すいか,48100,430158,256
2023,8,25,金,キウイフルツ,49300,13,256
2023,8,25,金,バナナ,50100,466137,200
2023,8,25,金,パイナップル,50300,114578,224
2023,8,25,金,レモン,50400,35593,404
2023,8,25,金,オレンジ,50600,50187,315
2023,8,25,金,輸入キウイ,50800,83388,660
2023,8,25,金,輸入メロン,50850,3175,457
2023,8,26,土,みかん,40100,82290,828
2023,8,26,土,りんご計,42000,298780,405
2023,8,26,土,日本なし計,43000,829165,447
2023,8,26,土,かき計,43500,6779,788
2023,8,26,土,もも,44100,246251,751
2023,8,26,土,すもも,44700,29482,748
2023,8,26,土,ぶどう計,45000,438139,1491
2023,8,26,土,くり,45700,5569,1117
2023,8,26,土,いちご,46100,1219,2420
2023,8,26,土,メロン計,47000,171441,488
2023,8,26,土,すいか,48100,358040,264
2023,8,26,土,バナナ,50100,337039,201
2023,8,26,土,パイナップル,50300,89840,225
2023,8,26,土,レモン,50400,45805,367
2023,8,26,土,オレンジ,50600,49275,305
2023,8,26,土,輸入おうとう,50700,16,675
2023,8,26,土,輸入キウイ,50800,92411,646
2023,8,26,土,輸入メロン,50850,1729,403
2023,8,27,日,りんご計,42000,70,864
2023,8,27,日,日本なし計,43000,1130,573
2023,8,27,日,ぶどう計,45000,32,1305
2023,8,27,日,メロン計,47000,170,626
2023,8,27,日,すいか,48100,1692,279
2023,8,27,日,バナナ,50100,21238,235
2023,8,27,日,パイナップル,50300,13600,259
2023,8,27,日,レモン,50400,180,544
2023,8,27,日,オレンジ,50600,1062,372
2023,8,27,日,輸入キウイ,50800,790,721
2023,8,27,日,輸入メロン,50850,10,540
2023,8,28,月,みかん,40100,58760,814
2023,8,28,月,りんご計,42000,429780,413
2023,8,28,月,日本なし計,43000,1021609,433
2023,8,28,月,かき計,43500,15001,717
2023,8,28,月,もも,44100,245262,740
2023,8,28,月,すもも,44700,38766,719
2023,8,28,月,ぶどう計,45000,454041,1454
2023,8,28,月,くり,45700,6211,1126
2023,8,28,月,いちご,46100,1434,2718
2023,8,28,月,メロン計,47000,163316,500
2023,8,28,月,すいか,48100,299072,267
2023,8,28,月,バナナ,50100,579964,216
2023,8,28,月,パイナップル,50300,86771,234
2023,8,28,月,レモン,50400,40018,410
2023,8,28,月,オレンジ,50600,44440,326
2023,8,28,月,輸入キウイ,50800,103188,632
2023,8,28,月,輸入メロン,50850,2966,436
2023,8,29,火,みかん,40100,57083,761
2023,8,29,火,りんご計,42000,345184,396
2023,8,29,火,日本なし計,43000,731793,449
2023,8,29,火,かき計,43500,7100,801
2023,8,29,火,もも,44100,263568,741
2023,8,29,火,すもも,44700,27345,718
2023,8,29,火,ぶどう計,45000,454601,1451
2023,8,29,火,くり,45700,13099,1132
2023,8,29,火,いちご,46100,1362,2534
2023,8,29,火,メロン計,47000,146655,488
2023,8,29,火,すいか,48100,305657,267
2023,8,29,火,バナナ,50100,337148,204
2023,8,29,火,パイナップル,50300,73554,222
2023,8,29,火,レモン,50400,35689,385
2023,8,29,火,オレンジ,50600,48275,316
2023,8,29,火,輸入キウイ,50800,94352,661
2023,8,29,火,輸入メロン,50850,2549,340
2023,8,31,木,みかん,40100,86771,739
2023,8,31,木,りんご計,42000,489356,384
2023,8,31,木,日本なし計,43000,1036130,436
2023,8,31,木,かき計,43500,9243,763
2023,8,31,木,もも,44100,298037,739
2023,8,31,木,すもも,44700,38990,700
2023,8,31,木,ぶどう計,45000,498176,1463
2023,8,31,木,くり,45700,20309,1078
2023,8,31,木,いちご,46100,1802,2622
2023,8,31,木,メロン計,47000,126183,502
2023,8,31,木,すいか,48100,303667,282
2023,8,31,木,キウイフルツ,49300,30,432
2023,8,31,木,バナナ,50100,613027,219
2023,8,31,木,パイナップル,50300,113891,233
2023,8,31,木,レモン,50400,47000,375
2023,8,31,木,オレンジ,50600,35502,340
2023,8,31,木,輸入キウイ,50800,151793,605
2023,8,31,木,輸入メロン,50850,4547,468
2023,9,1,金,みかん,40100,23287,582
2023,9,1,金,りんご計,42000,409762,391
2023,9,1,金,日本なし計,43000,650000,435
2023,9,1,金,かき計,43500,1040,1171
2023,9,1,金,もも,44100,180360,723
2023,9,1,金,すもも,44700,23653,730
2023,9,1,金,ぶどう計,45000,441545,1480
2023,9,1,金,くり,45700,14472,1053
2023,9,1,金,いちご,46100,965,2814
2023,9,1,金,メロン計,47000,141903,475
2023,9,1,金,すいか,48100,260788,291
2023,9,1,金,キウイフルツ,49300,24,400
2023,9,1,金,バナナ,50100,431551,189
2023,9,1,金,パイナップル,50300,81784,221
2023,9,1,金,レモン,50400,27013,424
2023,9,1,金,オレンジ,50600,38230,321
2023,9,1,金,輸入キウイ,50800,97091,693
2023,9,1,金,輸入メロン,50850,3154,407
2023,9,2,土,みかん,40100,66458,742
2023,9,2,土,りんご計,42000,427479,391
2023,9,2,土,日本なし計,43000,690945,439
2023,9,2,土,かき計,43500,11289,772
2023,9,2,土,もも,44100,208104,731
2023,9,2,土,すもも,44700,24045,724
2023,9,2,土,ぶどう計,45000,472916,1464
2023,9,2,土,くり,45700,20976,1033
2023,9,2,土,いちご,46100,1406,2537
2023,9,2,土,メロン計,47000,123725,492
2023,9,2,土,すいか,48100,230885,310
2023,9,2,土,キウイフルツ,49300,24,299
2023,9,2,土,バナナ,50100,328684,202
2023,9,2,土,パイナップル,50300,83785,232
2023,9,2,土,レモン,50400,37192,408
2023,9,2,土,オレンジ,50600,64789,295
2023,9,2,土,輸入キウイ,50800,93949,684
2023,9,2,土,輸入メロン,50850,2822,462
2023,9,4,月,みかん,40100,103628,528
2023,9,4,月,りんご計,42000,544995,380
2023,9,4,月,日本なし計,43000,940362,432
2023,9,4,月,かき計,43500,14759,731
2023,9,4,月,もも,44100,195995,713
2023,9,4,月,すもも,44700,26507,714
2023,9,4,月,ぶどう計,45000,531123,1453
2023,9,4,月,くり,45700,35062,1006
2023,9,4,月,いちご,46100,1315,2645
2023,9,4,月,メロン計,47000,103198,553
2023,9,4,月,すいか,48100,168168,299
2023,9,4,月,キウイフルツ,49300,33,365
2023,9,4,月,バナナ,50100,608945,201
2023,9,4,月,パイナップル,50300,69236,228
2023,9,4,月,レモン,50400,22571,399
2023,9,4,月,オレンジ,50600,47911,311
2023,9,4,月,輸入キウイ,50800,78127,641
2023,9,4,月,輸入メロン,50850,2818,405
2023,9,5,火,みかん,40100,105139,500
2023,9,5,火,りんご計,42000,419464,380
2023,9,5,火,日本なし計,43000,709035,446
2023,9,5,火,かき計,43500,92997,492
2023,9,5,火,もも,44100,170680,735
2023,9,5,火,すもも,44700,18401,734
2023,9,5,火,ぶどう計,45000,507008,1464
2023,9,5,火,くり,45700,33600,1037
2023,9,5,火,いちご,46100,996,2605
2023,9,5,火,メロン計,47000,112626,529
2023,9,5,火,すいか,48100,214278,299
2023,9,5,火,キウイフルツ,49300,12,406
2023,9,5,火,バナナ,50100,318658,207
2023,9,5,火,パイナップル,50300,83629,216
2023,9,5,火,レモン,50400,17435,411
2023,9,5,火,オレンジ,50600,73672,311
2023,9,5,火,輸入キウイ,50800,78252,671
2023,9,5,火,輸入メロン,50850,1765,290
2023,9,7,木,みかん,40100,175081,425
2023,9,7,木,りんご計,42000,637475,382
2023,9,7,木,日本なし計,43000,1063246,432
2023,9,7,木,かき計,43500,76590,521
2023,9,7,木,もも,44100,218318,709
2023,9,7,木,すもも,44700,27352,733
2023,9,7,木,ぶどう計,45000,567360,1463
2023,9,7,木,くり,45700,46759,1025
2023,9,7,木,いちご,46100,1695,2569
2023,9,7,木,メロン計,47000,101390,543
2023,9,7,木,すいか,48100,162999,313
2023,9,7,木,キウイフルツ,49300,12,346
2023,9,7,木,バナナ,50100,471817,206
2023,9,7,木,パイナップル,50300,88490,223
2023,9,7,木,レモン,50400,37104,443
2023,9,7,木,オレンジ,50600,34585,329
2023,9,7,木,輸入キウイ,50800,67814,682
2023,9,7,木,輸入メロン,50850,4443,402
2023,9,8,金,みかん,40100,115496,315
2023,9,8,金,りんご計,42000,412925,383
2023,9,8,金,日本なし計,43000,715599,444
2023,9,8,金,かき計,43500,80459,479
2023,9,8,金,もも,44100,123613,701
2023,9,8,金,すもも,44700,14507,744
2023,9,8,金,ぶどう計,45000,509209,1462
2023,9,8,金,くり,45700,32098,913
2023,9,8,金,いちご,46100,842,2822
2023,9,8,金,メロン計,47000,108039,534
2023,9,8,金,すいか,48100,85451,283
2023,9,8,金,キウイフルツ,49300,6,367
2023,9,8,金,バナナ,50100,430210,198
2023,9,8,金,パイナップル,50300,83368,229
2023,9,8,金,レモン,50400,50168,373
2023,9,8,金,オレンジ,50600,40827,318
2023,9,8,金,輸入キウイ,50800,72691,643
2023,9,8,金,輸入メロン,50850,1897,449
2023,9,9,土,みかん,40100,209388,379
2023,9,9,土,りんご計,42000,508517,380
2023,9,9,土,日本なし計,43000,813293,445
2023,9,9,土,かき計,43500,79183,464
2023,9,9,土,もも,44100,148519,716
2023,9,9,土,すもも,44700,16279,746
2023,9,9,土,ぶどう計,45000,540850,1460
2023,9,9,土,くり,45700,36168,961
2023,9,9,土,いちご,46100,1091,2422
2023,9,9,土,メロン計,47000,98020,565
2023,9,9,土,すいか,48100,123399,309
2023,9,9,土,キウイフルツ,49300,45,285
2023,9,9,土,バナナ,50100,379039,209
2023,9,9,土,パイナップル,50300,86697,223
2023,9,9,土,レモン,50400,38183,368
2023,9,9,土,オレンジ,50600,48561,296
2023,9,9,土,輸入キウイ,50800,97875,669
2023,9,9,土,輸入メロン,50850,3474,380
2023,9,11,月,みかん,40100,284079,314
2023,9,11,月,りんご計,42000,505437,377
2023,9,11,月,日本なし計,43000,1070927,434
2023,9,11,月,かき計,43500,160708,465
2023,9,11,月,もも,44100,141995,733
2023,9,11,月,すもも,44700,27100,736
2023,9,11,月,ぶどう計,45000,542344,1457
2023,9,11,月,くり,45700,51835,959
2023,9,11,月,いちご,46100,1401,2641
2023,9,11,月,メロン計,47000,93396,612
2023,9,11,月,すいか,48100,62529,302
2023,9,11,月,バナナ,50100,434823,221
2023,9,11,月,パイナップル,50300,69612,227
2023,9,11,月,レモン,50400,38919,375
2023,9,11,月,オレンジ,50600,40362,324
2023,9,11,月,輸入キウイ,50800,82724,646
2023,9,11,月,輸入メロン,50850,1112,466
2023,9,12,火,みかん,40100,205344,323
2023,9,12,火,りんご計,42000,461111,375
2023,9,12,火,日本なし計,43000,790058,441
2023,9,12,火,かき計,43500,139507,455
2023,9,12,火,もも,44100,105343,729
2023,9,12,火,すもも,44700,22463,762
2023,9,12,火,ぶどう計,45000,545788,1465
2023,9,12,火,くり,45700,44167,944
2023,9,12,火,いちご,46100,986,2610
2023,9,12,火,メロン計,47000,89333,583
2023,9,12,火,すいか,48100,88882,345
2023,9,12,火,バナナ,50100,375103,207
2023,9,12,火,パイナップル,50300,72051,225
2023,9,12,火,レモン,50400,26520,400
2023,9,12,火,オレンジ,50600,49028,314
2023,9,12,火,輸入キウイ,50800,51863,657
2023,9,12,火,輸入メロン,50850,2536,356
2023,9,14,木,みかん,40100,624731,329
2023,9,14,木,りんご計,42000,614148,372
2023,9,14,木,日本なし計,43000,1131067,438
2023,9,14,木,かき計,43500,353327,437
2023,9,14,木,もも,44100,121179,751
2023,9,14,木,すもも,44700,28128,799
2023,9,14,木,ぶどう計,45000,604838,1472
2023,9,14,木,くり,45700,50931,986
2023,9,14,木,いちご,46100,1704,2567
2023,9,14,木,メロン計,47000,100347,633
2023,9,14,木,すいか,48100,86245,340
2023,9,14,木,キウイフルツ,49300,70,302
2023,9,14,木,バナナ,50100,432743,222
2023,9,14,木,パイナップル,50300,85972,228
2023,9,14,木,レモン,50400,22891,432
2023,9,14,木,オレンジ,50600,51273,325
2023,9,14,木,輸入キウイ,50800,86445,677
2023,9,14,木,輸入メロン,50850,4990,397
2023,9,15,金,みかん,40100,367292,311
2023,9,15,金,りんご計,42000,484308,374
2023,9,15,金,日本なし計,43000,679188,434
2023,9,15,金,かき計,43500,141440,446
2023,9,15,金,もも,44100,61360,779
2023,9,15,金,すもも,44700,20232,807
2023,9,15,金,ぶどう計,45000,535723,1477
2023,9,15,金,くり,45700,35822,941
2023,9,15,金,いちご,46100,724,2835
2023,9,15,金,メロン計,47000,88944,625
2023,9,15,金,すいか,48100,35345,329
2023,9,15,金,キウイフルツ,49300,5,324
2023,9,15,金,バナナ,50100,534062,194
2023,9,15,金,パイナップル,50300,78256,225
2023,9,15,金,レモン,50400,28972,415
2023,9,15,金,オレンジ,50600,58150,316
2023,9,15,金,輸入キウイ,50800,76339,647
2023,9,15,金,輸入メロン,50850,5726,391
2023,9,16,土,みかん,40100,373325,312
2023,9,16,土,りんご計,42000,594207,370
2023,9,16,土,日本なし計,43000,644408,444
2023,9,16,土,かき計,43500,260212,432
2023,9,16,土,もも,44100,83609,754
2023,9,16,土,すもも,44700,23013,785
2023,9,16,土,ぶどう計,45000,562705,1475
2023,9,16,土,くり,45700,38129,895
2023,9,16,土,いちご,46100,1039,2495
2023,9,16,土,メロン計,47000,100448,652
2023,9,16,土,すいか,48100,54265,331
2023,9,16,土,キウイフルツ,49300,306,676
2023,9,16,土,バナナ,50100,421984,215
2023,9,16,土,パイナップル,50300,76369,230
2023,9,16,土,レモン,50400,39729,400
2023,9,16,土,オレンジ,50600,53726,323
2023,9,16,土,輸入キウイ,50800,120313,661
2023,9,16,土,輸入メロン,50850,4782,428
2023,9,18,月,みかん,40100,4205,208
2023,9,18,月,りんご計,42000,2300,427
2023,9,18,月,日本なし計,43000,4950,417
2023,9,18,月,もも,44100,570,866
2023,9,18,月,ぶどう計,45000,382,1647
2023,9,18,月,メロン計,47000,850,412
2023,9,18,月,すいか,48100,1955,430
2023,9,18,月,バナナ,50100,7724,251
2023,9,18,月,パイナップル,50300,2360,281
2023,9,18,月,レモン,50400,889,387
2023,9,18,月,オレンジ,50600,1792,224
2023,9,18,月,輸入キウイ,50800,391,736
2023,9,18,月,輸入メロン,50850,100,375
2023,9,19,火,みかん,40100,725753,306
2023,9,19,火,りんご計,42000,674010,374
2023,9,19,火,日本なし計,43000,1129529,440
2023,9,19,火,かき計,43500,715004,403
2023,9,19,火,もも,44100,86791,747
2023,9,19,火,すもも,44700,29274,826
2023,9,19,火,ぶどう計,45000,640771,1448
2023,9,19,火,くり,45700,68308,896
2023,9,19,火,いちご,46100,2509,2710
2023,9,19,火,メロン計,47000,119549,689
2023,9,19,火,すいか,48100,102871,319
2023,9,19,火,キウイフルツ,49300,12,311
2023,9,19,火,バナナ,50100,594653,222
2023,9,19,火,パイナップル,50300,80547,225
2023,9,19,火,レモン,50400,55619,369
2023,9,19,火,オレンジ,50600,38450,332
2023,9,19,火,輸入キウイ,50800,128961,667
2023,9,19,火,輸入メロン,50850,3912,432
2023,9,20,水,みかん,40100,374894,293
2023,9,20,水,りんご計,42000,449059,373
2023,9,20,水,日本なし計,43000,436699,456
2023,9,20,水,かき計,43500,306080,422
2023,9,20,水,もも,44100,45351,739
2023,9,20,水,すもも,44700,14811,820
2023,9,20,水,ぶどう計,45000,496223,1489
2023,9,20,水,くり,45700,38665,961
2023,9,20,水,いちご,46100,792,2867
2023,9,20,水,メロン計,47000,112287,647
2023,9,20,水,すいか,48100,34275,332
2023,9,20,水,キウイフルツ,49300,24,259
2023,9,20,水,バナナ,50100,268717,201
2023,9,20,水,パイナップル,50300,58369,231
2023,9,20,水,レモン,50400,37363,362
2023,9,20,水,オレンジ,50600,50944,305
2023,9,20,水,輸入キウイ,50800,84872,681
2023,9,20,水,輸入メロン,50850,4332,377
2023,9,21,木,みかん,40100,445751,298
2023,9,21,木,りんご計,42000,503345,370
2023,9,21,木,日本なし計,43000,422178,467
2023,9,21,木,かき計,43500,344068,388
2023,9,21,木,もも,44100,53566,734
2023,9,21,木,すもも,44700,14829,810
2023,9,21,木,ぶどう計,45000,489360,1499
2023,9,21,木,くり,45700,38341,1016
2023,9,21,木,いちご,46100,995,2627
2023,9,21,木,メロン計,47000,106317,654
2023,9,21,木,すいか,48100,35420,362
2023,9,21,木,キウイフルツ,49300,402,406
2023,9,21,木,バナナ,50100,275972,218
2023,9,21,木,パイナップル,50300,61153,228
2023,9,21,木,レモン,50400,27077,396
2023,9,21,木,オレンジ,50600,41972,306
2023,9,21,木,輸入キウイ,50800,85020,645
2023,9,21,木,輸入メロン,50850,1795,413
2023,9,22,金,みかん,40100,444606,310
2023,9,22,金,りんご計,42000,608620,371
2023,9,22,金,日本なし計,43000,499268,460
2023,9,22,金,かき計,43500,391569,395
2023,9,22,金,もも,44100,35455,746
2023,9,22,金,すもも,44700,16948,793
2023,9,22,金,ぶどう計,45000,504075,1492
2023,9,22,金,くり,45700,40718,973
2023,9,22,金,いちご,46100,1342,2704
2023,9,22,金,メロン計,47000,123511,603
2023,9,22,金,すいか,48100,28470,352
2023,9,22,金,キウイフルツ,49300,222,351
2023,9,22,金,バナナ,50100,491637,193
2023,9,22,金,パイナップル,50300,90589,228
2023,9,22,金,レモン,50400,60627,359
2023,9,22,金,オレンジ,50600,89356,295
2023,9,22,金,輸入キウイ,50800,110755,637
2023,9,22,金,輸入メロン,50850,3714,418
2023,9,25,月,みかん,40100,735378,296
2023,9,25,月,りんご計,42000,678079,371
2023,9,25,月,日本なし計,43000,724964,472
2023,9,25,月,かき計,43500,762069,378
2023,9,25,月,もも,44100,62525,735
2023,9,25,月,すもも,44700,22318,761
2023,9,25,月,ぶどう計,45000,570919,1496
2023,9,25,月,くり,45700,59258,1072
2023,9,25,月,いちご,46100,2382,2800
2023,9,25,月,メロン計,47000,122954,648
2023,9,25,月,すいか,48100,48633,322
2023,9,25,月,キウイフルツ,49300,123,746
2023,9,25,月,バナナ,50100,819915,218
2023,9,25,月,パイナップル,50300,87309,235
2023,9,25,月,レモン,50400,34870,391
2023,9,25,月,オレンジ,50600,53592,321
2023,9,25,月,輸入キウイ,50800,88422,662
2023,9,25,月,輸入メロン,50850,4223,455
2023,9,26,火,みかん,40100,353324,304
2023,9,26,火,りんご計,42000,494188,381
2023,9,26,火,日本なし計,43000,502599,473
2023,9,26,火,かき計,43500,300659,373
2023,9,26,火,もも,44100,25641,718
2023,9,26,火,すもも,44700,13772,821
2023,9,26,火,ぶどう計,45000,459563,1520
2023,9,26,火,くり,45700,41856,1077
2023,9,26,火,いちご,46100,1098,2873
2023,9,26,火,メロン計,47000,129607,597
2023,9,26,火,すいか,48100,19950,336
2023,9,26,火,キウイフルツ,49300,24,313
2023,9,26,火,バナナ,50100,376469,214
2023,9,26,火,パイナップル,50300,74769,222
2023,9,26,火,レモン,50400,34935,376
2023,9,26,火,オレンジ,50600,40281,331
2023,9,26,火,輸入キウイ,50800,145764,646
2023,9,26,火,輸入メロン,50850,2571,410
2023,9,28,木,みかん,40100,771594,290
2023,9,28,木,りんご計,42000,603149,382
2023,9,28,木,日本なし計,43000,574378,490
2023,9,28,木,かき計,43500,764538,365
2023,9,28,木,もも,44100,34499,709
2023,9,28,木,すもも,44700,17880,796
2023,9,28,木,ぶどう計,45000,516360,1535
2023,9,28,木,くり,45700,60474,1092
2023,9,28,木,いちご,46100,1872,2786
2023,9,28,木,メロン計,47000,129603,678
2023,9,28,木,すいか,48100,49293,326
2023,9,28,木,キウイフルツ,49300,1401,737
2023,9,28,木,バナナ,50100,408212,231
2023,9,28,木,パイナップル,50300,90667,231
2023,9,28,木,レモン,50400,30824,397
2023,9,28,木,オレンジ,50600,50297,316
2023,9,28,木,輸入キウイ,50800,90713,637
2023,9,28,木,輸入メロン,50850,7393,445
2023,9,29,金,みかん,40100,523517,286
2023,9,29,金,りんご計,42000,461108,408
2023,9,29,金,日本なし計,43000,325596,486
2023,9,29,金,かき計,43500,544344,360
2023,9,29,金,もも,44100,17987,715
2023,9,29,金,すもも,44700,13418,795
2023,9,29,金,ぶどう計,45000,416119,1545
2023,9,29,金,くり,45700,40440,1062
2023,9,29,金,いちご,46100,851,2925
2023,9,29,金,メロン計,47000,119457,631
2023,9,29,金,すいか,48100,29095,278
2023,9,29,金,キウイフルツ,49300,652,980
2023,9,29,金,バナナ,50100,531143,201
2023,9,29,金,パイナップル,50300,73734,239
2023,9,29,金,レモン,50400,28199,409
2023,9,29,金,オレンジ,50600,43274,311
2023,9,29,金,輸入キウイ,50800,73611,623
2023,9,29,金,輸入メロン,50850,4566,378
2023,9,30,土,みかん,40100,587749,278
2023,9,30,土,りんご計,42000,541040,388
2023,9,30,土,日本なし計,43000,413112,465
2023,9,30,土,かき計,43500,627806,364
2023,9,30,土,もも,44100,17164,807
2023,9,30,土,すもも,44700,11292,826
2023,9,30,土,ぶどう計,45000,423447,1550
2023,9,30,土,くり,45700,47563,1114
2023,9,30,土,いちご,46100,1356,2752
2023,9,30,土,メロン計,47000,112546,622
2023,9,30,土,すいか,48100,24570,338
2023,9,30,土,キウイフルツ,49300,556,832
2023,9,30,土,バナナ,50100,574887,212
2023,9,30,土,パイナップル,50300,92249,234
2023,9,30,土,レモン,50400,47535,367
2023,9,30,土,オレンジ,50600,47066,315
2023,9,30,土,輸入キウイ,50800,191027,705
2023,9,30,土,輸入メロン,50850,4996,439
2023,10,2,月,みかん,40100,1135682,279
2023,10,2,月,りんご計,42000,557761,406
2023,10,2,月,日本なし計,43000,328231,496
2023,10,2,月,かき計,43500,987479,345
2023,10,2,月,もも,44100,16732,725
2023,10,2,月,すもも,44700,6955,867
2023,10,2,月,ぶどう計,45000,392209,1568
2023,10,2,月,くり,45700,63247,1117
2023,10,2,月,いちご,46100,1459,2962
2023,10,2,月,メロン計,47000,101593,623
2023,10,2,月,すいか,48100,33334,305
2023,10,2,月,キウイフルツ,49300,5317,1083
2023,10,2,月,バナナ,50100,384135,220
2023,10,2,月,パイナップル,50300,56235,229
2023,10,2,月,レモン,50400,28636,385
2023,10,2,月,オレンジ,50600,36222,322
2023,10,2,月,輸入おうとう,50700,66,65
2023,10,2,月,輸入キウイ,50800,78422,652
2023,10,2,月,輸入メロン,50850,4182,377
2023,10,3,火,みかん,40100,567430,291
2023,10,3,火,りんご計,42000,449756,437
2023,10,3,火,日本なし計,43000,316059,484
2023,10,3,火,かき計,43500,701596,352
2023,10,3,火,もも,44100,9620,704
2023,10,3,火,すもも,44700,7556,937
2023,10,3,火,ぶどう計,45000,371193,1594
2023,10,3,火,くり,45700,62065,1107
2023,10,3,火,いちご,46100,1676,2946
2023,10,3,火,メロン計,47000,110359,594
2023,10,3,火,すいか,48100,5995,411
2023,10,3,火,キウイフルツ,49300,2928,1065
2023,10,3,火,バナナ,50100,345257,204
2023,10,3,火,パイナップル,50300,53590,228
2023,10,3,火,レモン,50400,27347,394
2023,10,3,火,オレンジ,50600,25940,332
2023,10,3,火,輸入キウイ,50800,49421,661
2023,10,3,火,輸入メロン,50850,1271,374
2023,10,5,木,みかん,40100,1116101,280
2023,10,5,木,りんご計,42000,716553,450
2023,10,5,木,日本なし計,43000,429403,470
2023,10,5,木,かき計,43500,1118012,338
2023,10,5,木,もも,44100,12749,725
2023,10,5,木,すもも,44700,7198,1118
2023,10,5,木,ぶどう計,45000,416454,1626
2023,10,5,木,くり,45700,66361,1134
2023,10,5,木,いちご,46100,1932,2968
2023,10,5,木,メロン計,47000,115381,635
2023,10,5,木,すいか,48100,51794,311
2023,10,5,木,キウイフルツ,49300,7023,1058
2023,10,5,木,バナナ,50100,442845,222
2023,10,5,木,パイナップル,50300,77981,235
2023,10,5,木,レモン,50400,33242,373
2023,10,5,木,オレンジ,50600,48043,320
2023,10,5,木,輸入キウイ,50800,83576,646
2023,10,5,木,輸入メロン,50850,4373,450
2023,10,6,金,みかん,40100,968718,277
2023,10,6,金,りんご計,42000,528328,450
2023,10,6,金,日本なし計,43000,195743,463
2023,10,6,金,かき計,43500,703121,340
2023,10,6,金,もも,44100,2913,635
2023,10,6,金,すもも,44700,3930,916
2023,10,6,金,ぶどう計,45000,308091,1641
2023,10,6,金,くり,45700,45190,1039
2023,10,6,金,いちご,46100,795,4526
2023,10,6,金,メロン計,47000,109306,682
2023,10,6,金,すいか,48100,19098,314
2023,10,6,金,キウイフルツ,49300,3986,999
2023,10,6,金,バナナ,50100,426845,195
2023,10,6,金,パイナップル,50300,72032,239
2023,10,6,金,レモン,50400,37409,397
2023,10,6,金,オレンジ,50600,36603,326
2023,10,6,金,輸入キウイ,50800,86816,656
2023,10,6,金,輸入メロン,50850,1968,438
2023,10,7,土,みかん,40100,1018352,278
2023,10,7,土,りんご計,42000,756982,460
2023,10,7,土,日本なし計,43000,277493,480
2023,10,7,土,かき計,43500,863065,335
2023,10,7,土,もも,44100,4831,685
2023,10,7,土,すもも,44700,4300,928
2023,10,7,土,ぶどう計,45000,391129,1634
2023,10,7,土,くり,45700,49392,1016
2023,10,7,土,いちご,46100,1255,2827
2023,10,7,土,メロン計,47000,118697,606
2023,10,7,土,すいか,48100,21326,331
2023,10,7,土,キウイフルツ,49300,4219,1053
2023,10,7,土,バナナ,50100,423599,216
2023,10,7,土,パイナップル,50300,77674,230
2023,10,7,土,レモン,50400,30732,384
2023,10,7,土,オレンジ,50600,85934,291
2023,10,7,土,輸入キウイ,50800,101635,657
2023,10,7,土,輸入メロン,50850,3945,370
2023,10,9,月,みかん,40100,6566,249
2023,10,9,月,りんご計,42000,1880,567
2023,10,9,月,日本なし計,43000,380,632
2023,10,9,月,かき計,43500,6653,441
2023,10,9,月,ぶどう計,45000,210,2501
2023,10,9,月,メロン計,47000,379,658
2023,10,9,月,すいか,48100,60,288
2023,10,9,月,バナナ,50100,7543,244
2023,10,9,月,パイナップル,50300,2530,255
2023,10,9,月,レモン,50400,1867,357
2023,10,9,月,オレンジ,50600,2036,329
2023,10,9,月,輸入キウイ,50800,378,705
2023,10,10,火,みかん,40100,1358812,280
2023,10,10,火,りんご計,42000,963627,466
2023,10,10,火,日本なし計,43000,380372,456
2023,10,10,火,かき計,43500,1824390,312
2023,10,10,火,もも,44100,2577,714
2023,10,10,火,すもも,44700,3588,1136
2023,10,10,火,ぶどう計,45000,394444,1672
2023,10,10,火,くり,45700,56555,1038
2023,10,10,火,いちご,46100,1640,3064
2023,10,10,火,メロン計,47000,104259,621
2023,10,10,火,すいか,48100,59505,313
2023,10,10,火,キウイフルツ,49300,7187,981
2023,10,10,火,バナナ,50100,613556,217
2023,10,10,火,パイナップル,50300,74100,241
2023,10,10,火,レモン,50400,40981,379
2023,10,10,火,オレンジ,50600,37915,332
2023,10,10,火,輸入キウイ,50800,64127,672
2023,10,10,火,輸入メロン,50850,7087,414
2023,10,11,水,みかん,40100,619251,267
2023,10,11,水,りんご計,42000,487799,461
2023,10,11,水,日本なし計,43000,139702,493
2023,10,11,水,かき計,43500,695135,308
2023,10,11,水,もも,44100,830,695
2023,10,11,水,すもも,44700,1733,1302
2023,10,11,水,ぶどう計,45000,231140,1711
2023,10,11,水,くり,45700,29113,967
2023,10,11,水,いちご,46100,638,3262
2023,10,11,水,メロン計,47000,68864,657
2023,10,11,水,すいか,48100,9707,305
2023,10,11,水,キウイフルツ,49300,279,892
2023,10,11,水,バナナ,50100,159466,217
2023,10,11,水,パイナップル,50300,32046,238
2023,10,11,水,レモン,50400,17898,386
2023,10,11,水,オレンジ,50600,20001,327
2023,10,11,水,輸入キウイ,50800,37272,694
2023,10,11,水,輸入メロン,50850,1104,429
2023,10,12,木,みかん,40100,1030796,277
2023,10,12,木,りんご計,42000,778865,468
2023,10,12,木,日本なし計,43000,220899,472
2023,10,12,木,かき計,43500,830393,306
2023,10,12,木,もも,44100,1727,690
2023,10,12,木,すもも,44700,1945,1511
2023,10,12,木,ぶどう計,45000,314349,1726
2023,10,12,木,くり,45700,38195,1018
2023,10,12,木,いちご,46100,1062,3014
2023,10,12,木,メロン計,47000,80682,653
2023,10,12,木,すいか,48100,17012,377
2023,10,12,木,キウイフルツ,49300,2759,928
2023,10,12,木,バナナ,50100,379036,218
2023,10,12,木,パイナップル,50300,62542,230
2023,10,12,木,レモン,50400,30695,375
2023,10,12,木,オレンジ,50600,33918,320
2023,10,12,木,輸入キウイ,50800,60751,681
2023,10,12,木,輸入メロン,50850,1827,398
2023,10,13,金,みかん,40100,901268,272
2023,10,13,金,りんご計,42000,751777,475
2023,10,13,金,日本なし計,43000,87559,467
2023,10,13,金,かき計,43500,815244,309
2023,10,13,金,もも,44100,270,640
2023,10,13,金,すもも,44700,1082,1546
2023,10,13,金,ぶどう計,45000,267038,1722
2023,10,13,金,くり,45700,29835,931
2023,10,13,金,いちご,46100,767,4351
2023,10,13,金,メロン計,47000,73327,659
2023,10,13,金,すいか,48100,17066,260
2023,10,13,金,キウイフルツ,49300,3043,1120
2023,10,13,金,バナナ,50100,594643,205
2023,10,13,金,パイナップル,50300,76964,230
2023,10,13,金,レモン,50400,28756,373
2023,10,13,金,オレンジ,50600,42803,315
2023,10,13,金,輸入キウイ,50800,59501,648
2023,10,13,金,輸入メロン,50850,1287,447
2023,10,14,土,みかん,40100,1032628,276
2023,10,14,土,りんご計,42000,856091,466
2023,10,14,土,日本なし計,43000,236424,473
2023,10,14,土,かき計,43500,860184,307
2023,10,14,土,もも,44100,310,690
2023,10,14,土,すもも,44700,1041,2061
2023,10,14,土,ぶどう計,45000,296423,1748
2023,10,14,土,くり,45700,30539,973
2023,10,14,土,いちご,46100,1514,3294
2023,10,14,土,メロン計,47000,67394,675
2023,10,14,土,すいか,48100,17979,329
2023,10,14,土,キウイフルツ,49300,7647,654
2023,10,14,土,バナナ,50100,403887,211
2023,10,14,土,パイナップル,50300,67943,236
2023,10,14,土,レモン,50400,29017,366
2023,10,14,土,オレンジ,50600,34299,296
2023,10,14,土,輸入キウイ,50800,77469,665
2023,10,14,土,輸入メロン,50850,3031,426
2023,10,16,月,みかん,40100,1257822,283
2023,10,16,月,りんご計,42000,826897,464
2023,10,16,月,日本なし計,43000,131228,482
2023,10,16,月,かき計,43500,1371428,300
2023,10,16,月,もも,44100,105,539
2023,10,16,月,すもも,44700,814,1749
2023,10,16,月,ぶどう計,45000,232916,1772
2023,10,16,月,くり,45700,23423,906
2023,10,16,月,いちご,46100,1873,3462
2023,10,16,月,メロン計,47000,54885,728
2023,10,16,月,すいか,48100,41971,300
2023,10,16,月,キウイフルツ,49300,4734,579
2023,10,16,月,バナナ,50100,483097,208
2023,10,16,月,パイナップル,50300,54749,248
2023,10,16,月,レモン,50400,29114,390
2023,10,16,月,オレンジ,50600,31990,321
2023,10,16,月,輸入キウイ,50800,68451,688
2023,10,16,月,輸入メロン,50850,3196,402
2023,10,17,火,みかん,40100,825531,291
2023,10,17,火,りんご計,42000,704304,467
2023,10,17,火,日本なし計,43000,148586,485
2023,10,17,火,かき計,43500,926287,319
2023,10,17,火,もも,44100,70,532
2023,10,17,火,すもも,44700,420,2197
2023,10,17,火,ぶどう計,45000,246971,1758
2023,10,17,火,くり,45700,28951,907
2023,10,17,火,いちご,46100,1479,3464
2023,10,17,火,メロン計,47000,54671,711
2023,10,17,火,すいか,48100,12969,340
2023,10,17,火,キウイフルツ,49300,3846,825
2023,10,17,火,バナナ,50100,324434,217
2023,10,17,火,パイナップル,50300,46161,231
2023,10,17,火,レモン,50400,30619,356
2023,10,17,火,オレンジ,50600,47315,307
2023,10,17,火,輸入キウイ,50800,82677,684
2023,10,17,火,輸入メロン,50850,752,470
2023,10,19,木,みかん,40100,1737059,290
2023,10,19,木,りんご計,42000,871875,466
2023,10,19,木,日本なし計,43000,269862,491
2023,10,19,木,かき計,43500,1198672,319
2023,10,19,木,すもも,44700,677,1191
2023,10,19,木,ぶどう計,45000,277404,1787
2023,10,19,木,くり,45700,29551,913
2023,10,19,木,いちご,46100,2128,3502
2023,10,19,木,メロン計,47000,55897,741
2023,10,19,木,すいか,48100,27908,300
2023,10,19,木,キウイフルツ,49300,6765,646
2023,10,19,木,バナナ,50100,422352,226
2023,10,19,木,パイナップル,50300,73879,243
2023,10,19,木,レモン,50400,35080,360
2023,10,19,木,オレンジ,50600,30500,315
2023,10,19,木,輸入キウイ,50800,59485,694
2023,10,19,木,輸入メロン,50850,2836,430
2023,10,20,金,みかん,40100,1230553,278
2023,10,20,金,りんご計,42000,644344,467
2023,10,20,金,日本なし計,43000,80896,492
2023,10,20,金,かき計,43500,601603,324
2023,10,20,金,もも,44100,185,519
2023,10,20,金,すもも,44700,920,1665
2023,10,20,金,ぶどう計,45000,196705,1799
2023,10,20,金,くり,45700,25758,842
2023,10,20,金,いちご,46100,1548,3670
2023,10,20,金,メロン計,47000,48507,729
2023,10,20,金,すいか,48100,7049,376
2023,10,20,金,キウイフルツ,49300,6840,581
2023,10,20,金,バナナ,50100,436101,203
2023,10,20,金,パイナップル,50300,71278,239
2023,10,20,金,レモン,50400,33299,380
2023,10,20,金,オレンジ,50600,41770,318
2023,10,20,金,輸入キウイ,50800,68966,621
2023,10,20,金,輸入メロン,50850,4339,405
2023,10,21,土,みかん,40100,1412580,288
2023,10,21,土,りんご計,42000,782884,464
2023,10,21,土,日本なし計,43000,186413,509
2023,10,21,土,かき計,43500,766385,340
2023,10,21,土,もも,44100,45,828
2023,10,21,土,すもも,44700,238,978
2023,10,21,土,ぶどう計,45000,235796,1780
2023,10,21,土,くり,45700,29257,807
2023,10,21,土,いちご,46100,1764,3797
2023,10,21,土,メロン計,47000,48016,725
2023,10,21,土,すいか,48100,11902,351
2023,10,21,土,キウイフルツ,49300,15827,614
2023,10,21,土,バナナ,50100,289942,218
2023,10,21,土,パイナップル,50300,55141,233
2023,10,21,土,レモン,50400,38396,365
2023,10,21,土,オレンジ,50600,39754,306
2023,10,21,土,輸入キウイ,50800,59499,660
2023,10,21,土,輸入メロン,50850,883,423
2023,10,23,月,みかん,40100,1372451,289
2023,10,23,月,りんご計,42000,751295,451
2023,10,23,月,日本なし計,43000,86288,485
2023,10,23,月,かき計,43500,1083031,332
2023,10,23,月,すもも,44700,132,3790
2023,10,23,月,ぶどう計,45000,190565,1833
2023,10,23,月,くり,45700,19303,768
2023,10,23,月,いちご,46100,2185,4230
2023,10,23,月,メロン計,47000,45941,815
2023,10,23,月,すいか,48100,14000,352
2023,10,23,月,キウイフルツ,49300,7934,683
2023,10,23,月,バナナ,50100,536035,222
2023,10,23,月,パイナップル,50300,48018,246
2023,10,23,月,レモン,50400,36080,341
2023,10,23,月,オレンジ,50600,45074,313
2023,10,23,月,輸入キウイ,50800,66385,654
2023,10,23,月,輸入メロン,50850,1959,414
2023,10,24,火,みかん,40100,851666,286
2023,10,24,火,りんご計,42000,578017,460
2023,10,24,火,日本なし計,43000,148552,512
2023,10,24,火,かき計,43500,713400,349
2023,10,24,火,すもも,44700,291,2766
2023,10,24,火,ぶどう計,45000,189268,1836
2023,10,24,火,くり,45700,22316,769
2023,10,24,火,いちご,46100,1823,3928
2023,10,24,火,メロン計,47000,35950,915
2023,10,24,火,すいか,48100,5605,366
2023,10,24,火,キウイフルツ,49300,18355,741
2023,10,24,火,バナナ,50100,345994,217
2023,10,24,火,パイナップル,50300,66616,237
2023,10,24,火,レモン,50400,30930,371
2023,10,24,火,オレンジ,50600,26647,333
2023,10,24,火,輸入キウイ,50800,53278,667
2023,10,24,火,輸入メロン,50850,3156,462
2023,10,26,木,みかん,40100,1534107,293
2023,10,26,木,りんご計,42000,791634,441
2023,10,26,木,日本なし計,43000,186873,518
2023,10,26,木,かき計,43500,1004451,342
2023,10,26,木,すもも,44700,128,702
2023,10,26,木,ぶどう計,45000,218829,1844
2023,10,26,木,くり,45700,27622,706
2023,10,26,木,いちご,46100,3072,4123
2023,10,26,木,メロン計,47000,50988,806
2023,10,26,木,すいか,48100,20484,337
2023,10,26,木,キウイフルツ,49300,12495,827
2023,10,26,木,バナナ,50100,353426,232
2023,10,26,木,パイナップル,50300,61934,243
2023,10,26,木,レモン,50400,35117,360
2023,10,26,木,オレンジ,50600,29987,324
2023,10,26,木,輸入キウイ,50800,59608,662
2023,10,26,木,輸入メロン,50850,2596,446
2023,10,27,金,みかん,40100,852148,300
2023,10,27,金,りんご計,42000,612757,465
2023,10,27,金,日本なし計,43000,111197,531
2023,10,27,金,かき計,43500,644256,354
2023,10,27,金,ぶどう計,45000,143987,1888
2023,10,27,金,くり,45700,17881,733
2023,10,27,金,いちご,46100,2081,4062
2023,10,27,金,メロン計,47000,27579,1049
2023,10,27,金,すいか,48100,10724,306
2023,10,27,金,キウイフルツ,49300,9422,676
2023,10,27,金,バナナ,50100,495504,203
2023,10,27,金,パイナップル,50300,80937,248
2023,10,27,金,レモン,50400,31390,346
2023,10,27,金,オレンジ,50600,34919,311
2023,10,27,金,輸入キウイ,50800,59689,671
2023,10,27,金,輸入メロン,50850,2298,413
2023,10,28,土,みかん,40100,1146726,309
2023,10,28,土,りんご計,42000,663425,455
2023,10,28,土,日本なし計,43000,129797,516
2023,10,28,土,かき計,43500,812599,351
2023,10,28,土,すもも,44700,73,686
2023,10,28,土,ぶどう計,45000,167809,1850
2023,10,28,土,くり,45700,14879,783
2023,10,28,土,いちご,46100,2815,4365
2023,10,28,土,メロン計,47000,36219,815
2023,10,28,土,すいか,48100,27587,328
2023,10,28,土,キウイフルツ,49300,8967,705
2023,10,28,土,バナナ,50100,302314,215
2023,10,28,土,パイナップル,50300,75061,235
2023,10,28,土,レモン,50400,39704,362
2023,10,28,土,オレンジ,50600,33603,314
2023,10,28,土,輸入キウイ,50800,74300,672
2023,10,28,土,輸入メロン,50850,1778,461
2023,10,30,月,みかん,40100,1522199,310
2023,10,30,月,りんご計,42000,662630,440
2023,10,30,月,日本なし計,43000,88938,398
2023,10,30,月,かき計,43500,1039782,350
2023,10,30,月,もも,44100,15,360
2023,10,30,月,ぶどう計,45000,151946,1889
2023,10,30,月,くり,45700,15053,969
2023,10,30,月,いちご,46100,3815,4416
2023,10,30,月,メロン計,47000,33879,933
2023,10,30,月,すいか,48100,24103,268
2023,10,30,月,キウイフルツ,49300,8712,677
2023,10,30,月,バナナ,50100,517173,222
2023,10,30,月,パイナップル,50300,47497,239
2023,10,30,月,レモン,50400,29607,366
2023,10,30,月,オレンジ,50600,31398,321
2023,10,30,月,輸入キウイ,50800,66995,675
2023,10,30,月,輸入メロン,50850,1046,479
2023,10,31,火,みかん,40100,862292,306
2023,10,31,火,りんご計,42000,488297,455
2023,10,31,火,日本なし計,43000,81418,521
2023,10,31,火,かき計,43500,914625,352
2023,10,31,火,ぶどう計,45000,118216,1927
2023,10,31,火,くり,45700,10961,1024
2023,10,31,火,いちご,46100,5092,4274
2023,10,31,火,メロン計,47000,30788,910
2023,10,31,火,すいか,48100,11855,310
2023,10,31,火,キウイフルツ,49300,13964,681
2023,10,31,火,バナナ,50100,417802,224
2023,10,31,火,パイナップル,50300,72430,247
2023,10,31,火,レモン,50400,29973,382
2023,10,31,火,オレンジ,50600,32451,336
2023,10,31,火,輸入キウイ,50800,84652,536
2023,10,31,火,輸入メロン,50850,2356,432
2023,11,1,水,みかん,40100,139149,287
2023,11,1,水,りんご計,42000,138638,453
2023,11,1,水,日本なし計,43000,20110,518
2023,11,1,水,かき計,43500,209512,351
2023,11,1,水,ぶどう計,45000,19209,1696
2023,11,1,水,くり,45700,985,1061
2023,11,1,水,いちご,46100,208,4363
2023,11,1,水,メロン計,47000,4640,671
2023,11,1,水,すいか,48100,260,677
2023,11,1,水,キウイフルツ,49300,7395,992
2023,11,1,水,バナナ,50100,55974,234
2023,11,1,水,パイナップル,50300,16458,217
2023,11,1,水,レモン,50400,14978,333
2023,11,1,水,オレンジ,50600,8896,320
2023,11,1,水,輸入キウイ,50800,80835,647
2023,11,1,水,輸入メロン,50850,30,648
2023,11,2,木,みかん,40100,1628722,321
2023,11,2,木,りんご計,42000,799469,446
2023,11,2,木,日本なし計,43000,70351,518
2023,11,2,木,かき計,43500,1171357,356
2023,11,2,木,もも,44100,1240,1136
2023,11,2,木,ぶどう計,45000,137858,1934
2023,11,2,木,くり,45700,9330,1046
2023,11,2,木,いちご,46100,11993,3800
2023,11,2,木,メロン計,47000,47461,905
2023,11,2,木,すいか,48100,31998,282
2023,11,2,木,キウイフルツ,49300,21278,747
2023,11,2,木,バナナ,50100,485615,196
2023,11,2,木,パイナップル,50300,70271,231
2023,11,2,木,レモン,50400,32859,364
2023,11,2,木,オレンジ,50600,39940,319
2023,11,2,木,輸入キウイ,50800,33481,646
2023,11,2,木,輸入メロン,50850,2123,584
2023,11,3,金,みかん,40100,698339,331
2023,11,3,金,りんご計,42000,294082,453
2023,11,3,金,日本なし計,43000,19200,494
2023,11,3,金,かき計,43500,368406,346
2023,11,3,金,もも,44100,135,702
2023,11,3,金,ぶどう計,45000,50472,2023
2023,11,3,金,くり,45700,8975,1120
2023,11,3,金,いちご,46100,2364,3669
2023,11,3,金,メロン計,47000,12449,1322
2023,11,3,金,すいか,48100,1528,511
2023,11,3,金,キウイフルツ,49300,3298,587
2023,11,3,金,バナナ,50100,90596,184
2023,11,3,金,パイナップル,50300,14826,233
2023,11,3,金,レモン,50400,9791,349
2023,11,3,金,オレンジ,50600,9894,302
2023,11,3,金,輸入キウイ,50800,8964,706
2023,11,3,金,輸入メロン,50850,1109,458
2023,11,4,土,みかん,40100,1389395,315
2023,11,4,土,りんご計,42000,656765,451
2023,11,4,土,日本なし計,43000,60129,522
2023,11,4,土,かき計,43500,983593,346
2023,11,4,土,すもも,44700,244,135
2023,11,4,土,ぶどう計,45000,117893,1954
2023,11,4,土,くり,45700,6591,951
2023,11,4,土,いちご,46100,12493,3844
2023,11,4,土,メロン計,47000,53461,833
2023,11,4,土,すいか,48100,26501,286
2023,11,4,土,キウイフルツ,49300,32080,555
2023,11,4,土,バナナ,50100,675610,196
2023,11,4,土,パイナップル,50300,80940,233
2023,11,4,土,レモン,50400,44890,354
2023,11,4,土,オレンジ,50600,36614,321
2023,11,4,土,輸入キウイ,50800,67199,662
2023,11,4,土,輸入メロン,50850,2213,455
2023,11,6,月,みかん,40100,1729143,320
2023,11,6,月,りんご計,42000,620513,451
2023,11,6,月,日本なし計,43000,23392,471
2023,11,6,月,かき計,43500,1020345,347
2023,11,6,月,すもも,44700,12,540
2023,11,6,月,ぶどう計,45000,90112,2005
2023,11,6,月,くり,45700,5644,1164
2023,11,6,月,いちご,46100,14278,3302
2023,11,6,月,メロン計,47000,50046,826
2023,11,6,月,すいか,48100,19551,293
2023,11,6,月,キウイフルツ,49300,18263,618
2023,11,6,月,バナナ,50100,516170,209
2023,11,6,月,パイナップル,50300,55842,229
2023,11,6,月,レモン,50400,23896,399
2023,11,6,月,オレンジ,50600,28418,337
2023,11,6,月,輸入キウイ,50800,36738,634
2023,11,6,月,輸入メロン,50850,3277,403
2023,11,7,火,みかん,40100,1176830,315
2023,11,7,火,りんご計,42000,427755,464
2023,11,7,火,日本なし計,43000,47153,490
2023,11,7,火,かき計,43500,772607,336
2023,11,7,火,ぶどう計,45000,78162,2048
2023,11,7,火,くり,45700,11671,1110
2023,11,7,火,いちご,46100,14033,3154
2023,11,7,火,メロン計,47000,31240,881
2023,11,7,火,すいか,48100,8135,348
2023,11,7,火,キウイフルツ,49300,15620,759
2023,11,7,火,バナナ,50100,353744,216
2023,11,7,火,パイナップル,50300,76934,239
2023,11,7,火,レモン,50400,25395,356
2023,11,7,火,オレンジ,50600,34747,327
2023,11,7,火,輸入キウイ,50800,29831,644
2023,11,7,火,輸入メロン,50850,2078,475
2023,11,9,木,みかん,40100,2146588,321
2023,11,9,木,りんご計,42000,729661,472
2023,11,9,木,日本なし計,43000,39974,511
2023,11,9,木,かき計,43500,864839,357
2023,11,9,木,すもも,44700,132,54
2023,11,9,木,ぶどう計,45000,95284,2008
2023,11,9,木,くり,45700,5457,1147
2023,11,9,木,いちご,46100,25288,2721
2023,11,9,木,メロン計,47000,55576,830
2023,11,9,木,すいか,48100,29415,309
2023,11,9,木,キウイフルツ,49300,26845,665
2023,11,9,木,バナナ,50100,431171,220
2023,11,9,木,パイナップル,50300,89657,224
2023,11,9,木,レモン,50400,42717,363
2023,11,9,木,オレンジ,50600,35702,331
2023,11,9,木,輸入キウイ,50800,68767,623
2023,11,9,木,輸入メロン,50850,4599,445
2023,11,10,金,みかん,40100,1707139,315
2023,11,10,金,りんご計,42000,526680,442
2023,11,10,金,日本なし計,43000,13920,534
2023,11,10,金,かき計,43500,595089,337
2023,11,10,金,ぶどう計,45000,61730,2115
2023,11,10,金,くり,45700,8125,1158
2023,11,10,金,いちご,46100,15927,2655
2023,11,10,金,メロン計,47000,26653,934
2023,11,10,金,すいか,48100,11633,368
2023,11,10,金,キウイフルツ,49300,30917,904
2023,11,10,金,バナナ,50100,449762,205
2023,11,10,金,パイナップル,50300,70849,242
2023,11,10,金,レモン,50400,32763,352
2023,11,10,金,オレンジ,50600,36000,326
2023,11,10,金,輸入キウイ,50800,30382,636
2023,11,10,金,輸入メロン,50850,1263,456
2023,11,11,土,みかん,40100,1638259,311
2023,11,11,土,りんご計,42000,613012,458
2023,11,11,土,日本なし計,43000,31534,507
2023,11,11,土,かき計,43500,664580,350
2023,11,11,土,もも,44100,90,1458
2023,11,11,土,ぶどう計,45000,70988,2027
2023,11,11,土,くり,45700,10386,1187
2023,11,11,土,いちご,46100,23748,2744
2023,11,11,土,メロン計,47000,45374,788
2023,11,11,土,すいか,48100,16339,289
2023,11,11,土,キウイフルツ,49300,26924,706
2023,11,11,土,バナナ,50100,422271,216
2023,11,11,土,パイナップル,50300,83195,236
2023,11,11,土,レモン,50400,34821,378
2023,11,11,土,オレンジ,50600,45489,320
2023,11,11,土,輸入キウイ,50800,36669,639
2023,11,11,土,輸入メロン,50850,2299,544
2023,11,13,月,みかん,40100,2255519,315
2023,11,13,月,りんご計,42000,644068,443
2023,11,13,月,日本なし計,43000,13225,511
2023,11,13,月,かき計,43500,587519,355
2023,11,13,月,ぶどう計,45000,69909,2093
2023,11,13,月,くり,45700,6843,1010
2023,11,13,月,いちご,46100,23578,2597
2023,11,13,月,メロン計,47000,55776,779
2023,11,13,月,すいか,48100,19522,324
2023,11,13,月,キウイフルツ,49300,22842,687
2023,11,13,月,バナナ,50100,400061,225
2023,11,13,月,パイナップル,50300,40773,238
2023,11,13,月,レモン,50400,30550,348
2023,11,13,月,オレンジ,50600,31011,336
2023,11,13,月,輸入キウイ,50800,24679,653
2023,11,13,月,輸入メロン,50850,1130,478
2023,11,14,火,みかん,40100,1467706,309
2023,11,14,火,りんご計,42000,660922,433
2023,11,14,火,日本なし計,43000,12216,494
2023,11,14,火,かき計,43500,621241,340
2023,11,14,火,もも,44100,175,1293
2023,11,14,火,ぶどう計,45000,58179,2101
2023,11,14,火,くり,45700,5190,917
2023,11,14,火,いちご,46100,24038,2536
2023,11,14,火,メロン計,47000,36885,836
2023,11,14,火,すいか,48100,8930,276
2023,11,14,火,キウイフルツ,49300,14337,767
2023,11,14,火,バナナ,50100,385200,212
2023,11,14,火,パイナップル,50300,65572,237
2023,11,14,火,レモン,50400,27282,371
2023,11,14,火,オレンジ,50600,27715,336
2023,11,14,火,輸入キウイ,50800,24250,603
2023,11,14,火,輸入メロン,50850,2357,520
2023,11,16,木,みかん,40100,2387021,313
2023,11,16,木,りんご計,42000,946367,422
2023,11,16,木,日本なし計,43000,32390,474
2023,11,16,木,かき計,43500,761413,345
2023,11,16,木,もも,44100,251,3259
2023,11,16,木,ぶどう計,45000,73176,2099
2023,11,16,木,くり,45700,3420,997
2023,11,16,木,いちご,46100,36394,2645
2023,11,16,木,メロン計,47000,62749,775
2023,11,16,木,すいか,48100,16900,271
2023,11,16,木,キウイフルツ,49300,35643,656
2023,11,16,木,バナナ,50100,454641,220
2023,11,16,木,パイナップル,50300,66318,232
2023,11,16,木,レモン,50400,31889,380
2023,11,16,木,オレンジ,50600,33457,366
2023,11,16,木,輸入キウイ,50800,28428,633
2023,11,16,木,輸入メロン,50850,2797,507
2023,11,17,金,みかん,40100,1776219,309
2023,11,17,金,りんご計,42000,582617,436
2023,11,17,金,日本なし計,43000,29678,463
2023,11,17,金,かき計,43500,424316,337
2023,11,17,金,ぶどう計,45000,45304,2215
2023,11,17,金,くり,45700,2120,683
2023,11,17,金,いちご,46100,21049,2597
2023,11,17,金,メロン計,47000,35801,800
2023,11,17,金,すいか,48100,8250,278
2023,11,17,金,キウイフルツ,49300,15068,775
2023,11,17,金,バナナ,50100,366446,201
2023,11,17,金,パイナップル,50300,61480,241
2023,11,17,金,レモン,50400,27497,378
2023,11,17,金,オレンジ,50600,23577,338
2023,11,17,金,輸入キウイ,50800,26326,629
2023,11,17,金,輸入メロン,50850,1588,421
2023,11,18,土,みかん,40100,1807311,306
2023,11,18,土,りんご計,42000,672776,444
2023,11,18,土,日本なし計,43000,29026,470
2023,11,18,土,かき計,43500,589539,345
2023,11,18,土,もも,44100,451,3160
2023,11,18,土,ぶどう計,45000,54248,2041
2023,11,18,土,くり,45700,2192,863
2023,11,18,土,いちご,46100,33180,2680
2023,11,18,土,メロン計,47000,50035,754
2023,11,18,土,すいか,48100,10917,332
2023,11,18,土,キウイフルツ,49300,30832,611
2023,11,18,土,バナナ,50100,416238,210
2023,11,18,土,パイナップル,50300,57185,240
2023,11,18,土,レモン,50400,35556,342
2023,11,18,土,オレンジ,50600,25754,325
2023,11,18,土,輸入キウイ,50800,34577,616
2023,11,18,土,輸入メロン,50850,3420,487
2023,11,20,月,みかん,40100,2537875,300
2023,11,20,月,りんご計,42000,878846,431
2023,11,20,月,日本なし計,43000,17970,490
2023,11,20,月,かき計,43500,461552,350
2023,11,20,月,ぶどう計,45000,49244,2113
2023,11,20,月,くり,45700,1934,694
2023,11,20,月,いちご,46100,42310,2692
2023,11,20,月,メロン計,47000,45360,831
2023,11,20,月,すいか,48100,10082,262
2023,11,20,月,キウイフルツ,49300,11155,701
2023,11,20,月,バナナ,50100,558851,216
2023,11,20,月,パイナップル,50300,64745,228
2023,11,20,月,レモン,50400,30998,363
2023,11,20,月,オレンジ,50600,30421,340
2023,11,20,月,輸入おうとう,50700,3,2520
2023,11,20,月,輸入キウイ,50800,24919,577
2023,11,20,月,輸入メロン,50850,2627,530
2023,11,21,火,みかん,40100,1535592,300
2023,11,21,火,りんご計,42000,637094,438
2023,11,21,火,日本なし計,43000,3395,525
2023,11,21,火,かき計,43500,513418,356
2023,11,21,火,もも,44100,645,2797
2023,11,21,火,ぶどう計,45000,39200,2221
2023,11,21,火,くり,45700,2621,821
2023,11,21,火,いちご,46100,34270,2722
2023,11,21,火,メロン計,47000,26245,949
2023,11,21,火,すいか,48100,10651,248
2023,11,21,火,キウイフルツ,49300,25470,847
2023,11,21,火,バナナ,50100,285810,216
2023,11,21,火,パイナップル,50300,72289,217
2023,11,21,火,レモン,50400,23275,369
2023,11,21,火,オレンジ,50600,27241,309
2023,11,21,火,輸入キウイ,50800,37819,665
2023,11,21,火,輸入メロン,50850,1809,458
2023,11,22,水,みかん,40100,1274390,291
2023,11,22,水,りんご計,42000,601972,460
2023,11,22,水,日本なし計,43000,6918,524
2023,11,22,水,かき計,43500,461537,336
2023,11,22,水,もも,44100,295,639
2023,11,22,水,ぶどう計,45000,31785,2143
2023,11,22,水,くり,45700,874,960
2023,11,22,水,いちご,46100,48685,2685
2023,11,22,水,メロン計,47000,33265,857
2023,11,22,水,すいか,48100,7916,332
2023,11,22,水,キウイフルツ,49300,23782,878
2023,11,22,水,バナナ,50100,272056,220
2023,11,22,水,パイナップル,50300,56419,240
2023,11,22,水,レモン,50400,30116,357
2023,11,22,水,オレンジ,50600,30487,332
2023,11,22,水,輸入キウイ,50800,19710,625
2023,11,22,水,輸入メロン,50850,2797,538
2023,11,23,木,みかん,40100,13585,227
2023,11,23,木,りんご計,42000,4050,568
2023,11,23,木,日本なし計,43000,220,685
2023,11,23,木,かき計,43500,730,482
2023,11,23,木,ぶどう計,45000,46,1606
2023,11,23,木,メロン計,47000,397,352
2023,11,23,木,すいか,48100,284,259
2023,11,23,木,バナナ,50100,8563,249
2023,11,23,木,パイナップル,50300,3998,289
2023,11,23,木,レモン,50400,1632,406
2023,11,23,木,オレンジ,50600,2414,388
2023,11,23,木,輸入キウイ,50800,238,721
2023,11,23,木,輸入メロン,50850,10,648
2023,11,24,金,みかん,40100,2624676,300
2023,11,24,金,りんご計,42000,900221,433
2023,11,24,金,日本なし計,43000,4309,547
2023,11,24,金,かき計,43500,699565,342
2023,11,24,金,もも,44100,437,3883
2023,11,24,金,ぶどう計,45000,44868,1972
2023,11,24,金,くり,45700,391,1121
2023,11,24,金,いちご,46100,85260,2712
2023,11,24,金,メロン計,47000,55045,835
2023,11,24,金,すいか,48100,16070,270
2023,11,24,金,キウイフルツ,49300,34758,638
2023,11,24,金,バナナ,50100,548388,211
2023,11,24,金,パイナップル,50300,86409,228
2023,11,24,金,レモン,50400,25965,403
2023,11,24,金,オレンジ,50600,25184,332
2023,11,24,金,輸入キウイ,50800,34103,648
2023,11,24,金,輸入メロン,50850,2237,544
2023,11,25,土,みかん,40100,2104167,303
2023,11,25,土,はっさく,41321,4470,275
2023,11,25,土,りんご計,42000,744029,447
2023,11,25,土,日本なし計,43000,15722,472
2023,11,25,土,かき計,43500,510748,341
2023,11,25,土,もも,44100,761,2976
2023,11,25,土,ぶどう計,45000,32681,2224
2023,11,25,土,くり,45700,780,973
2023,11,25,土,いちご,46100,63052,2728
2023,11,25,土,メロン計,47000,48534,864
2023,11,25,土,すいか,48100,8941,242
2023,11,25,土,キウイフルツ,49300,21506,546
2023,11,25,土,バナナ,50100,397745,213
2023,11,25,土,パイナップル,50300,71963,234
2023,11,25,土,レモン,50400,35642,341
2023,11,25,土,オレンジ,50600,27084,320
2023,11,25,土,輸入キウイ,50800,49801,573
2023,11,25,土,輸入メロン,50850,2017,436
2023,11,27,月,みかん,40100,2642456,299
2023,11,27,月,りんご計,42000,828076,438
2023,11,27,月,日本なし計,43000,7822,594
2023,11,27,月,かき計,43500,679986,320
2023,11,27,月,もも,44100,5,6912
2023,11,27,月,すもも,44700,45,756
2023,11,27,月,ぶどう計,45000,34636,2076
2023,11,27,月,くり,45700,100,1512
2023,11,27,月,いちご,46100,112190,2574
2023,11,27,月,メロン計,47000,58632,894
2023,11,27,月,すいか,48100,15851,256
2023,11,27,月,キウイフルツ,49300,17428,723
2023,11,27,月,バナナ,50100,372072,221
2023,11,27,月,パイナップル,50300,47358,238
2023,11,27,月,レモン,50400,39955,353
2023,11,27,月,オレンジ,50600,31447,330
2023,11,27,月,輸入キウイ,50800,25494,606
2023,11,27,月,輸入メロン,50850,1818,475
2023,11,28,火,みかん,40100,1813130,298
2023,11,28,火,はっさく,41321,4245,275
2023,11,28,火,りんご計,42000,706915,444
2023,11,28,火,日本なし計,43000,8002,488
2023,11,28,火,かき計,43500,581625,334
2023,11,28,火,もも,44100,744,3210
2023,11,28,火,ぶどう計,45000,27417,2334
2023,11,28,火,くり,45700,597,1004
2023,11,28,火,いちご,46100,81530,2598
2023,11,28,火,メロン計,47000,37219,976
2023,11,28,火,すいか,48100,7979,315
2023,11,28,火,キウイフルツ,49300,38048,629
2023,11,28,火,バナナ,50100,345691,213
2023,11,28,火,パイナップル,50300,67346,227
2023,11,28,火,レモン,50400,36381,331
2023,11,28,火,オレンジ,50600,24092,365
2023,11,28,火,輸入キウイ,50800,39952,609
2023,11,28,火,輸入メロン,50850,1462,433
2023,11,30,木,みかん,40100,2433628,299
2023,11,30,木,りんご計,42000,888748,446
2023,11,30,木,日本なし計,43000,18519,534
2023,11,30,木,かき計,43500,755964,308
2023,11,30,木,もも,44100,613,3301
2023,11,30,木,ぶどう計,45000,38973,2045
2023,11,30,木,くり,45700,535,942
2023,11,30,木,いちご,46100,150534,2535
2023,11,30,木,メロン計,47000,60623,958
2023,11,30,木,すいか,48100,16951,280
2023,11,30,木,キウイフルツ,49300,27234,737
2023,11,30,木,バナナ,50100,544598,225
2023,11,30,木,パイナップル,50300,92018,240
2023,11,30,木,レモン,50400,37349,361
2023,11,30,木,オレンジ,50600,23174,358
2023,11,30,木,輸入おうとう,50700,20,3024
2023,11,30,木,輸入キウイ,50800,26699,649
2023,11,30,木,輸入メロン,50850,6341,501
2023,12,1,金,みかん,40100,2811576,289
2023,12,1,金,はっさく,41321,9275,255
2023,12,1,金,りんご計,42000,704280,440
2023,12,1,金,日本なし計,43000,16358,551
2023,12,1,金,かき計,43500,433305,316
2023,12,1,金,もも,44100,35,3275
2023,12,1,金,ぶどう計,45000,24375,2382
2023,12,1,金,くり,45700,608,1619
2023,12,1,金,いちご,46100,101959,2533
2023,12,1,金,メロン計,47000,42699,1040
2023,12,1,金,すいか,48100,6326,343
2023,12,1,金,キウイフルツ,49300,63714,700
2023,12,1,金,バナナ,50100,463477,195
2023,12,1,金,パイナップル,50300,67987,232
2023,12,1,金,レモン,50400,40470,356
2023,12,1,金,オレンジ,50600,28638,315
2023,12,1,金,輸入キウイ,50800,17275,623
2023,12,1,金,輸入メロン,50850,1272,392
2023,12,2,土,みかん,40100,2098759,302
2023,12,2,土,はっさく,41321,15025,269
2023,12,2,土,りんご計,42000,797531,442
2023,12,2,土,日本なし計,43000,11722,557
2023,12,2,土,かき計,43500,418028,319
2023,12,2,土,もも,44100,493,3133
2023,12,2,土,ぶどう計,45000,30425,2398
2023,12,2,土,くり,45700,195,966
2023,12,2,土,いちご,46100,119771,2496
2023,12,2,土,メロン計,47000,52919,956
2023,12,2,土,すいか,48100,11489,282
2023,12,2,土,キウイフルツ,49300,24963,667
2023,12,2,土,バナナ,50100,282706,209
2023,12,2,土,パイナップル,50300,63880,220
2023,12,2,土,レモン,50400,28036,365
2023,12,2,土,オレンジ,50600,44063,331
2023,12,2,土,輸入おうとう,50700,33,2098
2023,12,2,土,輸入キウイ,50800,11817,596
2023,12,2,土,輸入メロン,50850,1962,495
2023,12,4,月,みかん,40100,2481238,311
2023,12,4,月,はっさく,41321,12625,249
2023,12,4,月,りんご計,42000,739869,455
2023,12,4,月,日本なし計,43000,3070,656
2023,12,4,月,かき計,43500,545261,320
2023,12,4,月,もも,44100,25,3482
2023,12,4,月,ぶどう計,45000,38181,2255
2023,12,4,月,くり,45700,70,324
2023,12,4,月,いちご,46100,180483,2467
2023,12,4,月,メロン計,47000,56209,1019
2023,12,4,月,すいか,48100,15225,313
2023,12,4,月,キウイフルツ,49300,55689,619
2023,12,4,月,バナナ,50100,511815,206
2023,12,4,月,パイナップル,50300,44223,230
2023,12,4,月,レモン,50400,22454,394
2023,12,4,月,オレンジ,50600,22796,364
2023,12,4,月,輸入キウイ,50800,38120,619
2023,12,4,月,輸入メロン,50850,4258,374
2023,12,5,火,みかん,40100,2017076,299
2023,12,5,火,はっさく,41321,30233,255
2023,12,5,火,りんご計,42000,541939,434
2023,12,5,火,日本なし計,43000,7976,584
2023,12,5,火,かき計,43500,391031,301
2023,12,5,火,もも,44100,519,2951
2023,12,5,火,ぶどう計,45000,34580,2408
2023,12,5,火,くり,45700,229,1191
2023,12,5,火,いちご,46100,121824,2492
2023,12,5,火,メロン計,47000,34685,1171
2023,12,5,火,すいか,48100,11515,273
2023,12,5,火,キウイフルツ,49300,55438,705
2023,12,5,火,バナナ,50100,445788,194
2023,12,5,火,パイナップル,50300,51293,215
2023,12,5,火,レモン,50400,24818,374
2023,12,5,火,オレンジ,50600,20228,355
2023,12,5,火,輸入おうとう,50700,5,3240
2023,12,5,火,輸入キウイ,50800,13369,589
2023,12,5,火,輸入メロン,50850,1330,476
2023,12,7,木,みかん,40100,2585971,318
2023,12,7,木,はっさく,41321,8698,239
2023,12,7,木,りんご計,42000,933011,454
2023,12,7,木,日本なし計,43000,17804,526
2023,12,7,木,かき計,43500,488442,328
2023,12,7,木,もも,44100,486,2964
2023,12,7,木,ぶどう計,45000,44041,2326
2023,12,7,木,くり,45700,269,1148
2023,12,7,木,いちご,46100,232000,2476
2023,12,7,木,メロン計,47000,66782,1052
2023,12,7,木,すいか,48100,13942,262
2023,12,7,木,キウイフルツ,49300,64335,607
2023,12,7,木,バナナ,50100,419409,220
2023,12,7,木,パイナップル,50300,95682,229
2023,12,7,木,レモン,50400,31771,374
2023,12,7,木,オレンジ,50600,22838,364
2023,12,7,木,輸入おうとう,50700,85,3240
2023,12,7,木,輸入キウイ,50800,19715,617
2023,12,7,木,輸入メロン,50850,3146,497
2023,12,8,金,みかん,40100,1865092,306
2023,12,8,金,はっさく,41321,20690,253
2023,12,8,金,りんご計,42000,659200,434
2023,12,8,金,日本なし計,43000,14500,632
2023,12,8,金,かき計,43500,239963,304
2023,12,8,金,もも,44100,330,2470
2023,12,8,金,ぶどう計,45000,34793,2547
2023,12,8,金,くり,45700,78,1828
2023,12,8,金,いちご,46100,130566,2489
2023,12,8,金,メロン計,47000,47705,1065
2023,12,8,金,すいか,48100,12198,302
2023,12,8,金,キウイフルツ,49300,27461,662
2023,12,8,金,バナナ,50100,429982,199
2023,12,8,金,パイナップル,50300,64789,221
2023,12,8,金,レモン,50400,47149,341
2023,12,8,金,オレンジ,50600,35374,357
2023,12,8,金,輸入おうとう,50700,95,3303
2023,12,8,金,輸入キウイ,50800,26325,543
2023,12,8,金,輸入メロン,50850,5182,318
2023,12,9,土,みかん,40100,1941206,310
2023,12,9,土,はっさく,41321,22775,256
2023,12,9,土,りんご計,42000,714016,439
2023,12,9,土,日本なし計,43000,17734,481
2023,12,9,土,かき計,43500,287613,300
2023,12,9,土,もも,44100,400,2862
2023,12,9,土,ぶどう計,45000,38740,2508
2023,12,9,土,くり,45700,217,1112
2023,12,9,土,いちご,46100,171939,2501
2023,12,9,土,メロン計,47000,53604,1022
2023,12,9,土,すいか,48100,10362,349
2023,12,9,土,キウイフルツ,49300,47892,689
2023,12,9,土,バナナ,50100,320311,214
2023,12,9,土,パイナップル,50300,74582,224
2023,12,9,土,レモン,50400,37900,361
2023,12,9,土,オレンジ,50600,25776,343
2023,12,9,土,輸入おうとう,50700,15,3024
2023,12,9,土,輸入キウイ,50800,18906,595
2023,12,9,土,輸入メロン,50850,2038,375
2023,12,11,月,みかん,40100,2590072,320
2023,12,11,月,はっさく,41321,12800,255
2023,12,11,月,りんご計,42000,735474,441
2023,12,11,月,日本なし計,43000,7657,592
2023,12,11,月,かき計,43500,285600,316
2023,12,11,月,ぶどう計,45000,45105,2403
2023,12,11,月,いちご,46100,327303,2453
2023,12,11,月,メロン計,47000,63738,1024
2023,12,11,月,すいか,48100,12613,311
2023,12,11,月,キウイフルツ,49300,63480,658
2023,12,11,月,バナナ,50100,512163,214
2023,12,11,月,パイナップル,50300,76107,212
2023,12,11,月,レモン,50400,26539,387
2023,12,11,月,オレンジ,50600,19959,369
2023,12,11,月,輸入おうとう,50700,30,2988
2023,12,11,月,輸入キウイ,50800,12069,652
2023,12,11,月,輸入メロン,50850,3182,535
2023,12,12,火,みかん,40100,1688072,326
2023,12,12,火,はっさく,41321,21466,243
2023,12,12,火,りんご計,42000,592269,442
2023,12,12,火,日本なし計,43000,1510,625
2023,12,12,火,かき計,43500,149413,291
2023,12,12,火,もも,44100,220,2742
2023,12,12,火,ぶどう計,45000,39754,2640
2023,12,12,火,くり,45700,295,1510
2023,12,12,火,いちご,46100,233310,2473
2023,12,12,火,メロン計,47000,31032,1224
2023,12,12,火,すいか,48100,21764,322
2023,12,12,火,キウイフルツ,49300,49952,659
2023,12,12,火,バナナ,50100,333464,211
2023,12,12,火,パイナップル,50300,56154,216
2023,12,12,火,レモン,50400,26017,408
2023,12,12,火,オレンジ,50600,20795,375
2023,12,12,火,輸入おうとう,50700,140,3304
2023,12,12,火,輸入キウイ,50800,31662,525
2023,12,12,火,輸入メロン,50850,3783,469
2023,12,14,木,みかん,40100,2685895,333
2023,12,14,木,はっさく,41321,20845,259
2023,12,14,木,りんご計,42000,747487,443
2023,12,14,木,日本なし計,43000,29181,516
2023,12,14,木,かき計,43500,235089,334
2023,12,14,木,もも,44100,232,2749
2023,12,14,木,ぶどう計,45000,49396,2540
2023,12,14,木,くり,45700,175,904
2023,12,14,木,いちご,46100,425870,2453
2023,12,14,木,メロン計,47000,76159,1006
2023,12,14,木,すいか,48100,16101,313
2023,12,14,木,キウイフルツ,49300,54632,663
2023,12,14,木,バナナ,50100,390158,213
2023,12,14,木,パイナップル,50300,75693,219
2023,12,14,木,レモン,50400,26704,416
2023,12,14,木,オレンジ,50600,31787,362
2023,12,14,木,輸入おうとう,50700,5,3672
2023,12,14,木,輸入キウイ,50800,16871,607
2023,12,14,木,輸入メロン,50850,1769,502
2023,12,15,金,みかん,40100,1997445,332
2023,12,15,金,はっさく,41321,11485,246
2023,12,15,金,りんご計,42000,636363,419
2023,12,15,金,日本なし計,43000,2615,616
2023,12,15,金,かき計,43500,102168,394
2023,12,15,金,ぶどう計,45000,36805,2620
2023,12,15,金,くり,45700,196,1931
2023,12,15,金,いちご,46100,241851,2468
2023,12,15,金,メロン計,47000,58055,993
2023,12,15,金,すいか,48100,11470,336
2023,12,15,金,キウイフルツ,49300,34786,655
2023,12,15,金,バナナ,50100,551071,182
2023,12,15,金,パイナップル,50300,89453,197
2023,12,15,金,レモン,50400,54878,351
2023,12,15,金,オレンジ,50600,20303,351
2023,12,15,金,輸入おうとう,50700,30,3402
2023,12,15,金,輸入キウイ,50800,10535,556
2023,12,15,金,輸入メロン,50850,2638,319
2023,12,16,土,みかん,40100,2062042,332
2023,12,16,土,はっさく,41321,52070,248
2023,12,16,土,りんご計,42000,610026,433
2023,12,16,土,日本なし計,43000,13752,440
2023,12,16,土,かき計,43500,119163,409
2023,12,16,土,もも,44100,198,2725
2023,12,16,土,ぶどう計,45000,46387,2536
2023,12,16,土,くり,45700,174,1018
2023,12,16,土,いちご,46100,283333,2484
2023,12,16,土,メロン計,47000,57087,1048
2023,12,16,土,すいか,48100,17103,327
2023,12,16,土,キウイフルツ,49300,57950,683
2023,12,16,土,バナナ,50100,358296,187
2023,12,16,土,パイナップル,50300,72500,200
2023,12,16,土,レモン,50400,31206,410
2023,12,16,土,オレンジ,50600,31497,349
2023,12,16,土,輸入おうとう,50700,100,3326
2023,12,16,土,輸入キウイ,50800,4484,651
2023,12,16,土,輸入メロン,50850,4555,253
2023,12,18,月,みかん,40100,2821811,340
2023,12,18,月,はっさく,41321,15566,249
2023,12,18,月,りんご計,42000,666299,449
2023,12,18,月,日本なし計,43000,8392,500
2023,12,18,月,かき計,43500,138243,436
2023,12,18,月,ぶどう計,45000,43970,2512
2023,12,18,月,いちご,46100,482273,2489
2023,12,18,月,メロン計,47000,78787,1053
2023,12,18,月,すいか,48100,15074,340
2023,12,18,月,キウイフルツ,49300,75824,630
2023,12,18,月,バナナ,50100,531475,214
2023,12,18,月,パイナップル,50300,69888,210
2023,12,18,月,レモン,50400,24573,421
2023,12,18,月,オレンジ,50600,17325,395
2023,12,18,月,輸入おうとう,50700,75,2543
2023,12,18,月,輸入キウイ,50800,14951,647
2023,12,18,月,輸入メロン,50850,3250,421
2023,12,19,火,みかん,40100,2177974,332
2023,12,19,火,はっさく,41321,59940,254
2023,12,19,火,りんご計,42000,527082,441
2023,12,19,火,日本なし計,43000,6504,518
2023,12,19,火,かき計,43500,130258,415
2023,12,19,火,もも,44100,242,1533
2023,12,19,火,ぶどう計,45000,43190,2565
2023,12,19,火,くり,45700,228,1341
2023,12,19,火,いちご,46100,275541,2627
2023,12,19,火,メロン計,47000,48189,1154
2023,12,19,火,すいか,48100,2237,387
2023,12,19,火,キウイフルツ,49300,53694,638
2023,12,19,火,バナナ,50100,398819,207
2023,12,19,火,パイナップル,50300,68499,203
2023,12,19,火,レモン,50400,32682,403
2023,12,19,火,オレンジ,50600,20683,385
2023,12,19,火,輸入おうとう,50700,28,3412
2023,12,19,火,輸入キウイ,50800,9138,600
2023,12,19,火,輸入メロン,50850,5403,284
2023,12,21,木,みかん,40100,3521317,339
2023,12,21,木,はっさく,41321,20576,252
2023,12,21,木,りんご計,42000,759666,444
2023,12,21,木,日本なし計,43000,4186,486
2023,12,21,木,かき計,43500,167665,454
2023,12,21,木,もも,44100,71,2820
2023,12,21,木,ぶどう計,45000,49300,2505
2023,12,21,木,くり,45700,150,655
2023,12,21,木,いちご,46100,456610,2752
2023,12,21,木,メロン計,47000,83669,1056
2023,12,21,木,すいか,48100,13664,293
2023,12,21,木,キウイフルツ,49300,72824,672
2023,12,21,木,バナナ,50100,392086,217
2023,12,21,木,パイナップル,50300,103377,192
2023,12,21,木,レモン,50400,43305,376
2023,12,21,木,オレンジ,50600,35444,365
2023,12,21,木,輸入おうとう,50700,280,2581
2023,12,21,木,輸入キウイ,50800,13585,608
2023,12,21,木,輸入メロン,50850,6362,390
2023,12,22,金,みかん,40100,2539182,337
2023,12,22,金,はっさく,41321,15688,254
2023,12,22,金,りんご計,42000,490888,429
2023,12,22,金,日本なし計,43000,3940,407
2023,12,22,金,かき計,43500,92416,391
2023,12,22,金,ぶどう計,45000,37392,2640
2023,12,22,金,くり,45700,78,2700
2023,12,22,金,いちご,46100,244884,2892
2023,12,22,金,メロン計,47000,55173,1132
2023,12,22,金,すいか,48100,7629,357
2023,12,22,金,キウイフルツ,49300,47883,597
2023,12,22,金,バナナ,50100,436740,191
2023,12,22,金,パイナップル,50300,115987,195
2023,12,22,金,レモン,50400,44867,411
2023,12,22,金,オレンジ,50600,28390,373
2023,12,22,金,輸入おうとう,50700,45,2808
2023,12,22,金,輸入キウイ,50800,6274,624
2023,12,22,金,輸入メロン,50850,5260,247
2023,12,23,土,みかん,40100,2561324,344
2023,12,23,土,はっさく,41321,43521,252
2023,12,23,土,りんご計,42000,576506,450
2023,12,23,土,日本なし計,43000,11767,424
2023,12,23,土,かき計,43500,135808,445
2023,12,23,土,もも,44100,74,2583
2023,12,23,土,ぶどう計,45000,52857,2238
2023,12,23,土,くり,45700,150,734
2023,12,23,土,いちご,46100,212930,2554
2023,12,23,土,メロン計,47000,62107,1100
2023,12,23,土,すいか,48100,11563,305
2023,12,23,土,キウイフルツ,49300,46737,661
2023,12,23,土,バナナ,50100,418812,212
2023,12,23,土,パイナップル,50300,124613,176
2023,12,23,土,レモン,50400,37214,447
2023,12,23,土,オレンジ,50600,73400,325
2023,12,23,土,輸入おうとう,50700,85,3268
2023,12,23,土,輸入キウイ,50800,14666,597
2023,12,23,土,輸入メロン,50850,5837,405
2023,12,25,月,みかん,40100,3691314,348
2023,12,25,月,はっさく,41321,26602,245
2023,12,25,月,りんご計,42000,569223,452
2023,12,25,月,日本なし計,43000,6932,457
2023,12,25,月,かき計,43500,109988,453
2023,12,25,月,もも,44100,20,3348
2023,12,25,月,ぶどう計,45000,37203,2476
2023,12,25,月,いちご,46100,285337,2365
2023,12,25,月,メロン計,47000,65668,1160
2023,12,25,月,すいか,48100,10661,357
2023,12,25,月,キウイフルツ,49300,69441,627
2023,12,25,月,バナナ,50100,378312,217
2023,12,25,月,パイナップル,50300,72340,211
2023,12,25,月,レモン,50400,35109,453
2023,12,25,月,オレンジ,50600,19761,429
2023,12,25,月,輸入おうとう,50700,255,3088
2023,12,25,月,輸入キウイ,50800,6825,569
2023,12,25,月,輸入メロン,50850,6392,361
2023,12,26,火,みかん,40100,2523088,337
2023,12,26,火,はっさく,41321,36310,261
2023,12,26,火,りんご計,42000,452721,442
2023,12,26,火,日本なし計,43000,2364,382
2023,12,26,火,かき計,43500,181719,417
2023,12,26,火,ぶどう計,45000,32005,2660
2023,12,26,火,くり,45700,100,270
2023,12,26,火,いちご,46100,158004,2375
2023,12,26,火,メロン計,47000,43556,1312
2023,12,26,火,すいか,48100,6474,273
2023,12,26,火,キウイフルツ,49300,38618,676
2023,12,26,火,バナナ,50100,344670,195
2023,12,26,火,パイナップル,50300,57475,200
2023,12,26,火,レモン,50400,32341,441
2023,12,26,火,オレンジ,50600,23133,397
2023,12,26,火,輸入おうとう,50700,135,3555
2023,12,26,火,輸入キウイ,50800,6794,575
2023,12,26,火,輸入メロン,50850,2394,227
2023,12,27,水,みかん,40100,1936455,343
2023,12,27,水,はっさく,41321,8652,230
2023,12,27,水,りんご計,42000,360475,471
2023,12,27,水,日本なし計,43000,1500,400
2023,12,27,水,かき計,43500,66816,425
2023,12,27,水,ぶどう計,45000,24159,2651
2023,12,27,水,くり,45700,130,479
2023,12,27,水,いちご,46100,158377,2383
2023,12,27,水,メロン計,47000,47789,1366
2023,12,27,水,すいか,48100,10900,324
2023,12,27,水,キウイフルツ,49300,31576,583
2023,12,27,水,バナナ,50100,186590,200
2023,12,27,水,パイナップル,50300,89097,186
2023,12,27,水,レモン,50400,41504,420
2023,12,27,水,オレンジ,50600,29721,384
2023,12,27,水,輸入おうとう,50700,65,3240
2023,12,27,水,輸入キウイ,50800,7724,596
2023,12,27,水,輸入メロン,50850,8973,416
2023,12,28,木,みかん,40100,2406846,333
2023,12,28,木,はっさく,41321,37865,232
2023,12,28,木,りんご計,42000,414518,502
2023,12,28,木,日本なし計,43000,11063,503
2023,12,28,木,かき計,43500,120053,437
2023,12,28,木,ぶどう計,45000,19842,2627
2023,12,28,木,くり,45700,30,1620
2023,12,28,木,いちご,46100,187107,2437
2023,12,28,木,メロン計,47000,35082,1378
2023,12,28,木,すいか,48100,14884,301
2023,12,28,木,キウイフルツ,49300,37709,632
2023,12,28,木,バナナ,50100,276994,202
2023,12,28,木,パイナップル,50300,99618,202
2023,12,28,木,レモン,50400,46622,478
2023,12,28,木,オレンジ,50600,25163,397
2023,12,28,木,輸入おうとう,50700,5,3240
2023,12,28,木,輸入キウイ,50800,10540,693
2023,12,28,木,輸入メロン,50850,4785,440
2023,12,29,金,みかん,40100,1578122,324
2023,12,29,金,はっさく,41321,105,244
2023,12,29,金,りんご計,42000,217700,512
2023,12,29,金,日本なし計,43000,1353,451
2023,12,29,金,かき計,43500,50089,449
2023,12,29,金,もも,44100,60,1620
2023,12,29,金,ぶどう計,45000,11462,2462
2023,12,29,金,いちご,46100,200215,2448
2023,12,29,金,メロン計,47000,21600,1380
2023,12,29,金,すいか,48100,5503,348
2023,12,29,金,キウイフルツ,49300,32739,669
2023,12,29,金,バナナ,50100,645084,186
2023,12,29,金,パイナップル,50300,90726,217
2023,12,29,金,レモン,50400,76396,380
2023,12,29,金,オレンジ,50600,27273,387
2023,12,29,金,輸入おうとう,50700,5,3240
2023,12,29,金,輸入キウイ,50800,12775,585
2023,12,29,金,輸入メロン,50850,4748,337
2023,12,30,土,みかん,40100,13428,284
2023,12,30,土,りんご計,42000,2220,537
2023,12,30,土,かき計,43500,270,478
2023,12,30,土,いちご,46100,55699,2851
2023,12,30,土,メロン計,47000,348,879
2023,12,30,土,すいか,48100,121,325
2023,12,30,土,キウイフルツ,49300,1326,954
2023,12,30,土,バナナ,50100,167094,212
2023,12,30,土,パイナップル,50300,31397,223
2023,12,30,土,レモン,50400,19295,483
2023,12,30,土,オレンジ,50600,9926,440
2023,12,30,土,輸入キウイ,50800,9046,483
2023,12,30,土,輸入メロン,50850,3182,460
2024,1,5,金,みかん,40100,1161347,315
2024,1,5,金,はっさく,41321,37905,226
2024,1,5,金,りんご計,42000,421551,438
2024,1,5,金,日本なし計,43000,80,366
2024,1,5,金,かき計,43500,43014,455
2024,1,5,金,おうとう,44800,60,78012
2024,1,5,金,ぶどう計,45000,5080,1052
2024,1,5,金,いちご,46100,1343962,1952
2024,1,5,金,メロン計,47000,27584,1410
2024,1,5,金,すいか,48100,1770,365
2024,1,5,金,キウイフルツ,49300,12752,674
2024,1,5,金,バナナ,50100,820164,210
2024,1,5,金,パイナップル,50300,160670,201
2024,1,5,金,レモン,50400,33359,481
2024,1,5,金,オレンジ,50600,23166,456
2024,1,5,金,キウイフルツ,50800,5627,653
2024,1,5,金,メロン,50850,3348,500
2024,1,6,土,みかん,40100,880119,333
2024,1,6,土,はっさく,41321,12665,236
2024,1,6,土,りんご計,42000,410933,437
2024,1,6,土,日本なし計,43000,304,462
2024,1,6,土,かき計,43500,56487,464
2024,1,6,土,ぶどう計,45000,7335,2254
2024,1,6,土,いちご,46100,379871,1745
2024,1,6,土,メロン計,47000,31793,1236
2024,1,6,土,すいか,48100,4526,293
2024,1,6,土,キウイフルツ,49300,16307,689
2024,1,6,土,バナナ,50100,412765,208
2024,1,6,土,パイナップル,50300,82642,204
2024,1,6,土,レモン,50400,31265,437
2024,1,6,土,オレンジ,50600,31622,424
2024,1,6,土,おうとう,50700,15,2808
2024,1,6,土,キウイフルツ,50800,4342,642
2024,1,6,土,メロン,50850,859,467
2024,1,8,月,みかん,40100,1088735,333
2024,1,8,月,はっさく,41321,24429,231
2024,1,8,月,りんご計,42000,399608,424
2024,1,8,月,日本なし計,43000,230,411
2024,1,8,月,かき計,43500,30369,457
2024,1,8,月,おうとう,44800,9,15048
2024,1,8,月,ぶどう計,45000,4723,987
2024,1,8,月,いちご,46100,444245,1673
2024,1,8,月,メロン計,47000,54469,1025
2024,1,8,月,すいか,48100,592,719
2024,1,8,月,キウイフルツ,49300,24583,679
2024,1,8,月,バナナ,50100,516840,216
2024,1,8,月,パイナップル,50300,75676,183
2024,1,8,月,レモン,50400,32947,489
2024,1,8,月,オレンジ,50600,48334,354
2024,1,8,月,おうとう,50700,10,2862
2024,1,8,月,キウイフルツ,50800,6602,569
2024,1,8,月,メロン,50850,3775,441
2024,1,9,火,みかん,40100,1109415,323
2024,1,9,火,はっさく,41321,40925,238
2024,1,9,火,りんご計,42000,420824,463
2024,1,9,火,かき計,43500,63827,495
2024,1,9,火,ぶどう計,45000,11520,2455
2024,1,9,火,くり,45700,20,11
2024,1,9,火,いちご,46100,347663,1718
2024,1,9,火,メロン計,47000,22923,1413
2024,1,9,火,すいか,48100,1200,538
2024,1,9,火,キウイフルツ,49300,28645,699
2024,1,9,火,バナナ,50100,348598,199
2024,1,9,火,パイナップル,50300,76492,209
2024,1,9,火,レモン,50400,27002,448
2024,1,9,火,オレンジ,50600,18330,414
2024,1,9,火,キウイフルツ,50800,885,702
2024,1,9,火,メロン,50850,699,347
2024,1,10,水,みかん,40100,13091,340
2024,1,10,水,りんご計,42000,6534,404
2024,1,10,水,かき計,43500,1450,610
2024,1,10,水,ぶどう計,45000,100,3240
2024,1,10,水,いちご,46100,5611,1735
2024,1,10,水,キウイフルツ,49300,131,970
2024,1,10,水,バナナ,50100,13961,244
2024,1,10,水,パイナップル,50300,140,352
2024,1,10,水,レモン,50400,2155,506
2024,1,10,水,オレンジ,50600,629,459
2024,1,11,木,みかん,40100,1564681,337
2024,1,11,木,はっさく,41321,80502,246
2024,1,11,木,りんご計,42000,563078,417
2024,1,11,木,かき計,43500,83292,484
2024,1,11,木,ぶどう計,45000,22268,2452
2024,1,11,木,いちご,46100,460226,1678
2024,1,11,木,メロン計,47000,45671,1136
2024,1,11,木,すいか,48100,1731,477
2024,1,11,木,キウイフルツ,49300,79628,658
2024,1,11,木,バナナ,50100,346409,203
2024,1,11,木,パイナップル,50300,70449,223
2024,1,11,木,レモン,50400,32363,513
2024,1,11,木,オレンジ,50600,21395,420
2024,1,11,木,おうとう,50700,5,2808
2024,1,11,木,キウイフルツ,50800,4111,600
2024,1,11,木,メロン,50850,1753,415
2024,1,12,金,みかん,40100,1073240,323
2024,1,12,金,はっさく,41321,28920,214
2024,1,12,金,りんご計,42000,439479,456
2024,1,12,金,かき計,43500,16994,481
2024,1,12,金,おうとう,44800,7,6912
2024,1,12,金,ぶどう計,45000,12065,2814
2024,1,12,金,いちご,46100,255927,1676
2024,1,12,金,メロン計,47000,26941,1233
2024,1,12,金,すいか,48100,550,290
2024,1,12,金,キウイフルツ,49300,70941,617
2024,1,12,金,バナナ,50100,483941,185
2024,1,12,金,パイナップル,50300,78030,197
2024,1,12,金,レモン,50400,28281,468
2024,1,12,金,オレンジ,50600,30279,406
2024,1,12,金,おうとう,50700,26,2264
2024,1,12,金,キウイフルツ,50800,1407,725
2024,1,12,金,メロン,50850,1028,366
2024,1,13,土,みかん,40100,1318256,325
2024,1,13,土,はっさく,41321,96864,244
2024,1,13,土,りんご計,42000,557776,460
2024,1,13,土,日本なし計,43000,2741,381
2024,1,13,土,かき計,43500,66368,490
2024,1,13,土,ぶどう計,45000,13864,2850
2024,1,13,土,いちご,46100,289771,1689
2024,1,13,土,メロン計,47000,28553,1247
2024,1,13,土,すいか,48100,11034,337
2024,1,13,土,キウイフルツ,49300,59259,663
2024,1,13,土,バナナ,50100,486603,204
2024,1,13,土,パイナップル,50300,95549,209
2024,1,13,土,レモン,50400,26024,455
2024,1,13,土,オレンジ,50600,17918,407
2024,1,13,土,おうとう,50700,15,2808
2024,1,13,土,キウイフルツ,50800,1225,762
2024,1,13,土,メロン,50850,2918,480
2024,1,15,月,みかん,40100,1382582,333
2024,1,15,月,はっさく,41321,100200,243
2024,1,15,月,りんご計,42000,643452,435
2024,1,15,月,日本なし計,43000,6370,565
2024,1,15,月,かき計,43500,26823,486
2024,1,15,月,ぶどう計,45000,15436,2016
2024,1,15,月,いちご,46100,401713,1672
2024,1,15,月,メロン計,47000,32222,1230
2024,1,15,月,すいか,48100,824,641
2024,1,15,月,キウイフルツ,49300,118878,632
2024,1,15,月,バナナ,50100,483718,205
2024,1,15,月,パイナップル,50300,50855,200
2024,1,15,月,レモン,50400,21322,465
2024,1,15,月,オレンジ,50600,27817,384
2024,1,15,月,おうとう,50700,15,2592
2024,1,15,月,キウイフルツ,50800,1994,598
2024,1,15,月,メロン,50850,1451,461
2024,1,16,火,みかん,40100,1080463,320
2024,1,16,火,はっさく,41321,64268,244
2024,1,16,火,りんご計,42000,510258,417
2024,1,16,火,日本なし計,43000,33030,536
2024,1,16,火,かき計,43500,67988,483
2024,1,16,火,おうとう,44800,7,4613
2024,1,16,火,ぶどう計,45000,10893,2469
2024,1,16,火,いちご,46100,257331,1704
2024,1,16,火,メロン計,47000,15590,1534
2024,1,16,火,すいか,48100,5782,303
2024,1,16,火,キウイフルツ,49300,74685,677
2024,1,16,火,バナナ,50100,303975,206
2024,1,16,火,パイナップル,50300,71933,200
2024,1,16,火,レモン,50400,18396,511
2024,1,16,火,オレンジ,50600,26286,390
2024,1,16,火,おうとう,50700,15,2808
2024,1,16,火,キウイフルツ,50800,1947,722
2024,1,16,火,メロン,50850,1857,432
2024,1,18,木,みかん,40100,1531163,332
2024,1,18,木,はっさく,41321,96756,244
2024,1,18,木,りんご計,42000,653072,425
2024,1,18,木,日本なし計,43000,2049,362
2024,1,18,木,かき計,43500,73781,487
2024,1,18,木,ぶどう計,45000,16334,2233
2024,1,18,木,いちご,46100,483008,1672
2024,1,18,木,メロン計,47000,30282,1334
2024,1,18,木,すいか,48100,2384,368
2024,1,18,木,キウイフルツ,49300,135379,634
2024,1,18,木,バナナ,50100,437862,217
2024,1,18,木,パイナップル,50300,68573,217
2024,1,18,木,レモン,50400,25528,480
2024,1,18,木,オレンジ,50600,27802,377
2024,1,18,木,おうとう,50700,30,2592
2024,1,18,木,キウイフルツ,50800,3360,557
2024,1,18,木,メロン,50850,2790,502
2024,1,19,金,みかん,40100,1017756,326
2024,1,19,金,はっさく,41321,58677,234
2024,1,19,金,りんご計,42000,580923,435
2024,1,19,金,日本なし計,43000,1700,459
2024,1,19,金,かき計,43500,19967,497
2024,1,19,金,ぶどう計,45000,9293,2754
2024,1,19,金,いちご,46100,281571,1676
2024,1,19,金,メロン計,47000,20827,1414
2024,1,19,金,すいか,48100,1366,306
2024,1,19,金,キウイフルツ,49300,87558,599
2024,1,19,金,バナナ,50100,430087,199
2024,1,19,金,パイナップル,50300,76749,221
2024,1,19,金,レモン,50400,26671,458
2024,1,19,金,オレンジ,50600,38412,352
2024,1,19,金,おうとう,50700,35,2623
2024,1,19,金,キウイフルツ,50800,421,657
2024,1,19,金,メロン,50850,1304,466
2024,1,20,土,みかん,40100,1338777,339
2024,1,20,土,はっさく,41321,128606,221
2024,1,20,土,りんご計,42000,558071,416
2024,1,20,土,かき計,43500,76319,496
2024,1,20,土,ぶどう計,45000,12704,2525
2024,1,20,土,いちご,46100,318440,1689
2024,1,20,土,メロン計,47000,26612,1232
2024,1,20,土,すいか,48100,4249,425
2024,1,20,土,キウイフルツ,49300,73332,621
2024,1,20,土,バナナ,50100,398043,218
2024,1,20,土,パイナップル,50300,65127,220
2024,1,20,土,レモン,50400,26098,468
2024,1,20,土,オレンジ,50600,15254,430
2024,1,20,土,おうとう,50700,35,2623
2024,1,20,土,キウイフルツ,50800,1324,1049
2024,1,20,土,メロン,50850,2917,433
2024,1,22,月,みかん,40100,1052624,338
2024,1,22,月,はっさく,41321,123367,224
2024,1,22,月,りんご計,42000,683196,420
2024,1,22,月,日本なし計,43000,4935,552
2024,1,22,月,かき計,43500,35480,461
2024,1,22,月,ぶどう計,45000,6186,1407
2024,1,22,月,いちご,46100,470548,1652
2024,1,22,月,メロン計,47000,28673,1239
2024,1,22,月,すいか,48100,1610,564
2024,1,22,月,キウイフルツ,49300,114586,632
2024,1,22,月,バナナ,50100,371792,222
2024,1,22,月,パイナップル,50300,57598,216
2024,1,22,月,レモン,50400,16541,494
2024,1,22,月,オレンジ,50600,23290,393
2024,1,22,月,おうとう,50700,153,2584
2024,1,22,月,キウイフルツ,50800,602,864
2024,1,22,月,メロン,50850,1608,467
2024,1,23,火,みかん,40100,975959,341
2024,1,23,火,はっさく,41321,99766,237
2024,1,23,火,りんご計,42000,629464,423
2024,1,23,火,日本なし計,43000,7600,335
2024,1,23,火,かき計,43500,54608,494
2024,1,23,火,ぶどう計,45000,8317,2640
2024,1,23,火,いちご,46100,257885,1698
2024,1,23,火,メロン計,47000,14053,1566
2024,1,23,火,すいか,48100,1426,678
2024,1,23,火,キウイフルツ,49300,54593,653
2024,1,23,火,バナナ,50100,286340,216
2024,1,23,火,パイナップル,50300,58551,216
2024,1,23,火,レモン,50400,18500,495
2024,1,23,火,オレンジ,50600,13762,426
2024,1,23,火,おうとう,50700,100,2581
2024,1,23,火,キウイフルツ,50800,3082,919
2024,1,23,火,メロン,50850,1064,408
2024,1,25,木,みかん,40100,1305173,346
2024,1,25,木,はっさく,41321,142663,216
2024,1,25,木,りんご計,42000,759931,445
2024,1,25,木,日本なし計,43000,20950,347
2024,1,25,木,かき計,43500,52708,475
2024,1,25,木,ぶどう計,45000,13451,1770
2024,1,25,木,いちご,46100,458747,1655
2024,1,25,木,メロン計,47000,25175,1320
2024,1,25,木,すいか,48100,6014,389
2024,1,25,木,キウイフルツ,49300,104737,636
2024,1,25,木,バナナ,50100,387298,220
2024,1,25,木,パイナップル,50300,54661,226
2024,1,25,木,レモン,50400,19543,494
2024,1,25,木,オレンジ,50600,22261,410
2024,1,25,木,おうとう,50700,75,2907
2024,1,25,木,キウイフルツ,50800,3940,814
2024,1,25,木,メロン,50850,2211,381
2024,1,26,金,みかん,40100,1025982,330
2024,1,26,金,はっさく,41321,47303,240
2024,1,26,金,りんご計,42000,531658,414
2024,1,26,金,日本なし計,43000,1900,447
2024,1,26,金,かき計,43500,27646,516
2024,1,26,金,ぶどう計,45000,6137,2613
2024,1,26,金,いちご,46100,279318,1669
2024,1,26,金,メロン計,47000,19257,1329
2024,1,26,金,すいか,48100,850,852
2024,1,26,金,キウイフルツ,49300,106588,604
2024,1,26,金,バナナ,50100,403808,207
2024,1,26,金,パイナップル,50300,74428,204
2024,1,26,金,レモン,50400,26309,492
2024,1,26,金,オレンジ,50600,34512,377
2024,1,26,金,おうとう,50700,35,2419
2024,1,26,金,キウイフルツ,50800,4311,971
2024,1,26,金,メロン,50850,2901,363
2024,1,27,土,みかん,40100,1086615,349
2024,1,27,土,はっさく,41321,99356,214
2024,1,27,土,りんご計,42000,572347,417
2024,1,27,土,かき計,43500,52465,502
2024,1,27,土,ぶどう計,45000,4940,2393
2024,1,27,土,いちご,46100,282570,1666
2024,1,27,土,メロン計,47000,18281,1377
2024,1,27,土,すいか,48100,5485,523
2024,1,27,土,キウイフルツ,49300,46788,614
2024,1,27,土,バナナ,50100,440087,216
2024,1,27,土,パイナップル,50300,71499,225
2024,1,27,土,レモン,50400,27085,459
2024,1,27,土,オレンジ,50600,14889,361
2024,1,27,土,おうとう,50700,55,2600
2024,1,27,土,キウイフルツ,50800,657,831
2024,1,27,土,メロン,50850,1206,422
2024,1,29,月,みかん,40100,1088702,352
2024,1,29,月,はっさく,41321,115187,215
2024,1,29,月,りんご計,42000,726670,420
2024,1,29,月,かき計,43500,29810,478
2024,1,29,月,ぶどう計,45000,5087,1009
2024,1,29,月,いちご,46100,412488,1644
2024,1,29,月,メロン計,47000,32296,1157
2024,1,29,月,すいか,48100,1795,584
2024,1,29,月,キウイフルツ,49300,120301,647
2024,1,29,月,バナナ,50100,415160,221
2024,1,29,月,パイナップル,50300,48844,223
2024,1,29,月,レモン,50400,41312,463
2024,1,29,月,オレンジ,50600,24592,423
2024,1,29,月,おうとう,50700,155,1845
2024,1,29,月,キウイフルツ,50800,2893,868
2024,1,29,月,メロン,50850,1196,483
2024,1,30,火,みかん,40100,873293,338
2024,1,30,火,はっさく,41321,135483,224
2024,1,30,火,りんご計,42000,497778,428
2024,1,30,火,かき計,43500,29798,524
2024,1,30,火,ぶどう計,45000,3632,2558
2024,1,30,火,いちご,46100,261990,1680
2024,1,30,火,メロン計,47000,13841,1637
2024,1,30,火,すいか,48100,6464,414
2024,1,30,火,キウイフルツ,49300,88655,633
2024,1,30,火,バナナ,50100,434706,220
2024,1,30,火,パイナップル,50300,63824,240
2024,1,30,火,レモン,50400,29704,495
2024,1,30,火,オレンジ,50600,38401,402
2024,1,30,火,おうとう,50700,85,2115
2024,1,30,火,キウイフルツ,50800,2774,715
2024,1,30,火,メロン,50850,2805,511
2024,2,1,木,みかん,40100,1258861,358
2024,2,1,木,はっさく,41321,107221,220
2024,2,1,木,りんご計,42000,679883,415
2024,2,1,木,かき計,43500,27856,479
2024,2,1,木,ぶどう計,45000,7331,1297
2024,2,1,木,いちご,46100,445894,1667
2024,2,1,木,メロン計,47000,25351,1372
2024,2,1,木,すいか,48100,7299,366
2024,2,1,木,キウイフルツ,49300,134260,636
2024,2,1,木,バナナ,50100,368511,229
2024,2,1,木,パイナップル,50300,48222,235
2024,2,1,木,レモン,50400,17693,498
2024,2,1,木,オレンジ,50600,20288,434
2024,2,1,木,おうとう,50700,30,3197
2024,2,1,木,キウイフルツ,50800,825,769
2024,2,1,木,メロン,50850,1858,434
2024,2,2,金,みかん,40100,773877,357
2024,2,2,金,はっさく,41321,68670,233
2024,2,2,金,りんご計,42000,595141,402
2024,2,2,金,かき計,43500,28055,498
2024,2,2,金,おうとう,44800,2,53352
2024,2,2,金,ぶどう計,45000,2501,2266
2024,2,2,金,いちご,46100,263553,1688
2024,2,2,金,メロン計,47000,18050,1470
2024,2,2,金,すいか,48100,832,761
2024,2,2,金,キウイフルツ,49300,100457,621
2024,2,2,金,バナナ,50100,364413,195
2024,2,2,金,パイナップル,50300,72447,210
2024,2,2,金,レモン,50400,16014,501
2024,2,2,金,オレンジ,50600,64280,317
2024,2,2,金,キウイフルツ,50800,536,820
2024,2,2,金,メロン,50850,2809,481
2024,2,3,土,みかん,40100,1081780,344
2024,2,3,土,はっさく,41321,91827,215
2024,2,3,土,りんご計,42000,517791,414
2024,2,3,土,日本なし計,43000,340,187
2024,2,3,土,かき計,43500,11039,511
2024,2,3,土,ぶどう計,45000,2983,1502
2024,2,3,土,いちご,46100,300890,1703
2024,2,3,土,メロン計,47000,18494,1562
2024,2,3,土,すいか,48100,5564,492
2024,2,3,土,キウイフルツ,49300,73532,639
2024,2,3,土,バナナ,50100,479008,196
2024,2,3,土,パイナップル,50300,82817,227
2024,2,3,土,レモン,50400,29262,467
2024,2,3,土,オレンジ,50600,21610,366
2024,2,3,土,おうとう,50700,105,2808
2024,2,3,土,キウイフルツ,50800,2994,779
2024,2,3,土,メロン,50850,2568,508
2024,2,5,月,みかん,40100,788344,345
2024,2,5,月,はっさく,41321,72885,227
2024,2,5,月,りんご計,42000,609666,428
2024,2,5,月,かき計,43500,21351,444
2024,2,5,月,おうとう,44800,4,56808
2024,2,5,月,ぶどう計,45000,4852,841
2024,2,5,月,いちご,46100,453698,1687
2024,2,5,月,メロン計,47000,22672,1519
2024,2,5,月,すいか,48100,1330,681
2024,2,5,月,キウイフルツ,49300,88669,667
2024,2,5,月,バナナ,50100,418115,218
2024,2,5,月,パイナップル,50300,54313,230
2024,2,5,月,レモン,50400,21735,483
2024,2,5,月,オレンジ,50600,21643,381
2024,2,5,月,おうとう,50700,65,1559
2024,2,5,月,キウイフルツ,50800,1127,531
2024,2,5,月,メロン,50850,1019,549
2024,2,6,火,みかん,40100,510803,341
2024,2,6,火,はっさく,41321,103535,220
2024,2,6,火,りんご計,42000,519195,417
2024,2,6,火,日本なし計,43000,10000,543
2024,2,6,火,かき計,43500,2322,598
2024,2,6,火,ぶどう計,45000,2315,1855
2024,2,6,火,いちご,46100,289368,1705
2024,2,6,火,メロン計,47000,7018,1762
2024,2,6,火,すいか,48100,4178,370
2024,2,6,火,キウイフルツ,49300,67409,624
2024,2,6,火,バナナ,50100,303587,223
2024,2,6,火,パイナップル,50300,49035,229
2024,2,6,火,レモン,50400,21051,470
2024,2,6,火,オレンジ,50600,17842,428
2024,2,6,火,おうとう,50700,40,2808
2024,2,6,火,キウイフルツ,50800,297,675
2024,2,6,火,メロン,50850,3822,491
2024,2,8,木,みかん,40100,1157837,358
2024,2,8,木,はっさく,41321,138775,225
2024,2,8,木,りんご計,42000,704120,421
2024,2,8,木,かき計,43500,4672,495
2024,2,8,木,おうとう,44800,5,42854
2024,2,8,木,ぶどう計,45000,5491,1420
2024,2,8,木,いちご,46100,475193,1732
2024,2,8,木,メロン計,47000,28601,1665
2024,2,8,木,すいか,48100,5708,375
2024,2,8,木,キウイフルツ,49300,127598,651
2024,2,8,木,バナナ,50100,363681,233
2024,2,8,木,パイナップル,50300,61415,230
2024,2,8,木,レモン,50400,20938,482
2024,2,8,木,オレンジ,50600,19471,410
2024,2,8,木,おうとう,50700,5,2808
2024,2,8,木,キウイフルツ,50800,3921,658
2024,2,8,木,メロン,50850,4014,477
2024,2,9,金,みかん,40100,975970,356
2024,2,9,金,はっさく,41321,76015,215
2024,2,9,金,りんご計,42000,617735,419
2024,2,9,金,かき計,43500,13133,542
2024,2,9,金,おうとう,44800,3,32040
2024,2,9,金,ぶどう計,45000,3284,1556
2024,2,9,金,いちご,46100,270411,1737
2024,2,9,金,メロン計,47000,18228,1569
2024,2,9,金,すいか,48100,6187,318
2024,2,9,金,キウイフルツ,49300,111128,597
2024,2,9,金,バナナ,50100,474158,201
2024,2,9,金,パイナップル,50300,103391,221
2024,2,9,金,レモン,50400,22268,501
2024,2,9,金,オレンジ,50600,48146,395
2024,2,9,金,おうとう,50700,30,2268
2024,2,9,金,キウイフルツ,50800,2003,934
2024,2,9,金,メロン,50850,2704,381
2024,2,10,土,みかん,40100,935530,359
2024,2,10,土,はっさく,41321,105161,223
2024,2,10,土,りんご計,42000,601765,411
2024,2,10,土,かき計,43500,6391,510
2024,2,10,土,おうとう,44800,5,34603
2024,2,10,土,ぶどう計,45000,1952,2036
2024,2,10,土,いちご,46100,327779,1726
2024,2,10,土,メロン計,47000,16297,1875
2024,2,10,土,すいか,48100,6443,404
2024,2,10,土,キウイフルツ,49300,52787,628
2024,2,10,土,バナナ,50100,416848,218
2024,2,10,土,パイナップル,50300,68509,229
2024,2,10,土,レモン,50400,34716,463
2024,2,10,土,オレンジ,50600,25280,401
2024,2,10,土,キウイフルツ,50800,4043,681
2024,2,10,土,メロン,50850,3746,424
2024,2,12,月,みかん,40100,2936,498
2024,2,12,月,かき計,43500,100,449
2024,2,12,月,いちご,46100,1037,2006
2024,2,12,月,メロン計,47000,48,2329
2024,2,12,月,バナナ,50100,6507,255
2024,2,12,月,パイナップル,50300,4880,239
2024,2,12,月,レモン,50400,622,452
2024,2,12,月,オレンジ,50600,3842,344
2024,2,12,月,キウイフルツ,50800,27,888
2024,2,12,月,メロン,50850,850,606
2024,2,13,火,みかん,40100,933130,353
2024,2,13,火,はっさく,41321,172462,218
2024,2,13,火,りんご計,42000,800842,411
2024,2,13,火,かき計,43500,5368,681
2024,2,13,火,おうとう,44800,12,30447
2024,2,13,火,ぶどう計,45000,3386,699
2024,2,13,火,いちご,46100,827870,1674
2024,2,13,火,メロン計,47000,29982,1745
2024,2,13,火,すいか,48100,6085,348
2024,2,13,火,キウイフルツ,49300,116432,646
2024,2,13,火,バナナ,50100,594074,229
2024,2,13,火,パイナップル,50300,73964,231
2024,2,13,火,レモン,50400,27388,492
2024,2,13,火,オレンジ,50600,33188,391
2024,2,13,火,キウイフルツ,50800,612,746
2024,2,13,火,メロン,50850,2303,320
2024,2,14,水,みかん,40100,110,373
2024,2,14,水,りんご計,42000,11800,401
2024,2,14,水,ぶどう計,45000,170,3701
2024,2,14,水,いちご,46100,8916,1655
2024,2,14,水,メロン計,47000,162,2339
2024,2,14,水,キウイフルツ,49300,71,1134
2024,2,14,水,バナナ,50100,15193,256
2024,2,14,水,パイナップル,50300,1010,235
2024,2,14,水,レモン,50400,1254,479
2024,2,14,水,オレンジ,50600,2529,404
2024,2,15,木,みかん,40100,882947,368
2024,2,15,木,はっさく,41321,119481,226
2024,2,15,木,りんご計,42000,695134,419
2024,2,15,木,かき計,43500,3858,712
2024,2,15,木,びわ,43900,5,4212
2024,2,15,木,おうとう,44800,10,30100
2024,2,15,木,ぶどう計,45000,4536,667
2024,2,15,木,いちご,46100,584210,1667
2024,2,15,木,メロン計,47000,34996,1663
2024,2,15,木,すいか,48100,4014,489
2024,2,15,木,キウイフルツ,49300,124922,607
2024,2,15,木,バナナ,50100,402110,224
2024,2,15,木,パイナップル,50300,98104,228
2024,2,15,木,レモン,50400,21259,506
2024,2,15,木,オレンジ,50600,21408,416
2024,2,15,木,おうとう,50700,580,2313
2024,2,15,木,キウイフルツ,50800,1487,750
2024,2,15,木,メロン,50850,3629,531
2024,2,16,金,みかん,40100,573954,364
2024,2,16,金,はっさく,41321,48466,220
2024,2,16,金,りんご計,42000,584778,420
2024,2,16,金,かき計,43500,1880,497
2024,2,16,金,おうとう,44800,7,27015
2024,2,16,金,ぶどう計,45000,1307,508
2024,2,16,金,いちご,46100,340498,1682
2024,2,16,金,メロン計,47000,17220,2064
2024,2,16,金,すいか,48100,2830,829
2024,2,16,金,キウイフルツ,49300,95978,620
2024,2,16,金,バナナ,50100,448307,210
2024,2,16,金,パイナップル,50300,87036,221
2024,2,16,金,レモン,50400,23842,486
2024,2,16,金,オレンジ,50600,17889,412
2024,2,16,金,おうとう,50700,150,2592
2024,2,16,金,キウイフルツ,50800,1358,1080
2024,2,16,金,メロン,50850,1861,417
2024,2,17,土,みかん,40100,739170,372
2024,2,17,土,はっさく,41321,100755,217
2024,2,17,土,りんご計,42000,595083,423
2024,2,17,土,かき計,43500,1430,557
2024,2,17,土,おうとう,44800,10,31622
2024,2,17,土,ぶどう計,45000,2188,720
2024,2,17,土,いちご,46100,387997,1681
2024,2,17,土,メロン計,47000,16603,1823
2024,2,17,土,すいか,48100,9443,335
2024,2,17,土,キウイフルツ,49300,56007,631
2024,2,17,土,バナナ,50100,497683,220
2024,2,17,土,パイナップル,50300,91950,225
2024,2,17,土,レモン,50400,25936,472
2024,2,17,土,オレンジ,50600,41204,367
2024,2,17,土,キウイフルツ,50800,4512,689
2024,2,17,土,メロン,50850,7372,474
2024,2,19,月,みかん,40100,582697,374
2024,2,19,月,はっさく,41321,78479,215
2024,2,19,月,りんご計,42000,681630,416
2024,2,19,月,かき計,43500,9658,560
2024,2,19,月,びわ,43900,30,7534
2024,2,19,月,おうとう,44800,15,29261
2024,2,19,月,ぶどう計,45000,1382,592
2024,2,19,月,いちご,46100,630380,1658
2024,2,19,月,メロン計,47000,22522,1654
2024,2,19,月,すいか,48100,6203,822
2024,2,19,月,キウイフルツ,49300,88169,635
2024,2,19,月,バナナ,50100,389998,225
2024,2,19,月,パイナップル,50300,58031,222
2024,2,19,月,レモン,50400,16235,486
2024,2,19,月,オレンジ,50600,40220,389
2024,2,19,月,キウイフルツ,50800,359,879
2024,2,19,月,メロン,50850,480,475
2024,2,20,火,みかん,40100,380044,348
2024,2,20,火,はっさく,41321,112377,224
2024,2,20,火,りんご計,42000,510326,426
2024,2,20,火,かき計,43500,304,447
2024,2,20,火,びわ,43900,17,8400
2024,2,20,火,おうとう,44800,12,23967
2024,2,20,火,ぶどう計,45000,1525,532
2024,2,20,火,いちご,46100,406593,1672
2024,2,20,火,メロン計,47000,13863,2146
2024,2,20,火,すいか,48100,5300,702
2024,2,20,火,キウイフルツ,49300,59921,622
2024,2,20,火,バナナ,50100,354698,225
2024,2,20,火,パイナップル,50300,56927,238
2024,2,20,火,レモン,50400,26337,493
2024,2,20,火,オレンジ,50600,21897,442
2024,2,20,火,キウイフルツ,50800,647,921
2024,2,20,火,メロン,50850,2811,487
2024,2,22,木,みかん,40100,542017,388
2024,2,22,木,はっさく,41321,124973,217
2024,2,22,木,りんご計,42000,720921,426
2024,2,22,木,かき計,43500,4519,688
2024,2,22,木,びわ,43900,35,8239
2024,2,22,木,おうとう,44800,18,27354
2024,2,22,木,ぶどう計,45000,2196,680
2024,2,22,木,いちご,46100,715591,1646
2024,2,22,木,メロン計,47000,43084,1489
2024,2,22,木,すいか,48100,14097,417
2024,2,22,木,キウイフルツ,49300,119639,623
2024,2,22,木,バナナ,50100,314179,230
2024,2,22,木,パイナップル,50300,77709,229
2024,2,22,木,レモン,50400,22315,499
2024,2,22,木,オレンジ,50600,26005,431
2024,2,22,木,キウイフルツ,50800,5159,438
2024,2,22,木,メロン,50850,4800,447
2024,2,23,金,みかん,40100,329003,377
2024,2,23,金,はっさく,41321,55062,224
2024,2,23,金,りんご計,42000,522931,410
2024,2,23,金,かき計,43500,540,670
2024,2,23,金,びわ,43900,5,7690
2024,2,23,金,おうとう,44800,9,24144
2024,2,23,金,ぶどう計,45000,1529,615
2024,2,23,金,いちご,46100,332107,1645
2024,2,23,金,メロン計,47000,19511,1714
2024,2,23,金,すいか,48100,11676,564
2024,2,23,金,キウイフルツ,49300,89623,604
2024,2,23,金,バナナ,50100,339151,232
2024,2,23,金,パイナップル,50300,83696,239
2024,2,23,金,レモン,50400,22253,479
2024,2,23,金,オレンジ,50600,21277,418
2024,2,23,金,キウイフルツ,50800,1948,944
2024,2,23,金,メロン,50850,6450,407
2024,2,24,土,みかん,40100,427299,375
2024,2,24,土,はっさく,41321,106005,214
2024,2,24,土,りんご計,42000,613467,427
2024,2,24,土,かき計,43500,715,678
2024,2,24,土,びわ,43900,40,8978
2024,2,24,土,おうとう,44800,15,19886
2024,2,24,土,ぶどう計,45000,2095,662
2024,2,24,土,いちご,46100,376421,1670
2024,2,24,土,メロン計,47000,22631,1684
2024,2,24,土,すいか,48100,12066,407
2024,2,24,土,キウイフルツ,49300,50138,611
2024,2,24,土,バナナ,50100,473951,216
2024,2,24,土,パイナップル,50300,92846,231
2024,2,24,土,レモン,50400,37600,464
2024,2,24,土,オレンジ,50600,33022,406
2024,2,24,土,キウイフルツ,50800,4174,689
2024,2,24,土,メロン,50850,3434,469
2024,2,26,月,みかん,40100,318275,418
2024,2,26,月,はっさく,41321,93102,218
2024,2,26,月,りんご計,42000,612822,425
2024,2,26,月,かき計,43500,3809,712
2024,2,26,月,びわ,43900,63,8110
2024,2,26,月,おうとう,44800,17,23925
2024,2,26,月,ぶどう計,45000,954,932
2024,2,26,月,いちご,46100,408232,1669
2024,2,26,月,メロン計,47000,30450,1415
2024,2,26,月,すいか,48100,17946,451
2024,2,26,月,キウイフルツ,49300,81856,649
2024,2,26,月,バナナ,50100,390437,227
2024,2,26,月,パイナップル,50300,61540,230
2024,2,26,月,レモン,50400,22802,468
2024,2,26,月,オレンジ,50600,18977,430
2024,2,26,月,キウイフルツ,50800,125,926
2024,2,26,月,メロン,50850,3687,462
2024,2,27,火,みかん,40100,326115,375
2024,2,27,火,はっさく,41321,105787,229
2024,2,27,火,りんご計,42000,476671,419
2024,2,27,火,かき計,43500,6687,493
2024,2,27,火,びわ,43900,63,7805
2024,2,27,火,おうとう,44800,18,19716
2024,2,27,火,ぶどう計,45000,850,752
2024,2,27,火,いちご,46100,284658,1672
2024,2,27,火,メロン計,47000,13893,1752
2024,2,27,火,すいか,48100,11825,495
2024,2,27,火,キウイフルツ,49300,49173,653
2024,2,27,火,バナナ,50100,386658,219
2024,2,27,火,パイナップル,50300,53619,231
2024,2,27,火,レモン,50400,30679,464
2024,2,27,火,オレンジ,50600,36038,403
2024,2,27,火,キウイフルツ,50800,1651,839
2024,2,27,火,メロン,50850,6363,368
2024,2,29,木,みかん,40100,404352,388
2024,2,29,木,はっさく,41321,122169,220
2024,2,29,木,りんご計,42000,595449,427
2024,2,29,木,かき計,43500,3556,719
2024,2,29,木,びわ,43900,98,7071
2024,2,29,木,おうとう,44800,27,30660
2024,2,29,木,ぶどう計,45000,2917,593
2024,2,29,木,いちご,46100,509733,1664
2024,2,29,木,メロン計,47000,20267,1564
2024,2,29,木,すいか,48100,20312,451
2024,2,29,木,キウイフルツ,49300,131442,650
2024,2,29,木,バナナ,50100,582133,240
2024,2,29,木,パイナップル,50300,85476,244
2024,2,29,木,レモン,50400,35650,456
2024,2,29,木,オレンジ,50600,27954,443
2024,2,29,木,キウイフルツ,50800,4332,786
2024,2,29,木,メロン,50850,4530,417
2024,3,1,金,みかん,40100,244664,361
2024,3,1,金,はっさく,41321,86560,224
2024,3,1,金,りんご計,42000,617736,419
2024,3,1,金,かき計,43500,1521,684
2024,3,1,金,びわ,43900,103,3250
2024,3,1,金,おうとう,44800,27,17396
2024,3,1,金,ぶどう計,45000,459,1005
2024,3,1,金,いちご,46100,280341,1669
2024,3,1,金,メロン計,47000,11864,1861
2024,3,1,金,すいか,48100,20051,501
2024,3,1,金,キウイフルツ,49300,63069,643
2024,3,1,金,バナナ,50100,441400,201
2024,3,1,金,パイナップル,50300,83023,224
2024,3,1,金,レモン,50400,22185,494
2024,3,1,金,オレンジ,50600,23356,413
2024,3,1,金,キウイフルツ,50800,395,848
2024,3,1,金,メロン,50850,1607,515
2024,3,2,土,みかん,40100,244771,387
2024,3,2,土,はっさく,41321,93997,220
2024,3,2,土,りんご計,42000,478783,440
2024,3,2,土,かき計,43500,98,677
2024,3,2,土,びわ,43900,142,6046
2024,3,2,土,おうとう,44800,15,28886
2024,3,2,土,ぶどう計,45000,1201,798
2024,3,2,土,いちご,46100,322270,1683
2024,3,2,土,メロン計,47000,16529,1557
2024,3,2,土,すいか,48100,44801,430
2024,3,2,土,キウイフルツ,49300,111309,582
2024,3,2,土,バナナ,50100,405104,205
2024,3,2,土,パイナップル,50300,90258,228
2024,3,2,土,レモン,50400,28759,460
2024,3,2,土,オレンジ,50600,24865,418
2024,3,2,土,キウイフルツ,50800,1656,805
2024,3,2,土,メロン,50850,4377,403
2024,3,4,月,みかん,40100,361100,436
2024,3,4,月,はっさく,41321,156252,236
2024,3,4,月,りんご計,42000,625338,437
2024,3,4,月,かき計,43500,4355,725
2024,3,4,月,びわ,43900,125,5771
2024,3,4,月,おうとう,44800,39,23818
2024,3,4,月,ぶどう計,45000,1073,809
2024,3,4,月,いちご,46100,445821,1644
2024,3,4,月,メロン計,47000,18650,1691
2024,3,4,月,すいか,48100,40556,406
2024,3,4,月,キウイフルツ,49300,72686,677
2024,3,4,月,バナナ,50100,413214,227
2024,3,4,月,パイナップル,50300,57905,233
2024,3,4,月,レモン,50400,25122,455
2024,3,4,月,オレンジ,50600,23705,422
2024,3,4,月,キウイフルツ,50800,655,541
2024,3,4,月,メロン,50850,2537,427
2024,3,5,火,みかん,40100,259646,431
2024,3,5,火,はっさく,41321,83793,225
2024,3,5,火,りんご計,42000,499226,441
2024,3,5,火,かき計,43500,1417,677
2024,3,5,火,びわ,43900,80,4830
2024,3,5,火,おうとう,44800,33,19934
2024,3,5,火,ぶどう計,45000,1366,695
2024,3,5,火,いちご,46100,274689,1688
2024,3,5,火,メロン計,47000,12984,1882
2024,3,5,火,すいか,48100,21325,442
2024,3,5,火,キウイフルツ,49300,60673,656
2024,3,5,火,バナナ,50100,345326,210
2024,3,5,火,パイナップル,50300,57410,229
2024,3,5,火,レモン,50400,18743,494
2024,3,5,火,オレンジ,50600,28674,404
2024,3,5,火,キウイフルツ,50800,421,850
2024,3,5,火,メロン,50850,4736,443
2024,3,7,木,みかん,40100,316861,461
2024,3,7,木,はっさく,41321,145613,232
2024,3,7,木,りんご計,42000,692303,447
2024,3,7,木,かき計,43500,600,671
2024,3,7,木,びわ,43900,183,5667
2024,3,7,木,おうとう,44800,51,25179
2024,3,7,木,ぶどう計,45000,631,980
2024,3,7,木,いちご,46100,516992,1654
2024,3,7,木,メロン計,47000,18467,1653
2024,3,7,木,すいか,48100,44445,436
2024,3,7,木,キウイフルツ,49300,105305,649
2024,3,7,木,バナナ,50100,434817,227
2024,3,7,木,パイナップル,50300,78282,244
2024,3,7,木,レモン,50400,26093,481
2024,3,7,木,オレンジ,50600,30989,419
2024,3,7,木,キウイフルツ,50800,873,851
2024,3,7,木,メロン,50850,4870,368
2024,3,8,金,みかん,40100,206079,462
2024,3,8,金,はっさく,41321,83990,221
2024,3,8,金,りんご計,42000,488480,454
2024,3,8,金,びわ,43900,185,4932
2024,3,8,金,おうとう,44800,29,25724
2024,3,8,金,ぶどう計,45000,35,3703
2024,3,8,金,いちご,46100,263100,1685
2024,3,8,金,メロン計,47000,15198,1702
2024,3,8,金,すいか,48100,10764,405
2024,3,8,金,キウイフルツ,49300,87083,625
2024,3,8,金,バナナ,50100,354505,218
2024,3,8,金,パイナップル,50300,83196,237
2024,3,8,金,レモン,50400,25874,466
2024,3,8,金,オレンジ,50600,24364,418
2024,3,8,金,キウイフルツ,50800,2053,887
2024,3,8,金,メロン,50850,2531,382
2024,3,9,土,みかん,40100,283506,468
2024,3,9,土,はっさく,41321,102895,234
2024,3,9,土,りんご計,42000,583631,447
2024,3,9,土,かき計,43500,90,294
2024,3,9,土,びわ,43900,91,4977
2024,3,9,土,おうとう,44800,41,23052
2024,3,9,土,ぶどう計,45000,185,2112
2024,3,9,土,いちご,46100,262200,1708
2024,3,9,土,メロン計,47000,16350,1671
2024,3,9,土,すいか,48100,42369,444
2024,3,9,土,キウイフルツ,49300,42973,606
2024,3,9,土,バナナ,50100,336763,214
2024,3,9,土,パイナップル,50300,70362,246
2024,3,9,土,レモン,50400,27753,444
2024,3,9,土,オレンジ,50600,40292,380
2024,3,9,土,キウイフルツ,50800,1902,771
2024,3,9,土,メロン,50850,3247,384
2024,3,11,月,みかん,40100,263604,485
2024,3,11,月,はっさく,41321,161926,236
2024,3,11,月,りんご計,42000,623021,443
2024,3,11,月,かき計,43500,500,772
2024,3,11,月,びわ,43900,245,5474
2024,3,11,月,おうとう,44800,44,22658
2024,3,11,月,ぶどう計,45000,455,1132
2024,3,11,月,いちご,46100,519733,1656
2024,3,11,月,メロン計,47000,20699,1602
2024,3,11,月,すいか,48100,24763,457
2024,3,11,月,キウイフルツ,49300,61243,665
2024,3,11,月,バナナ,50100,448089,227
2024,3,11,月,パイナップル,50300,84832,238
2024,3,11,月,レモン,50400,23318,478
2024,3,11,月,オレンジ,50600,30994,435
2024,3,11,月,キウイフルツ,50800,4163,672
2024,3,11,月,メロン,50850,2133,437
2024,3,12,火,みかん,40100,195662,449
2024,3,12,火,はっさく,41321,94844,231
2024,3,12,火,りんご計,42000,548618,457
2024,3,12,火,びわ,43900,88,4461
2024,3,12,火,おうとう,44800,47,21869
2024,3,12,火,ぶどう計,45000,106,3290
2024,3,12,火,いちご,46100,350399,1675
2024,3,12,火,メロン計,47000,16283,1714
2024,3,12,火,すいか,48100,12235,489
2024,3,12,火,キウイフルツ,49300,52491,662
2024,3,12,火,バナナ,50100,355192,222
2024,3,12,火,パイナップル,50300,64017,233
2024,3,12,火,レモン,50400,20641,462
2024,3,12,火,オレンジ,50600,30658,398
2024,3,12,火,キウイフルツ,50800,947,780
2024,3,12,火,メロン,50850,4450,439
2024,3,14,木,みかん,40100,268410,484
2024,3,14,木,はっさく,41321,184694,239
2024,3,14,木,りんご計,42000,746010,452
2024,3,14,木,かき計,43500,500,772
2024,3,14,木,びわ,43900,377,4901
2024,3,14,木,おうとう,44800,78,19995
2024,3,14,木,ぶどう計,45000,1722,608
2024,3,14,木,いちご,46100,613308,1640
2024,3,14,木,メロン計,47000,24735,1751
2024,3,14,木,すいか,48100,41658,430
2024,3,14,木,キウイフルツ,49300,105725,660
2024,3,14,木,バナナ,50100,501387,232
2024,3,14,木,パイナップル,50300,100337,249
2024,3,14,木,レモン,50400,29196,483
2024,3,14,木,オレンジ,50600,39440,416
2024,3,14,木,キウイフルツ,50800,4077,1056
2024,3,14,木,メロン,50850,7270,392
2024,3,15,金,みかん,40100,149701,463
2024,3,15,金,はっさく,41321,53948,251
2024,3,15,金,りんご計,42000,584726,471
2024,3,15,金,日本なし計,43000,630,465
2024,3,15,金,びわ,43900,267,4802
2024,3,15,金,おうとう,44800,51,19912
2024,3,15,金,ぶどう計,45000,74,3451
2024,3,15,金,いちご,46100,293439,1667
2024,3,15,金,メロン計,47000,22000,1735
2024,3,15,金,すいか,48100,31125,414
2024,3,15,金,キウイフルツ,49300,104958,624
2024,3,15,金,バナナ,50100,461891,202
2024,3,15,金,パイナップル,50300,68088,262
2024,3,15,金,レモン,50400,34868,464
2024,3,15,金,オレンジ,50600,26037,367
2024,3,15,金,キウイフルツ,50800,814,781
2024,3,15,金,メロン,50850,1914,343
2024,3,16,土,みかん,40100,199603,500
2024,3,16,土,はっさく,41321,105695,239
2024,3,16,土,りんご計,42000,596036,456
2024,3,16,土,日本なし計,43000,660,454
2024,3,16,土,びわ,43900,188,4796
2024,3,16,土,おうとう,44800,49,20075
2024,3,16,土,ぶどう計,45000,88,3528
2024,3,16,土,いちご,46100,353427,1670
2024,3,16,土,メロン計,47000,21043,1668
2024,3,16,土,すいか,48100,29737,509
2024,3,16,土,キウイフルツ,49300,43632,653
2024,3,16,土,バナナ,50100,283601,221
2024,3,16,土,パイナップル,50300,100108,252
2024,3,16,土,レモン,50400,37713,462
2024,3,16,土,オレンジ,50600,47786,365
2024,3,16,土,キウイフルツ,50800,853,754
2024,3,16,土,メロン,50850,4370,438
2024,3,18,月,みかん,40100,165195,522
2024,3,18,月,はっさく,41321,161137,229
2024,3,18,月,りんご計,42000,670194,453
2024,3,18,月,日本なし計,43000,20,518
2024,3,18,月,かき計,43500,500,791
2024,3,18,月,びわ,43900,631,4562
2024,3,18,月,おうとう,44800,66,18119
2024,3,18,月,ぶどう計,45000,430,956
2024,3,18,月,いちご,46100,642781,1596
2024,3,18,月,メロン計,47000,27164,1486
2024,3,18,月,すいか,48100,44402,489
2024,3,18,月,キウイフルツ,49300,56162,673
2024,3,18,月,バナナ,50100,585013,232
2024,3,18,月,パイナップル,50300,64526,255
2024,3,18,月,レモン,50400,23400,465
2024,3,18,月,オレンジ,50600,33223,409
2024,3,18,月,キウイフルツ,50800,2629,792
2024,3,18,月,メロン,50850,604,366
2024,3,19,火,みかん,40100,121740,457
2024,3,19,火,はっさく,41321,106484,241
2024,3,19,火,りんご計,42000,472678,464
2024,3,19,火,かき計,43500,1110,393
2024,3,19,火,びわ,43900,298,4599
2024,3,19,火,おうとう,44800,71,15733
2024,3,19,火,ぶどう計,45000,2288,1970
2024,3,19,火,いちご,46100,417415,1601
2024,3,19,火,メロン計,47000,19244,1437
2024,3,19,火,すいか,48100,30633,454
2024,3,19,火,キウイフルツ,49300,47002,646
2024,3,19,火,バナナ,50100,298327,224
2024,3,19,火,パイナップル,50300,93699,252
2024,3,19,火,レモン,50400,30754,483
2024,3,19,火,オレンジ,50600,30171,413
2024,3,19,火,キウイフルツ,50800,2409,994
2024,3,19,火,メロン,50850,9067,388
2024,3,21,木,みかん,40100,107820,467
2024,3,21,木,はっさく,41321,129944,232
2024,3,21,木,りんご計,42000,689913,456
2024,3,21,木,かき計,43500,650,708
2024,3,21,木,びわ,43900,1026,4638
2024,3,21,木,おうとう,44800,92,15716
2024,3,21,木,ぶどう計,45000,648,928
2024,3,21,木,いちご,46100,716075,1558
2024,3,21,木,メロン計,47000,37844,1326
2024,3,21,木,すいか,48100,70307,460
2024,3,21,木,キウイフルツ,49300,76300,682
2024,3,21,木,バナナ,50100,449439,231
2024,3,21,木,パイナップル,50300,97607,252
2024,3,21,木,レモン,50400,24940,479
2024,3,21,木,オレンジ,50600,40474,411
2024,3,21,木,キウイフルツ,50800,13351,831
2024,3,21,木,メロン,50850,3092,383
2024,3,22,金,みかん,40100,58751,408
2024,3,22,金,はっさく,41321,66534,223
2024,3,22,金,りんご計,42000,499981,476
2024,3,22,金,日本なし計,43000,50,54
2024,3,22,金,びわ,43900,461,4098
2024,3,22,金,おうとう,44800,75,15102
2024,3,22,金,ぶどう計,45000,77,3178
2024,3,22,金,いちご,46100,390192,1564
2024,3,22,金,メロン計,47000,17857,1533
2024,3,22,金,すいか,48100,44968,431
2024,3,22,金,キウイフルツ,49300,88517,557
2024,3,22,金,バナナ,50100,409090,226
2024,3,22,金,パイナップル,50300,104875,253
2024,3,22,金,レモン,50400,41552,454
2024,3,22,金,オレンジ,50600,53243,435
2024,3,22,金,キウイフルツ,50800,3515,945
2024,3,22,金,メロン,50850,6720,347
2024,3,23,土,みかん,40100,54160,430
2024,3,23,土,はっさく,41321,70163,248
2024,3,23,土,りんご計,42000,514402,471
2024,3,23,土,びわ,43900,782,4350
2024,3,23,土,おうとう,44800,124,10612
2024,3,23,土,ぶどう計,45000,39,3089
2024,3,23,土,いちご,46100,435730,1556
2024,3,23,土,メロン計,47000,29578,1330
2024,3,23,土,すいか,48100,50720,469
2024,3,23,土,キウイフルツ,49300,34792,645
2024,3,23,土,バナナ,50100,358411,227
2024,3,23,土,パイナップル,50300,91092,252
2024,3,23,土,レモン,50400,28389,448
2024,3,23,土,オレンジ,50600,46439,395
2024,3,23,土,キウイフルツ,50800,4030,1017
2024,3,23,土,メロン,50850,3598,415
2024,3,25,月,みかん,40100,56742,455
2024,3,25,月,はっさく,41321,96132,224
2024,3,25,月,りんご計,42000,559784,454
2024,3,25,月,かき計,43500,375,600
2024,3,25,月,びわ,43900,1825,3596
2024,3,25,月,おうとう,44800,82,12259
2024,3,25,月,ぶどう計,45000,316,670
2024,3,25,月,いちご,46100,622031,1450
2024,3,25,月,メロン計,47000,36891,1263
2024,3,25,月,すいか,48100,109876,420
2024,3,25,月,キウイフルツ,49300,60071,617
2024,3,25,月,バナナ,50100,467137,236
2024,3,25,月,パイナップル,50300,82238,278
2024,3,25,月,レモン,50400,26052,482
2024,3,25,月,オレンジ,50600,46626,412
2024,3,25,月,キウイフルツ,50800,1935,840
2024,3,25,月,メロン,50850,4348,338
2024,3,26,火,みかん,40100,33541,434
2024,3,26,火,はっさく,41321,27161,232
2024,3,26,火,りんご計,42000,418473,472
2024,3,26,火,びわ,43900,571,3624
2024,3,26,火,おうとう,44800,172,9545
2024,3,26,火,ぶどう計,45000,56,2931
2024,3,26,火,いちご,46100,380122,1462
2024,3,26,火,メロン計,47000,22969,1317
2024,3,26,火,すいか,48100,36409,473
2024,3,26,火,キウイフルツ,49300,18259,683
2024,3,26,火,バナナ,50100,308956,225
2024,3,26,火,パイナップル,50300,95830,236
2024,3,26,火,レモン,50400,35197,467
2024,3,26,火,オレンジ,50600,41972,382
2024,3,26,火,キウイフルツ,50800,7366,776
2024,3,26,火,メロン,50850,12633,340
2024,3,28,木,みかん,40100,28930,469
2024,3,28,木,はっさく,41321,102188,239
2024,3,28,木,りんご計,42000,642015,470
2024,3,28,木,びわ,43900,2237,3448
2024,3,28,木,おうとう,44800,155,11055
2024,3,28,木,ぶどう計,45000,341,1207
2024,3,28,木,いちご,46100,638900,1435
2024,3,28,木,メロン計,47000,29014,1346
2024,3,28,木,すいか,48100,135394,411
2024,3,28,木,キウイフルツ,49300,40652,699
2024,3,28,木,バナナ,50100,499255,222
2024,3,28,木,パイナップル,50300,109328,249
2024,3,28,木,レモン,50400,32663,478
2024,3,28,木,オレンジ,50600,45618,389
2024,3,28,木,キウイフルツ,50800,2954,781
2024,3,28,木,メロン,50850,11706,397
2024,3,29,金,みかん,40100,19530,438
2024,3,29,金,はっさく,41321,59855,219
2024,3,29,金,りんご計,42000,470774,465
2024,3,29,金,びわ,43900,1175,2750
2024,3,29,金,おうとう,44800,232,7500
2024,3,29,金,ぶどう計,45000,35,2006
2024,3,29,金,いちご,46100,340148,1451
2024,3,29,金,メロン計,47000,22791,1364
2024,3,29,金,すいか,48100,83325,421
2024,3,29,金,キウイフルツ,49300,17859,687
2024,3,29,金,バナナ,50100,472110,211
2024,3,29,金,パイナップル,50300,117387,263
2024,3,29,金,レモン,50400,34273,453
2024,3,29,金,オレンジ,50600,45933,382
2024,3,29,金,キウイフルツ,50800,8978,774
2024,3,29,金,メロン,50850,6848,395
2024,3,30,土,みかん,40100,24833,448
2024,3,30,土,はっさく,41321,21163,241
2024,3,30,土,りんご計,42000,426213,483
2024,3,30,土,びわ,43900,1715,3117
2024,3,30,土,おうとう,44800,116,11129
2024,3,30,土,ぶどう計,45000,187,1101
2024,3,30,土,いちご,46100,424493,1433
2024,3,30,土,メロン計,47000,30714,1233
2024,3,30,土,すいか,48100,89254,429
2024,3,30,土,キウイフルツ,49300,25992,683
2024,3,30,土,バナナ,50100,816761,216
2024,3,30,土,パイナップル,50300,143051,259
2024,3,30,土,レモン,50400,49813,443
2024,3,30,土,オレンジ,50600,52513,406
2024,3,30,土,キウイフルツ,50800,3997,823
2024,3,30,土,メロン,50850,6698,398
2024,4,1,月,みかん,40100,20353,434
2024,4,1,月,はっさく,41321,74000,232
2024,4,1,月,りんご計,42000,532546,472
2024,4,1,月,びわ,43900,3736,2842
2024,4,1,月,おうとう,44800,176,8874
2024,4,1,月,ぶどう計,45000,475,544
2024,4,1,月,いちご,46100,672523,1361
2024,4,1,月,メロン計,47000,36108,1213
2024,4,1,月,すいか,48100,142606,402
2024,4,1,月,キウイフルツ,49300,69896,641
2024,4,1,月,バナナ,50100,327033,238
2024,4,1,月,パイナップル,50300,70466,266
2024,4,1,月,レモン,50400,13346,510
2024,4,1,月,オレンジ,50600,13401,441
2024,4,1,月,キウイフルツ,50800,1690,890
2024,4,1,月,メロン,50850,2526,444
2024,4,2,火,みかん,40100,21177,531
2024,4,2,火,はっさく,41321,24641,254
2024,4,2,火,りんご計,42000,485201,476
2024,4,2,火,びわ,43900,1033,2623
2024,4,2,火,おうとう,44800,170,10111
2024,4,2,火,いちご,46100,404614,1373
2024,4,2,火,メロン計,47000,19927,1450
2024,4,2,火,すいか,48100,110278,397
2024,4,2,火,キウイフルツ,49300,17535,700
2024,4,2,火,バナナ,50100,295030,231
2024,4,2,火,パイナップル,50300,75127,259
2024,4,2,火,レモン,50400,19672,491
2024,4,2,火,オレンジ,50600,25153,414
2024,4,2,火,キウイフルツ,50800,971,831
2024,4,2,火,メロン,50850,6116,278
2024,4,4,木,みかん,40100,20248,499
2024,4,4,木,はっさく,41321,99659,246
2024,4,4,木,りんご計,42000,641255,485
2024,4,4,木,びわ,43900,5012,2567
2024,4,4,木,おうとう,44800,252,12564
2024,4,4,木,ぶどう計,45000,245,582
2024,4,4,木,いちご,46100,712246,1272
2024,4,4,木,メロン計,47000,37723,1269
2024,4,4,木,すいか,48100,168560,399
2024,4,4,木,キウイフルツ,49300,10574,739
2024,4,4,木,バナナ,50100,350101,235
2024,4,4,木,パイナップル,50300,98539,271
2024,4,4,木,レモン,50400,31950,481
2024,4,4,木,オレンジ,50600,63317,395
2024,4,4,木,キウイフルツ,50800,13701,1005
2024,4,4,木,メロン,50850,8654,340
2024,4,5,金,みかん,40100,13171,623
2024,4,5,金,はっさく,41321,63908,227
2024,4,5,金,りんご計,42000,476359,486
2024,4,5,金,びわ,43900,2322,2561
2024,4,5,金,おうとう,44800,187,15075
2024,4,5,金,いちご,46100,374264,1277
2024,4,5,金,メロン計,47000,27680,1264
2024,4,5,金,すいか,48100,124288,384
2024,4,5,金,キウイフルツ,49300,31385,678
2024,4,5,金,バナナ,50100,366295,225
2024,4,5,金,パイナップル,50300,109034,261
2024,4,5,金,レモン,50400,27032,472
2024,4,5,金,オレンジ,50600,47183,403
2024,4,5,金,キウイフルツ,50800,6210,943
2024,4,5,金,メロン,50850,5375,360
2024,4,6,土,みかん,40100,7512,459
2024,4,6,土,はっさく,41321,21504,232
2024,4,6,土,りんご計,42000,491005,483
2024,4,6,土,びわ,43900,4184,2633
2024,4,6,土,おうとう,44800,318,13153
2024,4,6,土,いちご,46100,405264,1282
2024,4,6,土,メロン計,47000,49148,1102
2024,4,6,土,すいか,48100,120155,416
2024,4,6,土,キウイフルツ,49300,2586,778
2024,4,6,土,バナナ,50100,433114,224
2024,4,6,土,パイナップル,50300,119949,264
2024,4,6,土,レモン,50400,27687,447
2024,4,6,土,オレンジ,50600,68724,401
2024,4,6,土,キウイフルツ,50800,68796,861
2024,4,6,土,メロン,50850,5982,418
2024,4,8,月,みかん,40100,10307,438
2024,4,8,月,はっさく,41321,96789,248
2024,4,8,月,りんご計,42000,635445,473
2024,4,8,月,びわ,43900,5730,2620
2024,4,8,月,おうとう,44800,345,11489
2024,4,8,月,ぶどう計,45000,110,599
2024,4,8,月,いちご,46100,594385,1248
2024,4,8,月,メロン計,47000,43740,1095
2024,4,8,月,すいか,48100,224531,390
2024,4,8,月,キウイフルツ,49300,17563,709
2024,4,8,月,バナナ,50100,403330,233
2024,4,8,月,パイナップル,50300,129277,263
2024,4,8,月,レモン,50400,20724,475
2024,4,8,月,オレンジ,50600,40584,408
2024,4,8,月,キウイフルツ,50800,76417,776
2024,4,8,月,メロン,50850,4545,452
2024,4,9,火,みかん,40100,5775,425
2024,4,9,火,はっさく,41321,43081,273
2024,4,9,火,りんご計,42000,443101,482
2024,4,9,火,びわ,43900,1577,2429
2024,4,9,火,おうとう,44800,435,12201
2024,4,9,火,いちご,46100,365314,1270
2024,4,9,火,メロン計,47000,32228,1131
2024,4,9,火,すいか,48100,150816,390
2024,4,9,火,キウイフルツ,49300,11426,645
2024,4,9,火,バナナ,50100,343689,204
2024,4,9,火,パイナップル,50300,105973,267
2024,4,9,火,レモン,50400,29905,479
2024,4,9,火,オレンジ,50600,54736,412
2024,4,9,火,キウイフルツ,50800,126206,745
2024,4,9,火,メロン,50850,5431,404
2024,4,11,木,みかん,40100,3768,430
2024,4,11,木,はっさく,41321,95617,256
2024,4,11,木,りんご計,42000,562285,475
2024,4,11,木,びわ,43900,7620,2570
2024,4,11,木,おうとう,44800,498,13608
2024,4,11,木,いちご,46100,675008,1235
2024,4,11,木,メロン計,47000,45321,1119
2024,4,11,木,すいか,48100,175726,400
2024,4,11,木,キウイフルツ,49300,20720,662
2024,4,11,木,バナナ,50100,360650,234
2024,4,11,木,パイナップル,50300,113663,258
2024,4,11,木,レモン,50400,28817,480
2024,4,11,木,オレンジ,50600,47446,414
2024,4,11,木,キウイフルツ,50800,161704,733
2024,4,11,木,メロン,50850,6371,384
2024,4,12,金,みかん,40100,4472,573
2024,4,12,金,はっさく,41321,57817,256
2024,4,12,金,りんご計,42000,400003,479
2024,4,12,金,びわ,43900,1946,2507
2024,4,12,金,おうとう,44800,645,11096
2024,4,12,金,いちご,46100,306643,1243
2024,4,12,金,メロン計,47000,36490,1143
2024,4,12,金,すいか,48100,164246,382
2024,4,12,金,キウイフルツ,49300,21509,669
2024,4,12,金,バナナ,50100,635737,216
2024,4,12,金,パイナップル,50300,112493,261
2024,4,12,金,レモン,50400,19984,495
2024,4,12,金,オレンジ,50600,60077,414
2024,4,12,金,キウイフルツ,50800,72208,767
2024,4,12,金,メロン,50850,5039,347
2024,4,13,土,みかん,40100,490,466
2024,4,13,土,はっさく,41321,32993,224
2024,4,13,土,りんご計,42000,475552,474
2024,4,13,土,びわ,43900,5775,2476
2024,4,13,土,もも,44100,6,11520
2024,4,13,土,おうとう,44800,652,10275
2024,4,13,土,いちご,46100,364878,1245
2024,4,13,土,メロン計,47000,44407,1155
2024,4,13,土,すいか,48100,230075,399
2024,4,13,土,キウイフルツ,49300,2727,688
2024,4,13,土,バナナ,50100,319972,219
2024,4,13,土,パイナップル,50300,106133,260
2024,4,13,土,レモン,50400,37238,462
2024,4,13,土,オレンジ,50600,68977,416
2024,4,13,土,キウイフルツ,50800,26563,771
2024,4,13,土,メロン,50850,3651,453
2024,4,15,月,みかん,40100,540,481
2024,4,15,月,はっさく,41321,72413,258
2024,4,15,月,りんご計,42000,551677,468
2024,4,15,月,日本なし計,43000,470,290
2024,4,15,月,びわ,43900,7270,2377
2024,4,15,月,おうとう,44800,629,10175
2024,4,15,月,いちご,46100,521399,1188
2024,4,15,月,メロン計,47000,68213,1040
2024,4,15,月,すいか,48100,276790,403
2024,4,15,月,キウイフルツ,49300,15032,693
2024,4,15,月,バナナ,50100,607117,228
2024,4,15,月,パイナップル,50300,100970,269
2024,4,15,月,レモン,50400,25344,502
2024,4,15,月,オレンジ,50600,42243,411
2024,4,15,月,キウイフルツ,50800,34032,852
2024,4,15,月,メロン,50850,4673,428
2024,4,16,火,みかん,40100,510,468
2024,4,16,火,はっさく,41321,21312,250
2024,4,16,火,りんご計,42000,367272,474
2024,4,16,火,びわ,43900,2588,2397
2024,4,16,火,もも,44100,316,9996
2024,4,16,火,おうとう,44800,884,9812
2024,4,16,火,いちご,46100,317534,1212
2024,4,16,火,メロン計,47000,50619,1060
2024,4,16,火,すいか,48100,165288,441
2024,4,16,火,キウイフルツ,49300,3531,673
2024,4,16,火,バナナ,50100,331170,227
2024,4,16,火,パイナップル,50300,114494,265
2024,4,16,火,レモン,50400,20946,478
2024,4,16,火,オレンジ,50600,74181,333
2024,4,16,火,キウイフルツ,50800,35874,747
2024,4,16,火,メロン,50850,4095,326
2024,4,18,木,みかん,40100,2216,1637
2024,4,18,木,はっさく,41321,70728,249
2024,4,18,木,りんご計,42000,590747,476
2024,4,18,木,びわ,43900,9722,2298
2024,4,18,木,もも,44100,317,8121
2024,4,18,木,おうとう,44800,873,9495
2024,4,18,木,ぶどう計,45000,365,4725
2024,4,18,木,いちご,46100,605942,1182
2024,4,18,木,メロン計,47000,87161,995
2024,4,18,木,すいか,48100,492001,406
2024,4,18,木,キウイフルツ,49300,6904,725
2024,4,18,木,バナナ,50100,409011,239
2024,4,18,木,パイナップル,50300,100292,265
2024,4,18,木,レモン,50400,33116,492
2024,4,18,木,オレンジ,50600,49043,344
2024,4,18,木,キウイフルツ,50800,155831,783
2024,4,18,木,メロン,50850,4732,444
2024,4,19,金,みかん,40100,530,433
2024,4,19,金,はっさく,41321,40185,247
2024,4,19,金,りんご計,42000,380557,475
2024,4,19,金,びわ,43900,2882,2280
2024,4,19,金,もも,44100,172,8003
2024,4,19,金,おうとう,44800,1002,10389
2024,4,19,金,いちご,46100,304500,1188
2024,4,19,金,メロン計,47000,84034,943
2024,4,19,金,すいか,48100,285221,405
2024,4,19,金,キウイフルツ,49300,21848,652
2024,4,19,金,バナナ,50100,573153,211
2024,4,19,金,パイナップル,50300,131176,253
2024,4,19,金,レモン,50400,28645,483
2024,4,19,金,オレンジ,50600,42650,429
2024,4,19,金,キウイフルツ,50800,124493,741
2024,4,19,金,メロン,50850,9271,327
2024,4,20,土,みかん,40100,295,726
2024,4,20,土,はっさく,41321,21143,201
2024,4,20,土,りんご計,42000,386665,476
2024,4,20,土,びわ,43900,6335,2308
2024,4,20,土,もも,44100,551,6669
2024,4,20,土,おうとう,44800,1069,9885
2024,4,20,土,ぶどう計,45000,407,4604
2024,4,20,土,いちご,46100,353247,1194
2024,4,20,土,メロン計,47000,91805,944
2024,4,20,土,すいか,48100,325800,423
2024,4,20,土,キウイフルツ,49300,1342,759
2024,4,20,土,バナナ,50100,496644,225
2024,4,20,土,パイナップル,50300,127701,263
2024,4,20,土,レモン,50400,31577,459
2024,4,20,土,オレンジ,50600,100608,366
2024,4,20,土,キウイフルツ,50800,194933,737
2024,4,20,土,メロン,50850,7046,392
2024,4,22,月,みかん,40100,3532,2204
2024,4,22,月,はっさく,41321,50557,242
2024,4,22,月,りんご計,42000,461740,471
2024,4,22,月,日本なし計,43000,50,216
2024,4,22,月,びわ,43900,10233,2406
2024,4,22,月,もも,44100,6,7020
2024,4,22,月,おうとう,44800,1086,9033
2024,4,22,月,ぶどう計,45000,90,17880
2024,4,22,月,いちご,46100,513380,1162
2024,4,22,月,メロン計,47000,151307,891
2024,4,22,月,すいか,48100,447593,405
2024,4,22,月,キウイフルツ,49300,13241,686
2024,4,22,月,バナナ,50100,558064,194
2024,4,22,月,パイナップル,50300,100932,269
2024,4,22,月,レモン,50400,19705,510
2024,4,22,月,オレンジ,50600,42265,403
2024,4,22,月,キウイフルツ,50800,113526,735
2024,4,22,月,メロン,50850,5244,400
2024,4,23,火,みかん,40100,770,1996
2024,4,23,火,はっさく,41321,14084,182
2024,4,23,火,りんご計,42000,332389,482
2024,4,23,火,びわ,43900,2865,2352
2024,4,23,火,もも,44100,635,6360
2024,4,23,火,おうとう,44800,1362,9456
2024,4,23,火,ぶどう計,45000,411,9338
2024,4,23,火,いちご,46100,303439,1185
2024,4,23,火,メロン計,47000,97574,901
2024,4,23,火,すいか,48100,206803,431
2024,4,23,火,キウイフルツ,49300,1060,753
2024,4,23,火,バナナ,50100,372842,204
2024,4,23,火,パイナップル,50300,96647,255
2024,4,23,火,レモン,50400,21333,488
2024,4,23,火,オレンジ,50600,33973,415
2024,4,23,火,キウイフルツ,50800,60760,726
2024,4,23,火,メロン,50850,2702,379
2024,4,25,木,みかん,40100,3399,2138
2024,4,25,木,はっさく,41321,56822,234
2024,4,25,木,りんご計,42000,531967,474
2024,4,25,木,びわ,43900,11137,2300
2024,4,25,木,もも,44100,506,6004
2024,4,25,木,おうとう,44800,1285,8355
2024,4,25,木,ぶどう計,45000,965,6646
2024,4,25,木,いちご,46100,524453,1158
2024,4,25,木,メロン計,47000,176169,849
2024,4,25,木,すいか,48100,414914,406
2024,4,25,木,キウイフルツ,49300,6004,740
2024,4,25,木,バナナ,50100,419875,242
2024,4,25,木,パイナップル,50300,134306,267
2024,4,25,木,レモン,50400,33663,497
2024,4,25,木,オレンジ,50600,51358,420
2024,4,25,木,キウイフルツ,50800,61388,775
2024,4,25,木,メロン,50850,7666,392
2024,4,26,金,みかん,40100,1368,2085
2024,4,26,金,はっさく,41321,17458,179
2024,4,26,金,りんご計,42000,388630,473
2024,4,26,金,びわ,43900,3007,2428
2024,4,26,金,もも,44100,292,5066
2024,4,26,金,おうとう,44800,1635,9364
2024,4,26,金,ぶどう計,45000,169,13228
2024,4,26,金,いちご,46100,271949,1159
2024,4,26,金,メロン計,47000,104297,903
2024,4,26,金,すいか,48100,289128,406
2024,4,26,金,キウイフルツ,49300,11506,569
2024,4,26,金,バナナ,50100,558052,211
2024,4,26,金,パイナップル,50300,122606,268
2024,4,26,金,レモン,50400,32148,512
2024,4,26,金,オレンジ,50600,35234,416
2024,4,26,金,キウイフルツ,50800,132315,775
2024,4,26,金,メロン,50850,3466,343
2024,4,27,土,みかん,40100,4384,2436
2024,4,27,土,はっさく,41321,23726,249
2024,4,27,土,りんご計,42000,450897,477
2024,4,27,土,びわ,43900,9838,2227
2024,4,27,土,もも,44100,220,5137
2024,4,27,土,おうとう,44800,2160,9420
2024,4,27,土,ぶどう計,45000,1158,6137
2024,4,27,土,いちご,46100,311187,1164
2024,4,27,土,メロン計,47000,135655,866
2024,4,27,土,すいか,48100,339011,403
2024,4,27,土,キウイフルツ,49300,731,898
2024,4,27,土,バナナ,50100,544284,225
2024,4,27,土,パイナップル,50300,150470,254
2024,4,27,土,レモン,50400,44915,470
2024,4,27,土,オレンジ,50600,84441,402
2024,4,27,土,キウイフルツ,50800,132586,784
2024,4,27,土,メロン,50850,6698,401
2024,4,29,月,りんご計,42000,350,734
2024,4,29,月,びわ,43900,43,948
2024,4,29,月,いちご,46100,402,1346
2024,4,29,月,すいか,48100,1746,257
2024,4,29,月,キウイフルツ,49300,150,1260
2024,4,29,月,バナナ,50100,8334,250
2024,4,29,月,パイナップル,50300,1370,273
2024,4,29,月,レモン,50400,845,578
2024,4,29,月,オレンジ,50600,1037,493
2024,4,29,月,キウイフルツ,50800,480,869
2024,4,29,月,メロン,50850,30,518
2024,4,30,火,みかん,40100,2453,1707
2024,4,30,火,はっさく,41321,32178,235
2024,4,30,火,りんご計,42000,465104,464
2024,4,30,火,びわ,43900,10572,2212
2024,4,30,火,もも,44100,436,5195
2024,4,30,火,おうとう,44800,2507,8435
2024,4,30,火,ぶどう計,45000,2159,5513
2024,4,30,火,いちご,46100,668172,1102
2024,4,30,火,メロン計,47000,226698,820
2024,4,30,火,すいか,48100,635222,401
2024,4,30,火,キウイフルツ,49300,981,795
2024,4,30,火,バナナ,50100,993253,220
2024,4,30,火,パイナップル,50300,185245,271
2024,4,30,火,レモン,50400,33354,526
2024,4,30,火,オレンジ,50600,78658,424
2024,4,30,火,おうとう,50700,33,3346
2024,4,30,火,キウイフルツ,50800,358985,700
2024,4,30,火,メロン,50850,5722,423
2024,5,1,水,みかん,40100,2461,2551
2024,5,1,水,はっさく,41321,9773,210
2024,5,1,水,りんご計,42000,360158,477
2024,5,1,水,びわ,43900,3597,1998
2024,5,1,水,もも,44100,38,4585
2024,5,1,水,おうとう,44800,1816,8215
2024,5,1,水,うめ,44950,25,432
2024,5,1,水,ぶどう計,45000,761,7060
2024,5,1,水,いちご,46100,250044,1113
2024,5,1,水,メロン計,47000,115290,847
2024,5,1,水,すいか,48100,323539,395
2024,5,1,水,キウイフルツ,49300,3871,721
2024,5,1,水,バナナ,50100,316255,219
2024,5,1,水,パイナップル,50300,105921,267
2024,5,1,水,レモン,50400,22331,503
2024,5,1,水,オレンジ,50600,54521,394
2024,5,1,水,おうとう,50700,57,3667
2024,5,1,水,キウイフルツ,50800,145098,705
2024,5,1,水,メロン,50850,10046,397
2024,5,2,木,みかん,40100,5577,2097
2024,5,2,木,はっさく,41321,22409,196
2024,5,2,木,りんご計,42000,465078,480
2024,5,2,木,びわ,43900,15266,2095
2024,5,2,木,もも,44100,808,5000
2024,5,2,木,おうとう,44800,2147,7803
2024,5,2,木,うめ,44950,96,734
2024,5,2,木,ぶどう計,45000,2484,5359
2024,5,2,木,いちご,46100,280101,1134
2024,5,2,木,メロン計,47000,170491,810
2024,5,2,木,すいか,48100,224000,413
2024,5,2,木,キウイフルツ,49300,281,825
2024,5,2,木,バナナ,50100,389000,226
2024,5,2,木,パイナップル,50300,145318,262
2024,5,2,木,レモン,50400,54551,475
2024,5,2,木,オレンジ,50600,82781,391
2024,5,2,木,おうとう,50700,91,2842
2024,5,2,木,キウイフルツ,50800,134798,731
2024,5,2,木,メロン,50850,12940,339
2024,5,3,金,りんご計,42000,2430,456
2024,5,3,金,びわ,43900,68,1053
2024,5,3,金,いちご,46100,18,1440
2024,5,3,金,メロン計,47000,216,685
2024,5,3,金,すいか,48100,4574,311
2024,5,3,金,バナナ,50100,10108,250
2024,5,3,金,パイナップル,50300,5400,264
2024,5,3,金,レモン,50400,1059,670
2024,5,3,金,オレンジ,50600,1530,507
2024,5,3,金,キウイフルツ,50800,450,850
2024,5,3,金,メロン,50850,390,515
2024,5,6,月,みかん,40100,5563,1943
2024,5,6,月,はっさく,41321,10983,189
2024,5,6,月,りんご計,42000,318246,503
2024,5,6,月,びわ,43900,17516,2006
2024,5,6,月,もも,44100,3369,4414
2024,5,6,月,おうとう,44800,4702,8295
2024,5,6,月,うめ,44950,548,856
2024,5,6,月,ぶどう計,45000,3468,5399
2024,5,6,月,いちご,46100,743838,1084
2024,5,6,月,メロン計,47000,407602,736
2024,5,6,月,すいか,48100,686172,415
2024,5,6,月,キウイフルツ,49300,583,820
2024,5,6,月,バナナ,50100,863829,237
2024,5,6,月,パイナップル,50300,219364,253
2024,5,6,月,レモン,50400,26911,510
2024,5,6,月,オレンジ,50600,74430,396
2024,5,6,月,おうとう,50700,295,2891
2024,5,6,月,キウイフルツ,50800,168800,745
2024,5,6,月,メロン,50850,4287,443
2024,5,7,火,みかん,40100,1865,2159
2024,5,7,火,はっさく,41321,14822,188
2024,5,7,火,りんご計,42000,304778,492
2024,5,7,火,びわ,43900,9629,1877
2024,5,7,火,もも,44100,1633,4822
2024,5,7,火,おうとう,44800,2123,8454
2024,5,7,火,うめ,44950,570,819
2024,5,7,火,ぶどう計,45000,2927,5742
2024,5,7,火,いちご,46100,225888,1105
2024,5,7,火,メロン計,47000,183820,780
2024,5,7,火,すいか,48100,191589,410
2024,5,7,火,キウイフルツ,49300,120,1053
2024,5,7,火,バナナ,50100,438501,223
2024,5,7,火,パイナップル,50300,109076,266
2024,5,7,火,レモン,50400,34794,487
2024,5,7,火,オレンジ,50600,77416,392
2024,5,7,火,おうとう,50700,1298,2623
2024,5,7,火,キウイフルツ,50800,69267,709
2024,5,7,火,メロン,50850,1451,443
2024,5,9,木,みかん,40100,8528,2284
2024,5,9,木,はっさく,41321,6305,210
2024,5,9,木,りんご計,42000,438348,519
2024,5,9,木,びわ,43900,19961,1821
2024,5,9,木,もも,44100,4681,4280
2024,5,9,木,おうとう,44800,3331,8665
2024,5,9,木,うめ,44950,1671,875
2024,5,9,木,ぶどう計,45000,3428,5084
2024,5,9,木,いちご,46100,422580,1062
2024,5,9,木,メロン計,47000,270612,737
2024,5,9,木,すいか,48100,445115,417
2024,5,9,木,キウイフルツ,49300,225,748
2024,5,9,木,バナナ,50100,349511,238
2024,5,9,木,パイナップル,50300,132452,265
2024,5,9,木,レモン,50400,33197,502
2024,5,9,木,オレンジ,50600,45797,408
2024,5,9,木,おうとう,50700,2630,2233
2024,5,9,木,キウイフルツ,50800,232939,690
2024,5,9,木,メロン,50850,4909,408
2024,5,10,金,みかん,40100,3762,1964
2024,5,10,金,はっさく,41321,6637,217
2024,5,10,金,りんご計,42000,362759,495
2024,5,10,金,びわ,43900,4506,1847
2024,5,10,金,もも,44100,2249,3940
2024,5,10,金,おうとう,44800,2278,8420
2024,5,10,金,うめ,44950,1890,836
2024,5,10,金,ぶどう計,45000,2144,5329
2024,5,10,金,いちご,46100,194653,1071
2024,5,10,金,メロン計,47000,151024,777
2024,5,10,金,すいか,48100,273886,418
2024,5,10,金,キウイフルツ,49300,361,870
2024,5,10,金,バナナ,50100,666919,211
2024,5,10,金,パイナップル,50300,120999,248
2024,5,10,金,レモン,50400,46901,483
2024,5,10,金,オレンジ,50600,59488,412
2024,5,10,金,おうとう,50700,1458,2159
2024,5,10,金,キウイフルツ,50800,171931,721
2024,5,10,金,メロン,50850,5059,286
2024,5,11,土,みかん,40100,7481,2308
2024,5,11,土,はっさく,41321,4356,223
2024,5,11,土,りんご計,42000,322223,507
2024,5,11,土,びわ,43900,12140,1802
2024,5,11,土,もも,44100,4055,3968
2024,5,11,土,おうとう,44800,2265,8552
2024,5,11,土,うめ,44950,3211,846
2024,5,11,土,ぶどう計,45000,3726,5199
2024,5,11,土,くり,45700,10,1237
2024,5,11,土,いちご,46100,212805,1087
2024,5,11,土,メロン計,47000,195613,736
2024,5,11,土,すいか,48100,292803,442
2024,5,11,土,キウイフルツ,49300,50,788
2024,5,11,土,バナナ,50100,336365,223
2024,5,11,土,パイナップル,50300,154993,263
2024,5,11,土,レモン,50400,48603,453
2024,5,11,土,オレンジ,50600,63977,411
2024,5,11,土,おうとう,50700,2624,2122
2024,5,11,土,キウイフルツ,50800,126699,719
2024,5,11,土,メロン,50850,3871,419
2024,5,13,月,みかん,40100,13292,2082
2024,5,13,月,はっさく,41321,3080,269
2024,5,13,月,りんご計,42000,426505,518
2024,5,13,月,びわ,43900,16082,1749
2024,5,13,月,もも,44100,4116,4053
2024,5,13,月,おうとう,44800,2410,7370
2024,5,13,月,うめ,44950,4960,809
2024,5,13,月,ぶどう計,45000,2467,5070
2024,5,13,月,いちご,46100,315315,1046
2024,5,13,月,メロン計,47000,252419,721
2024,5,13,月,すいか,48100,408842,438
2024,5,13,月,キウイフルツ,49300,71,1024
2024,5,13,月,バナナ,50100,460090,230
2024,5,13,月,パイナップル,50300,112687,254
2024,5,13,月,レモン,50400,33110,458
2024,5,13,月,オレンジ,50600,47907,412
2024,5,13,月,おうとう,50700,2556,2294
2024,5,13,月,キウイフルツ,50800,116571,693
2024,5,13,月,メロン,50850,2982,379
2024,5,14,火,みかん,40100,6860,2261
2024,5,14,火,はっさく,41321,2474,209
2024,5,14,火,りんご計,42000,295904,510
2024,5,14,火,びわ,43900,7331,1649
2024,5,14,火,もも,44100,3309,3674
2024,5,14,火,すもも,44700,340,1493
2024,5,14,火,おうとう,44800,2683,7555
2024,5,14,火,うめ,44950,5485,808
2024,5,14,火,ぶどう計,45000,5865,4954
2024,5,14,火,いちご,46100,191833,1069
2024,5,14,火,メロン計,47000,195332,729
2024,5,14,火,すいか,48100,376116,426
2024,5,14,火,キウイフルツ,49300,108,1156
2024,5,14,火,バナナ,50100,589424,229
2024,5,14,火,パイナップル,50300,121912,253
2024,5,14,火,レモン,50400,30259,488
2024,5,14,火,オレンジ,50600,70444,381
2024,5,14,火,おうとう,50700,3951,2169
2024,5,14,火,キウイフルツ,50800,98419,742
2024,5,14,火,メロン,50850,3973,422
2024,5,16,木,みかん,40100,29087,2120
2024,5,16,木,はっさく,41321,6862,268
2024,5,16,木,りんご計,42000,418561,522
2024,5,16,木,びわ,43900,26244,1644
2024,5,16,木,もも,44100,5886,3697
2024,5,16,木,すもも,44700,342,1564
2024,5,16,木,おうとう,44800,2926,7552
2024,5,16,木,うめ,44950,10623,843
2024,5,16,木,ぶどう計,45000,8678,5155
2024,5,16,木,いちご,46100,311773,1028
2024,5,16,木,メロン計,47000,220685,724
2024,5,16,木,すいか,48100,511410,420
2024,5,16,木,バナナ,50100,405173,240
2024,5,16,木,パイナップル,50300,126909,261
2024,5,16,木,レモン,50400,27441,491
2024,5,16,木,オレンジ,50600,60838,410
2024,5,16,木,おうとう,50700,3953,1974
2024,5,16,木,キウイフルツ,50800,217243,730
2024,5,16,木,メロン,50850,4417,351
2024,5,17,金,みかん,40100,4693,1929
2024,5,17,金,はっさく,41321,700,252
2024,5,17,金,りんご計,42000,319977,502
2024,5,17,金,びわ,43900,11923,1538
2024,5,17,金,もも,44100,2315,4122
2024,5,17,金,すもも,44700,277,1467
2024,5,17,金,おうとう,44800,2742,7620
2024,5,17,金,うめ,44950,11182,952
2024,5,17,金,ぶどう計,45000,6210,5062
2024,5,17,金,いちご,46100,157249,1034
2024,5,17,金,メロン計,47000,173125,711
2024,5,17,金,すいか,48100,395994,434
2024,5,17,金,キウイフルツ,49300,58,1300
2024,5,17,金,バナナ,50100,560326,214
2024,5,17,金,パイナップル,50300,125447,270
2024,5,17,金,レモン,50400,30263,484
2024,5,17,金,オレンジ,50600,41547,407
2024,5,17,金,おうとう,50700,5002,1812
2024,5,17,金,キウイフルツ,50800,164328,708
2024,5,17,金,メロン,50850,2826,361
2024,5,18,土,みかん,40100,30177,1984
2024,5,18,土,はっさく,41321,500,167
2024,5,18,土,りんご計,42000,309311,522
2024,5,18,土,びわ,43900,15550,1523
2024,5,18,土,もも,44100,6333,3490
2024,5,18,土,すもも,44700,677,1854
2024,5,18,土,おうとう,44800,3364,7002
2024,5,18,土,うめ,44950,14717,943
2024,5,18,土,ぶどう計,45000,10680,4845
2024,5,18,土,いちご,46100,177940,1048
2024,5,18,土,メロン計,47000,202473,693
2024,5,18,土,すいか,48100,517866,427
2024,5,18,土,バナナ,50100,488833,228
2024,5,18,土,パイナップル,50300,139601,254
2024,5,18,土,レモン,50400,26738,438
2024,5,18,土,オレンジ,50600,59036,405
2024,5,18,土,おうとう,50700,4569,1737
2024,5,18,土,キウイフルツ,50800,103307,701
2024,5,18,土,メロン,50850,2000,374
2024,5,20,月,みかん,40100,32658,1895
2024,5,20,月,はっさく,41321,9250,225
2024,5,20,月,りんご計,42000,446384,520
2024,5,20,月,びわ,43900,23087,1523
2024,5,20,月,もも,44100,6901,3445
2024,5,20,月,すもも,44700,709,1722
2024,5,20,月,おうとう,44800,3335,6687
2024,5,20,月,うめ,44950,30704,1047
2024,5,20,月,ぶどう計,45000,9660,4086
2024,5,20,月,いちご,46100,237934,1026
2024,5,20,月,メロン計,47000,272687,689
2024,5,20,月,すいか,48100,716795,420
2024,5,20,月,バナナ,50100,336058,232
2024,5,20,月,パイナップル,50300,93427,269
2024,5,20,月,レモン,50400,20764,503
2024,5,20,月,オレンジ,50600,82425,393
2024,5,20,月,おうとう,50700,6131,1465
2024,5,20,月,キウイフルツ,50800,120330,681
2024,5,20,月,メロン,50850,2969,352
2024,5,21,火,みかん,40100,17231,1734
2024,5,21,火,はっさく,41321,310,187
2024,5,21,火,りんご計,42000,292602,524
2024,5,21,火,びわ,43900,11770,1457
2024,5,21,火,もも,44100,7360,3245
2024,5,21,火,すもも,44700,1636,1729
2024,5,21,火,おうとう,44800,3227,7184
2024,5,21,火,うめ,44950,33119,1052
2024,5,21,火,ぶどう計,45000,14442,4502
2024,5,21,火,いちご,46100,147464,1059
2024,5,21,火,メロン計,47000,199465,697
2024,5,21,火,すいか,48100,450304,416
2024,5,21,火,バナナ,50100,414128,225
2024,5,21,火,パイナップル,50300,96083,259
2024,5,21,火,レモン,50400,17863,507
2024,5,21,火,オレンジ,50600,36054,435
2024,5,21,火,おうとう,50700,8442,1461
2024,5,21,火,キウイフルツ,50800,147367,684
2024,5,21,火,メロン,50850,2099,370
2024,5,23,木,みかん,40100,37997,1786
2024,5,23,木,はっさく,41321,1840,289
2024,5,23,木,りんご計,42000,438433,538
2024,5,23,木,びわ,43900,23634,1391
2024,5,23,木,もも,44100,10323,3040
2024,5,23,木,すもも,44700,3324,1635
2024,5,23,木,おうとう,44800,3365,6929
2024,5,23,木,うめ,44950,39536,1034
2024,5,23,木,ぶどう計,45000,18215,4064
2024,5,23,木,いちご,46100,241311,1016
2024,5,23,木,メロン計,47000,322713,671
2024,5,23,木,すいか,48100,967761,403
2024,5,23,木,バナナ,50100,391554,237
2024,5,23,木,パイナップル,50300,120554,253
2024,5,23,木,レモン,50400,41606,501
2024,5,23,木,オレンジ,50600,58077,398
2024,5,23,木,おうとう,50700,7911,1437
2024,5,23,木,キウイフルツ,50800,133955,669
2024,5,23,木,メロン,50850,2371,336
2024,5,24,金,みかん,40100,10922,1686
2024,5,24,金,はっさく,41321,1190,213
2024,5,24,金,りんご計,42000,307478,524
2024,5,24,金,びわ,43900,12730,1390
2024,5,24,金,もも,44100,5661,3328
2024,5,24,金,すもも,44700,1962,1582
2024,5,24,金,おうとう,44800,3047,6970
2024,5,24,金,うめ,44950,38562,905
2024,5,24,金,ぶどう計,45000,13015,3719
2024,5,24,金,いちご,46100,119759,1033
2024,5,24,金,メロン計,47000,214332,684
2024,5,24,金,すいか,48100,528392,392
2024,5,24,金,バナナ,50100,333519,242
2024,5,24,金,パイナップル,50300,117811,266
2024,5,24,金,レモン,50400,35502,491
2024,5,24,金,オレンジ,50600,41262,409
2024,5,24,金,おうとう,50700,15365,1480
2024,5,24,金,キウイフルツ,50800,293593,626
2024,5,24,金,メロン,50850,4326,312
2024,5,25,土,みかん,40100,40590,1628
2024,5,25,土,りんご計,42000,335041,519
2024,5,25,土,びわ,43900,11254,1409
2024,5,25,土,もも,44100,9651,2831
2024,5,25,土,すもも,44700,4309,1606
2024,5,25,土,おうとう,44800,4060,5820
2024,5,25,土,うめ,44950,46536,936
2024,5,25,土,ぶどう計,45000,19008,3780
2024,5,25,土,いちご,46100,127771,1041
2024,5,25,土,メロン計,47000,240847,662
2024,5,25,土,すいか,48100,508023,388
2024,5,25,土,バナナ,50100,755770,220
2024,5,25,土,パイナップル,50300,116151,257
2024,5,25,土,レモン,50400,29671,470
2024,5,25,土,オレンジ,50600,76796,392
2024,5,25,土,おうとう,50700,21426,1425
2024,5,25,土,キウイフルツ,50800,130101,707
2024,5,25,土,メロン,50850,3076,403
2024,5,27,月,みかん,40100,38172,1516
2024,5,27,月,はっさく,41321,150,281
2024,5,27,月,りんご計,42000,342165,533
2024,5,27,月,びわ,43900,21827,1402
2024,5,27,月,もも,44100,10860,2708
2024,5,27,月,すもも,44700,8972,1449
2024,5,27,月,おうとう,44800,10651,3825
2024,5,27,月,うめ,44950,140049,927
2024,5,27,月,ぶどう計,45000,20363,3256
2024,5,27,月,いちご,46100,170172,1035
2024,5,27,月,メロン計,47000,283944,643
2024,5,27,月,すいか,48100,811377,365
2024,5,27,月,キウイフルツ,49300,993,343
2024,5,27,月,バナナ,50100,450281,233
2024,5,27,月,パイナップル,50300,82095,261
2024,5,27,月,レモン,50400,27875,479
2024,5,27,月,オレンジ,50600,68672,399
2024,5,27,月,おうとう,50700,8709,1384
2024,5,27,月,キウイフルツ,50800,97195,666
2024,5,27,月,メロン,50850,1592,383
2024,5,28,火,みかん,40100,35221,1615
2024,5,28,火,はっさく,41321,1440,227
2024,5,28,火,りんご計,42000,306720,515
2024,5,28,火,びわ,43900,15465,1370
2024,5,28,火,もも,44100,9684,2557
2024,5,28,火,すもも,44700,10927,1361
2024,5,28,火,おうとう,44800,13435,3200
2024,5,28,火,うめ,44950,136640,910
2024,5,28,火,ぶどう計,45000,23550,3121
2024,5,28,火,いちご,46100,95872,1070
2024,5,28,火,メロン計,47000,198985,634
2024,5,28,火,すいか,48100,527921,338
2024,5,28,火,キウイフルツ,49300,12,864
2024,5,28,火,バナナ,50100,352533,231
2024,5,28,火,パイナップル,50300,113683,260
2024,5,28,火,レモン,50400,31719,496
2024,5,28,火,オレンジ,50600,41293,413
2024,5,28,火,おうとう,50700,11733,1399
2024,5,28,火,キウイフルツ,50800,71211,676
2024,5,28,火,メロン,50850,6684,258
2024,5,30,木,みかん,40100,68212,1395
2024,5,30,木,はっさく,41321,310,225
2024,5,30,木,りんご計,42000,355142,527
2024,5,30,木,びわ,43900,19060,1415
2024,5,30,木,もも,44100,13944,2241
2024,5,30,木,すもも,44700,15594,1297
2024,5,30,木,おうとう,44800,32526,2876
2024,5,30,木,うめ,44950,126196,956
2024,5,30,木,ぶどう計,45000,30766,3056
2024,5,30,木,いちご,46100,142929,1043
2024,5,30,木,メロン計,47000,327095,623
2024,5,30,木,すいか,48100,881798,337
2024,5,30,木,バナナ,50100,432467,242
2024,5,30,木,パイナップル,50300,116934,277
2024,5,30,木,レモン,50400,42409,485
2024,5,30,木,オレンジ,50600,51548,410
2024,5,30,木,おうとう,50700,14180,1291
2024,5,30,木,キウイフルツ,50800,263905,639
2024,5,30,木,メロン,50850,4559,434
2024,5,31,金,みかん,40100,12454,1579
2024,5,31,金,はっさく,41321,1340,221
2024,5,31,金,りんご計,42000,238721,513
2024,5,31,金,びわ,43900,10583,1378
2024,5,31,金,もも,44100,8047,2256
2024,5,31,金,すもも,44700,7286,1271
2024,5,31,金,おうとう,44800,25520,2688
2024,5,31,金,うめ,44950,154649,817
2024,5,31,金,ぶどう計,45000,23730,2842
2024,5,31,金,いちご,46100,69476,1074
2024,5,31,金,メロン計,47000,223997,616
2024,5,31,金,すいか,48100,429610,329
2024,5,31,金,バナナ,50100,820249,216
2024,5,31,金,パイナップル,50300,136980,263
2024,5,31,金,レモン,50400,28894,517
2024,5,31,金,オレンジ,50600,51278,415
2024,5,31,金,おうとう,50700,31903,1254
2024,5,31,金,キウイフルツ,50800,226597,647
2024,5,31,金,メロン,50850,3378,413
2024,6,1,土,みかん,40100,66397,1346
2024,6,1,土,はっさく,41321,320,193
2024,6,1,土,りんご計,42000,299907,529
2024,6,1,土,びわ,43900,11494,1490
2024,6,1,土,もも,44100,14939,1889
2024,6,1,土,すもも,44700,14002,1236
2024,6,1,土,おうとう,44800,27391,2717
2024,6,1,土,うめ,44950,138950,829
2024,6,1,土,ぶどう計,45000,30334,2743
2024,6,1,土,いちご,46100,75980,1092
2024,6,1,土,メロン計,47000,306902,597
2024,6,1,土,すいか,48100,581030,320
2024,6,1,土,バナナ,50100,402607,223
2024,6,1,土,パイナップル,50300,130990,272
2024,6,1,土,レモン,50400,36390,442
2024,6,1,土,オレンジ,50600,63568,397
2024,6,1,土,おうとう,50700,9744,1462
2024,6,1,土,キウイフルツ,50800,503161,654
2024,6,1,土,メロン,50850,1154,304
2024,6,3,月,みかん,40100,62496,1295
2024,6,3,月,りんご計,42000,359320,522
2024,6,3,月,びわ,43900,11296,1459
2024,6,3,月,もも,44100,15715,2055
2024,6,3,月,すもも,44700,14771,1171
2024,6,3,月,おうとう,44800,48437,2730
2024,6,3,月,うめ,44950,168103,799
2024,6,3,月,ぶどう計,45000,34879,2796
2024,6,3,月,いちご,46100,78547,1126
2024,6,3,月,メロン計,47000,342310,604
2024,6,3,月,すいか,48100,981573,301
2024,6,3,月,バナナ,50100,387876,240
2024,6,3,月,パイナップル,50300,92554,275
2024,6,3,月,レモン,50400,24632,480
2024,6,3,月,オレンジ,50600,52377,423
2024,6,3,月,おうとう,50700,6579,1301
2024,6,3,月,キウイフルツ,50800,60620,653
2024,6,3,月,メロン,50850,1176,405
2024,6,4,火,みかん,40100,33915,1303
2024,6,4,火,はっさく,41321,245,234
2024,6,4,火,りんご計,42000,267935,519
2024,6,4,火,びわ,43900,7482,1482
2024,6,4,火,もも,44100,17437,1786
2024,6,4,火,すもも,44700,16241,1124
2024,6,4,火,おうとう,44800,28607,2867
2024,6,4,火,うめ,44950,173916,789
2024,6,4,火,ぶどう計,45000,34537,2651
2024,6,4,火,いちご,46100,43764,1243
2024,6,4,火,メロン計,47000,276569,606
2024,6,4,火,すいか,48100,688783,291
2024,6,4,火,バナナ,50100,321522,234
2024,6,4,火,パイナップル,50300,81914,265
2024,6,4,火,レモン,50400,28167,473
2024,6,4,火,オレンジ,50600,66566,411
2024,6,4,火,おうとう,50700,10899,1406
2024,6,4,火,キウイフルツ,50800,193286,627
2024,6,4,火,メロン,50850,6995,189
2024,6,6,木,みかん,40100,85847,1250
2024,6,6,木,はっさく,41321,105,232
2024,6,6,木,りんご計,42000,373928,534
2024,6,6,木,びわ,43900,11206,1555
2024,6,6,木,もも,44100,23826,1679
2024,6,6,木,すもも,44700,26539,1024
2024,6,6,木,おうとう,44800,34591,2969
2024,6,6,木,うめ,44950,236263,810
2024,6,6,木,ぶどう計,45000,42772,2674
2024,6,6,木,いちご,46100,54569,1233
2024,6,6,木,メロン計,47000,380555,591
2024,6,6,木,すいか,48100,1200550,287
2024,6,6,木,バナナ,50100,492133,232
2024,6,6,木,パイナップル,50300,122325,276
2024,6,6,木,レモン,50400,30334,492
2024,6,6,木,オレンジ,50600,48403,419
2024,6,6,木,おうとう,50700,12799,1291
2024,6,6,木,キウイフルツ,50800,222893,635
2024,6,6,木,メロン,50850,3104,404
2024,6,7,金,みかん,40100,20728,1367
2024,6,7,金,りんご計,42000,274627,508
2024,6,7,金,びわ,43900,6312,1595
2024,6,7,金,もも,44100,15180,1443
2024,6,7,金,すもも,44700,21272,946
2024,6,7,金,おうとう,44800,25258,3091
2024,6,7,金,うめ,44950,150359,829
2024,6,7,金,ぶどう計,45000,37302,2393
2024,6,7,金,いちご,46100,25797,1225
2024,6,7,金,メロン計,47000,276205,575
2024,6,7,金,すいか,48100,861856,284
2024,6,7,金,バナナ,50100,280786,237
2024,6,7,金,パイナップル,50300,87662,273
2024,6,7,金,レモン,50400,32430,498
2024,6,7,金,オレンジ,50600,33859,393
2024,6,7,金,おうとう,50700,11173,1398
2024,6,7,金,キウイフルツ,50800,153807,632
2024,6,7,金,メロン,50850,1273,351
2024,6,8,土,みかん,40100,80692,1257
2024,6,8,土,りんご計,42000,258019,502
2024,6,8,土,日本なし計,43000,92,2885
2024,6,8,土,びわ,43900,7547,1511
2024,6,8,土,もも,44100,25375,1495
2024,6,8,土,すもも,44700,28269,924
2024,6,8,土,おうとう,44800,29006,3077
2024,6,8,土,うめ,44950,124414,803
2024,6,8,土,ぶどう計,45000,46175,2613
2024,6,8,土,いちご,46100,28747,1320
2024,6,8,土,メロン計,47000,297837,570
2024,6,8,土,すいか,48100,860199,280
2024,6,8,土,バナナ,50100,451860,240
2024,6,8,土,パイナップル,50300,106973,272
2024,6,8,土,レモン,50400,34971,481
2024,6,8,土,オレンジ,50600,69323,407
2024,6,8,土,おうとう,50700,17528,1335
2024,6,8,土,キウイフルツ,50800,332714,649
2024,6,8,土,メロン,50850,5855,357
2024,6,10,月,みかん,40100,79825,1236
2024,6,10,月,はっさく,41321,245,194
2024,6,10,月,りんご計,42000,347836,522
2024,6,10,月,日本なし計,43000,73,2947
2024,6,10,月,びわ,43900,7744,1559
2024,6,10,月,もも,44100,38268,1292
2024,6,10,月,すもも,44700,55275,841
2024,6,10,月,おうとう,44800,74985,2866
2024,6,10,月,うめ,44950,136346,790
2024,6,10,月,ぶどう計,45000,48651,2357
2024,6,10,月,いちご,46100,32472,1339
2024,6,10,月,メロン計,47000,407405,570
2024,6,10,月,すいか,48100,1251602,267
2024,6,10,月,バナナ,50100,436165,242
2024,6,10,月,パイナップル,50300,87661,271
2024,6,10,月,レモン,50400,24615,477
2024,6,10,月,オレンジ,50600,45108,414
2024,6,10,月,おうとう,50700,8256,1397
2024,6,10,月,キウイフルツ,50800,99963,645
2024,6,10,月,メロン,50850,2576,392
2024,6,11,火,みかん,40100,40621,1212
2024,6,11,火,りんご計,42000,241122,518
2024,6,11,火,びわ,43900,6643,1567
2024,6,11,火,もも,44100,39532,1235
2024,6,11,火,すもも,44700,47818,815
2024,6,11,火,おうとう,44800,49961,2798
2024,6,11,火,うめ,44950,86211,795
2024,6,11,火,ぶどう計,45000,45529,2387
2024,6,11,火,いちご,46100,21954,1457
2024,6,11,火,メロン計,47000,305371,562
2024,6,11,火,すいか,48100,803846,280
2024,6,11,火,バナナ,50100,559113,215
2024,6,11,火,パイナップル,50300,101133,255
2024,6,11,火,レモン,50400,43543,487
2024,6,11,火,オレンジ,50600,40843,423
2024,6,11,火,おうとう,50700,8329,1617
2024,6,11,火,キウイフルツ,50800,114153,626
2024,6,11,火,メロン,50850,797,399
2024,6,13,木,みかん,40100,111006,1182
2024,6,13,木,りんご計,42000,324562,508
2024,6,13,木,日本なし計,43000,164,2863
2024,6,13,木,びわ,43900,8243,1613
2024,6,13,木,もも,44100,79042,1146
2024,6,13,木,すもも,44700,69788,807
2024,6,13,木,おうとう,44800,79966,2763
2024,6,13,木,うめ,44950,95189,819
2024,6,13,木,ぶどう計,45000,65405,2308
2024,6,13,木,いちご,46100,26657,1478
2024,6,13,木,メロン計,47000,472567,542
2024,6,13,木,すいか,48100,1450582,262
2024,6,13,木,バナナ,50100,467446,228
2024,6,13,木,パイナップル,50300,106302,269
2024,6,13,木,レモン,50400,30567,504
2024,6,13,木,オレンジ,50600,56896,400
2024,6,13,木,おうとう,50700,9747,1382
2024,6,13,木,キウイフルツ,50800,174170,662
2024,6,13,木,メロン,50850,2497,404
2024,6,14,金,みかん,40100,21656,1228
2024,6,14,金,りんご計,42000,224927,509
2024,6,14,金,びわ,43900,4945,1586
2024,6,14,金,もも,44100,50628,1136
2024,6,14,金,すもも,44700,48094,795
2024,6,14,金,おうとう,44800,44172,2734
2024,6,14,金,うめ,44950,52834,828
2024,6,14,金,ぶどう計,45000,48495,2306
2024,6,14,金,いちご,46100,12276,1584
2024,6,14,金,メロン計,47000,343092,520
2024,6,14,金,すいか,48100,905857,260
2024,6,14,金,バナナ,50100,560122,219
2024,6,14,金,パイナップル,50300,100212,272
2024,6,14,金,レモン,50400,26682,504
2024,6,14,金,オレンジ,50600,32436,407
2024,6,14,金,おうとう,50700,13270,1488
2024,6,14,金,キウイフルツ,50800,241855,624
2024,6,14,金,メロン,50850,2802,413
2024,6,15,土,みかん,40100,103228,1184
2024,6,15,土,りんご計,42000,275444,517
2024,6,15,土,日本なし計,43000,189,2790
2024,6,15,土,びわ,43900,5648,1572
2024,6,15,土,もも,44100,82601,1055
2024,6,15,土,すもも,44700,61625,780
2024,6,15,土,おうとう,44800,47898,2722
2024,6,15,土,うめ,44950,52229,763
2024,6,15,土,ぶどう計,45000,62611,2201
2024,6,15,土,いちご,46100,14979,1575
2024,6,15,土,メロン計,47000,348308,516
2024,6,15,土,すいか,48100,1131178,259
2024,6,15,土,バナナ,50100,492050,234
2024,6,15,土,パイナップル,50300,113639,270
2024,6,15,土,レモン,50400,36359,473
2024,6,15,土,オレンジ,50600,66423,397
2024,6,15,土,おうとう,50700,11258,1316
2024,6,15,土,キウイフルツ,50800,124903,675
2024,6,15,土,メロン,50850,2332,341
2024,6,17,月,みかん,40100,83856,1193
2024,6,17,月,りんご計,42000,378914,518
2024,6,17,月,日本なし計,43000,186,2769
2024,6,17,月,びわ,43900,4857,1632
2024,6,17,月,もも,44100,92444,1049
2024,6,17,月,すもも,44700,71186,793
2024,6,17,月,おうとう,44800,73614,2608
2024,6,17,月,うめ,44950,94627,549
2024,6,17,月,ぶどう計,45000,66900,2162
2024,6,17,月,いちご,46100,13648,1669
2024,6,17,月,メロン計,47000,461059,500
2024,6,17,月,すいか,48100,1229392,252
2024,6,17,月,バナナ,50100,385184,236
2024,6,17,月,パイナップル,50300,87042,277
2024,6,17,月,レモン,50400,27639,462
2024,6,17,月,オレンジ,50600,43669,404
2024,6,17,月,おうとう,50700,9525,1442
2024,6,17,月,キウイフルツ,50800,158186,644
2024,6,17,月,メロン,50850,3573,450
2024,6,18,火,みかん,40100,59090,1184
2024,6,18,火,りんご計,42000,229327,511
2024,6,18,火,びわ,43900,4015,1428
2024,6,18,火,もも,44100,125730,1008
2024,6,18,火,すもも,44700,60256,771
2024,6,18,火,おうとう,44800,44675,2644
2024,6,18,火,うめ,44950,38164,768
2024,6,18,火,ぶどう計,45000,60032,2202
2024,6,18,火,いちご,46100,10425,1800
2024,6,18,火,メロン計,47000,387428,495
2024,6,18,火,すいか,48100,947454,257
2024,6,18,火,バナナ,50100,349820,230
2024,6,18,火,パイナップル,50300,84679,264
2024,6,18,火,レモン,50400,33939,468
2024,6,18,火,オレンジ,50600,39889,408
2024,6,18,火,おうとう,50700,8162,1465
2024,6,18,火,キウイフルツ,50800,120148,646
2024,6,18,火,メロン,50850,2169,398
2024,6,20,木,みかん,40100,118097,1179
2024,6,20,木,りんご計,42000,336385,534
2024,6,20,木,日本なし計,43000,553,1999
2024,6,20,木,びわ,43900,4429,1599
2024,6,20,木,もも,44100,212578,990
2024,6,20,木,すもも,44700,66468,787
2024,6,20,木,おうとう,44800,49952,2679
2024,6,20,木,うめ,44950,18547,757
2024,6,20,木,ぶどう計,45000,75999,2284
2024,6,20,木,いちご,46100,13641,1713
2024,6,20,木,メロン計,47000,446545,482
2024,6,20,木,すいか,48100,1355886,252
2024,6,20,木,バナナ,50100,403391,249
2024,6,20,木,パイナップル,50300,114103,276
2024,6,20,木,レモン,50400,28235,494
2024,6,20,木,オレンジ,50600,45882,412
2024,6,20,木,おうとう,50700,13242,1380
2024,6,20,木,キウイフルツ,50800,329403,622
2024,6,20,木,メロン,50850,5931,172
2024,6,21,金,みかん,40100,15079,1253
2024,6,21,金,りんご計,42000,219328,507
2024,6,21,金,日本なし計,43000,247,1082
2024,6,21,金,びわ,43900,1733,1543
2024,6,21,金,もも,44100,211418,977
2024,6,21,金,すもも,44700,50376,778
2024,6,21,金,おうとう,44800,18600,2693
2024,6,21,金,うめ,44950,14084,794
2024,6,21,金,ぶどう計,45000,58969,2152
2024,6,21,金,いちご,46100,6401,1684
2024,6,21,金,メロン計,47000,331565,474
2024,6,21,金,すいか,48100,991351,248
2024,6,21,金,バナナ,50100,381672,228
2024,6,21,金,パイナップル,50300,110188,273
2024,6,21,金,レモン,50400,44132,466
2024,6,21,金,オレンジ,50600,31586,411
2024,6,21,金,おうとう,50700,10028,1584
2024,6,21,金,キウイフルツ,50800,67375,664
2024,6,21,金,メロン,50850,2025,445
2024,6,22,土,みかん,40100,115317,1174
2024,6,22,土,りんご計,42000,230161,525
2024,6,22,土,日本なし計,43000,1012,1355
2024,6,22,土,びわ,43900,1540,1471
2024,6,22,土,もも,44100,257077,975
2024,6,22,土,すもも,44700,58627,789
2024,6,22,土,おうとう,44800,22893,2789
2024,6,22,土,うめ,44950,22652,819
2024,6,22,土,ぶどう計,45000,72716,2251
2024,6,22,土,いちご,46100,7460,1788
2024,6,22,土,メロン計,47000,373449,453
2024,6,22,土,すいか,48100,1096801,249
2024,6,22,土,バナナ,50100,488420,195
2024,6,22,土,パイナップル,50300,109553,266
2024,6,22,土,レモン,50400,35073,453
2024,6,22,土,オレンジ,50600,66615,386
2024,6,22,土,おうとう,50700,6102,1557
2024,6,22,土,キウイフルツ,50800,84395,667
2024,6,22,土,メロン,50850,941,493
2024,6,24,月,みかん,40100,94831,1205
2024,6,24,月,りんご計,42000,297225,515
2024,6,24,月,日本なし計,43000,1909,1569
2024,6,24,月,びわ,43900,1681,1667
2024,6,24,月,もも,44100,334500,929
2024,6,24,月,すもも,44700,70807,783
2024,6,24,月,おうとう,44800,29512,2642
2024,6,24,月,うめ,44950,13320,722
2024,6,24,月,ぶどう計,45000,78300,2122
2024,6,24,月,いちご,46100,8209,1778
2024,6,24,月,メロン計,47000,446700,464
2024,6,24,月,すいか,48100,1244525,245
2024,6,24,月,バナナ,50100,634528,232
2024,6,24,月,パイナップル,50300,91427,270
2024,6,24,月,レモン,50400,33063,473
2024,6,24,月,オレンジ,50600,39545,413
2024,6,24,月,おうとう,50700,12116,1517
2024,6,24,月,キウイフルツ,50800,88277,668
2024,6,24,月,メロン,50850,3532,442
2024,6,25,火,みかん,40100,51138,1277
2024,6,25,火,りんご計,42000,216658,509
2024,6,25,火,日本なし計,43000,558,1240
2024,6,25,火,びわ,43900,988,1628
2024,6,25,火,もも,44100,281363,916
2024,6,25,火,すもも,44700,50338,830
2024,6,25,火,おうとう,44800,15943,2661
2024,6,25,火,うめ,44950,10966,649
2024,6,25,火,ぶどう計,45000,71794,2189
2024,6,25,火,いちご,46100,5680,1836
2024,6,25,火,メロン計,47000,343025,480
2024,6,25,火,すいか,48100,989056,248
2024,6,25,火,バナナ,50100,521512,219
2024,6,25,火,パイナップル,50300,98503,272
2024,6,25,火,レモン,50400,34931,476
2024,6,25,火,オレンジ,50600,45704,403
2024,6,25,火,おうとう,50700,6464,1709
2024,6,25,火,キウイフルツ,50800,216484,602
2024,6,25,火,メロン,50850,1016,428
2024,6,27,木,みかん,40100,131337,1133
2024,6,27,木,りんご計,42000,302115,532
2024,6,27,木,日本なし計,43000,2958,1116
2024,6,27,木,びわ,43900,1048,1601
2024,6,27,木,もも,44100,363092,881
2024,6,27,木,すもも,44700,83804,793
2024,6,27,木,おうとう,44800,20137,2722
2024,6,27,木,うめ,44950,10320,752
2024,6,27,木,ぶどう計,45000,86100,2205
2024,6,27,木,いちご,46100,7279,1967
2024,6,27,木,メロン計,47000,485299,474
2024,6,27,木,すいか,48100,1425290,248
2024,6,27,木,バナナ,50100,375280,237
2024,6,27,木,パイナップル,50300,89813,255
2024,6,27,木,レモン,50400,33831,494
2024,6,27,木,オレンジ,50600,37063,400
2024,6,27,木,おうとう,50700,5588,1501
2024,6,27,木,キウイフルツ,50800,152214,650
2024,6,27,木,メロン,50850,1483,502
2024,6,28,金,みかん,40100,18641,1190
2024,6,28,金,りんご計,42000,221859,524
2024,6,28,金,日本なし計,43000,15,1080
2024,6,28,金,びわ,43900,512,1717
2024,6,28,金,もも,44100,281033,872
2024,6,28,金,すもも,44700,53987,788
2024,6,28,金,おうとう,44800,12640,2683
2024,6,28,金,うめ,44950,2695,592
2024,6,28,金,ぶどう計,45000,76678,2182
2024,6,28,金,いちご,46100,3171,1943
2024,6,28,金,メロン計,47000,355137,483
2024,6,28,金,すいか,48100,1048499,250
2024,6,28,金,バナナ,50100,644705,216
2024,6,28,金,パイナップル,50300,81771,263
2024,6,28,金,レモン,50400,51662,456
2024,6,28,金,オレンジ,50600,37260,388
2024,6,28,金,おうとう,50700,13243,1616
2024,6,28,金,キウイフルツ,50800,126446,648
2024,6,28,金,メロン,50850,3888,459
2024,6,29,土,みかん,40100,123026,1116
2024,6,29,土,りんご計,42000,215792,522
2024,6,29,土,日本なし計,43000,3713,1159
2024,6,29,土,かき計,43500,54,1340
2024,6,29,土,びわ,43900,233,1457
2024,6,29,土,もも,44100,274361,861
2024,6,29,土,すもも,44700,72678,802
2024,6,29,土,おうとう,44800,14005,2661
2024,6,29,土,うめ,44950,6942,700
2024,6,29,土,ぶどう計,45000,89196,2243
2024,6,29,土,いちご,46100,3491,2066
2024,6,29,土,メロン計,47000,350826,484
2024,6,29,土,すいか,48100,1168822,246
2024,6,29,土,バナナ,50100,532412,243
2024,6,29,土,パイナップル,50300,112292,273
2024,6,29,土,レモン,50400,45142,460
2024,6,29,土,オレンジ,50600,72543,386
2024,6,29,土,おうとう,50700,5698,1500
2024,6,29,土,キウイフルツ,50800,191526,641
2024,6,29,土,メロン,50850,985,439
2024,7,1,月,みかん,40100,105058,1118
2024,7,1,月,りんご計,42000,289803,521
2024,7,1,月,日本なし計,43000,3715,1059
2024,7,1,月,びわ,43900,42,1701
2024,7,1,月,もも,44100,428429,881
2024,7,1,月,すもも,44700,112674,769
2024,7,1,月,おうとう,44800,20502,2469
2024,7,1,月,うめ,44950,6984,715
2024,7,1,月,ぶどう計,45000,88903,2205
2024,7,1,月,いちご,46100,3590,2141
2024,7,1,月,メロン計,47000,411415,501
2024,7,1,月,すいか,48100,1058560,250
2024,7,1,月,バナナ,50100,374017,241
2024,7,1,月,パイナップル,50300,65723,268
2024,7,1,月,レモン,50400,20329,503
2024,7,1,月,オレンジ,50600,20490,416
2024,7,1,月,おうとう,50700,4335,1572
2024,7,1,月,キウイフルツ,50800,61775,687
2024,7,1,月,メロン,50850,2062,471
2024,7,2,火,みかん,40100,53972,1145
2024,7,2,火,りんご計,42000,207368,521
2024,7,2,火,日本なし計,43000,4246,1072
2024,7,2,火,かき計,43500,131,1248
2024,7,2,火,びわ,43900,46,1415
2024,7,2,火,もも,44100,333395,899
2024,7,2,火,すもも,44700,94649,760
2024,7,2,火,おうとう,44800,13552,2541
2024,7,2,火,うめ,44950,1059,400
2024,7,2,火,ぶどう計,45000,88121,2206
2024,7,2,火,いちご,46100,2586,2266
2024,7,2,火,メロン計,47000,343142,516
2024,7,2,火,すいか,48100,1117371,250
2024,7,2,火,バナナ,50100,358426,226
2024,7,2,火,パイナップル,50300,99117,247
2024,7,2,火,レモン,50400,29513,495
2024,7,2,火,オレンジ,50600,39750,406
2024,7,2,火,おうとう,50700,4058,1663
2024,7,2,火,キウイフルツ,50800,71124,641
2024,7,2,火,メロン,50850,589,431
2024,7,4,木,みかん,40100,163374,1113
2024,7,4,木,りんご計,42000,234962,538
2024,7,4,木,日本なし計,43000,10149,1147
2024,7,4,木,びわ,43900,45,1366
2024,7,4,木,もも,44100,493281,881
2024,7,4,木,すもも,44700,126968,761
2024,7,4,木,おうとう,44800,20333,2456
2024,7,4,木,うめ,44950,6121,470
2024,7,4,木,ぶどう計,45000,101958,2207
2024,7,4,木,いちご,46100,3003,2371
2024,7,4,木,メロン計,47000,400003,541
2024,7,4,木,すいか,48100,1473837,249
2024,7,4,木,バナナ,50100,377107,245
2024,7,4,木,パイナップル,50300,79713,267
2024,7,4,木,レモン,50400,39505,455
2024,7,4,木,オレンジ,50600,47700,393
2024,7,4,木,おうとう,50700,6987,1492
2024,7,4,木,キウイフルツ,50800,132906,654
2024,7,4,木,メロン,50850,2011,427
2024,7,5,金,みかん,40100,20997,1143
2024,7,5,金,りんご計,42000,192077,513
2024,7,5,金,日本なし計,43000,3535,1109
2024,7,5,金,もも,44100,319201,907
2024,7,5,金,すもも,44700,76435,757
2024,7,5,金,おうとう,44800,14442,2415
2024,7,5,金,うめ,44950,315,443
2024,7,5,金,ぶどう計,45000,82388,2350
2024,7,5,金,いちご,46100,2066,2492
2024,7,5,金,メロン計,47000,315567,542
2024,7,5,金,すいか,48100,1297061,248
2024,7,5,金,バナナ,50100,401446,244
2024,7,5,金,パイナップル,50300,98750,274
2024,7,5,金,レモン,50400,42868,456
2024,7,5,金,オレンジ,50600,21063,413
2024,7,5,金,おうとう,50700,5170,1923
2024,7,5,金,キウイフルツ,50800,126585,617
2024,7,5,金,メロン,50850,2835,415
2024,7,6,土,みかん,40100,161711,1133
2024,7,6,土,りんご計,42000,194054,520
2024,7,6,土,日本なし計,43000,11882,1147
2024,7,6,土,かき計,43500,110,1027
2024,7,6,土,もも,44100,345425,912
2024,7,6,土,すもも,44700,89311,753
2024,7,6,土,おうとう,44800,13177,2437
2024,7,6,土,うめ,44950,7900,452
2024,7,6,土,ぶどう計,45000,102772,2244
2024,7,6,土,いちご,46100,2231,2537
2024,7,6,土,メロン計,47000,342447,530
2024,7,6,土,すいか,48100,1382643,244
2024,7,6,土,バナナ,50100,400623,234
2024,7,6,土,パイナップル,50300,113333,268
2024,7,6,土,レモン,50400,31042,449
2024,7,6,土,オレンジ,50600,51918,390
2024,7,6,土,おうとう,50700,5252,1524
2024,7,6,土,キウイフルツ,50800,108948,675
2024,7,6,土,メロン,50850,3822,388
2024,7,8,月,みかん,40100,141780,1111
2024,7,8,月,りんご計,42000,256727,522
2024,7,8,月,日本なし計,43000,19515,1163
2024,7,8,月,かき計,43500,1242,769
2024,7,8,月,もも,44100,506504,941
2024,7,8,月,すもも,44700,114596,733
2024,7,8,月,おうとう,44800,18809,2308
2024,7,8,月,うめ,44950,6770,438
2024,7,8,月,ぶどう計,45000,100539,2317
2024,7,8,月,いちご,46100,3110,2651
2024,7,8,月,メロン計,47000,399869,549
2024,7,8,月,すいか,48100,1486962,254
2024,7,8,月,バナナ,50100,395395,248
2024,7,8,月,パイナップル,50300,66890,262
2024,7,8,月,レモン,50400,30322,476
2024,7,8,月,オレンジ,50600,47610,383
2024,7,8,月,おうとう,50700,4619,1354
2024,7,8,月,キウイフルツ,50800,138477,657
2024,7,8,月,メロン,50850,1608,477
2024,7,9,火,みかん,40100,66275,1131
2024,7,9,火,りんご計,42000,195489,532
2024,7,9,火,日本なし計,43000,8433,1112
2024,7,9,火,かき計,43500,110,955
2024,7,9,火,もも,44100,403886,936
2024,7,9,火,すもも,44700,93801,723
2024,7,9,火,おうとう,44800,12622,2466
2024,7,9,火,うめ,44950,75,511
2024,7,9,火,ぶどう計,45000,103233,2340
2024,7,9,火,いちご,46100,2359,2714
2024,7,9,火,メロン計,47000,322409,559
2024,7,9,火,すいか,48100,1690149,257
2024,7,9,火,バナナ,50100,628202,213
2024,7,9,火,パイナップル,50300,83335,252
2024,7,9,火,レモン,50400,30557,476
2024,7,9,火,オレンジ,50600,29442,400
2024,7,9,火,おうとう,50700,5912,2333
2024,7,9,火,キウイフルツ,50800,113139,639
2024,7,9,火,メロン,50850,1727,422
2024,7,11,木,みかん,40100,198772,1088
2024,7,11,木,りんご計,42000,250405,545
2024,7,11,木,日本なし計,43000,37728,1123
2024,7,11,木,もも,44100,594986,925
2024,7,11,木,すもも,44700,105217,758
2024,7,11,木,おうとう,44800,15293,2404
2024,7,11,木,うめ,44950,4743,428
2024,7,11,木,ぶどう計,45000,131744,2272
2024,7,11,木,いちご,46100,3369,2791
2024,7,11,木,メロン計,47000,417889,580
2024,7,11,木,すいか,48100,1880038,257
2024,7,11,木,バナナ,50100,349714,255
2024,7,11,木,パイナップル,50300,93285,259
2024,7,11,木,レモン,50400,29169,494
2024,7,11,木,オレンジ,50600,73940,346
2024,7,11,木,おうとう,50700,6843,2123
2024,7,11,木,キウイフルツ,50800,255727,611
2024,7,11,木,メロン,50850,3745,378
2024,7,12,金,みかん,40100,31509,1174
2024,7,12,金,りんご計,42000,197237,541
2024,7,12,金,日本なし計,43000,26325,936
2024,7,12,金,かき計,43500,1298,769
2024,7,12,金,もも,44100,343378,929
2024,7,12,金,すもも,44700,70563,764
2024,7,12,金,おうとう,44800,11135,2693
2024,7,12,金,うめ,44950,75,86
2024,7,12,金,ぶどう計,45000,114094,2356
2024,7,12,金,いちご,46100,2012,2931
2024,7,12,金,メロン計,47000,282174,603
2024,7,12,金,すいか,48100,1343363,252
2024,7,12,金,バナナ,50100,535814,224
2024,7,12,金,パイナップル,50300,109664,257
2024,7,12,金,レモン,50400,32498,476
2024,7,12,金,オレンジ,50600,33655,390
2024,7,12,金,おうとう,50700,5391,1834
2024,7,12,金,キウイフルツ,50800,97815,691
2024,7,12,金,メロン,50850,2255,455
2024,7,13,土,みかん,40100,201992,1093
2024,7,13,土,りんご計,42000,237513,541
2024,7,13,土,日本なし計,43000,37446,1017
2024,7,13,土,かき計,43500,137,1047
2024,7,13,土,もも,44100,378924,931
2024,7,13,土,すもも,44700,68755,800
2024,7,13,土,おうとう,44800,10298,2504
2024,7,13,土,うめ,44950,10310,465
2024,7,13,土,ぶどう計,45000,129035,2422
2024,7,13,土,いちご,46100,2429,2870
2024,7,13,土,メロン計,47000,339146,595
2024,7,13,土,すいか,48100,1595099,254
2024,7,13,土,バナナ,50100,498325,237
2024,7,13,土,パイナップル,50300,102842,274
2024,7,13,土,レモン,50400,48650,468
2024,7,13,土,オレンジ,50600,53753,375
2024,7,13,土,おうとう,50700,5207,1776
2024,7,13,土,キウイフルツ,50800,116286,654
2024,7,13,土,メロン,50850,2759,418
2024,7,15,月,みかん,40100,234,1469
2024,7,15,月,りんご計,42000,2650,690
2024,7,15,月,日本なし計,43000,25,821
2024,7,15,月,もも,44100,876,1163
2024,7,15,月,すもも,44700,260,1023
2024,7,15,月,ぶどう計,45000,253,1848
2024,7,15,月,メロン計,47000,694,640
2024,7,15,月,すいか,48100,5857,238
2024,7,15,月,バナナ,50100,7788,272
2024,7,15,月,パイナップル,50300,2980,305
2024,7,15,月,レモン,50400,328,560
2024,7,15,月,オレンジ,50600,525,487
2024,7,15,月,キウイフルツ,50800,818,717
2024,7,15,月,メロン,50850,588,617
2024,7,16,火,みかん,40100,217301,1065
2024,7,16,火,りんご計,42000,297820,569
2024,7,16,火,日本なし計,43000,59875,978
2024,7,16,火,かき計,43500,3168,756
2024,7,16,火,もも,44100,794674,918
2024,7,16,火,すもも,44700,125705,806
2024,7,16,火,おうとう,44800,16527,2362
2024,7,16,火,うめ,44950,4332,467
2024,7,16,火,ぶどう計,45000,163755,2135
2024,7,16,火,いちご,46100,5197,2927
2024,7,16,火,メロン計,47000,508601,570
2024,7,16,火,すいか,48100,2433213,253
2024,7,16,火,バナナ,50100,689235,231
2024,7,16,火,パイナップル,50300,108051,253
2024,7,16,火,レモン,50400,44144,465
2024,7,16,火,オレンジ,50600,58838,378
2024,7,16,火,おうとう,50700,5446,2422
2024,7,16,火,キウイフルツ,50800,99335,660
2024,7,16,火,メロン,50850,1435,483
2024,7,17,水,みかん,40100,215,1240
2024,7,17,水,りんご計,42000,3710,496
2024,7,17,水,日本なし計,43000,125,1175
2024,7,17,水,もも,44100,14281,868
2024,7,17,水,すもも,44700,4309,802
2024,7,17,水,おうとう,44800,2791,2279
2024,7,17,水,うめ,44950,273,513
2024,7,17,水,ぶどう計,45000,402,4186
2024,7,17,水,いちご,46100,191,2058
2024,7,17,水,メロン計,47000,57747,630
2024,7,17,水,すいか,48100,103994,277
2024,7,17,水,バナナ,50100,18261,260
2024,7,17,水,パイナップル,50300,2220,282
2024,7,17,水,レモン,50400,525,609
2024,7,17,水,オレンジ,50600,238,442
2024,7,17,水,キウイフルツ,50800,1254,828
2024,7,18,木,みかん,40100,195465,1065
2024,7,18,木,りんご計,42000,250769,554
2024,7,18,木,日本なし計,43000,63636,940
2024,7,18,木,かき計,43500,1602,790
2024,7,18,木,もも,44100,653873,926
2024,7,18,木,すもも,44700,82263,835
2024,7,18,木,おうとう,44800,9439,2579
2024,7,18,木,うめ,44950,1040,354
2024,7,18,木,ぶどう計,45000,159378,2172
2024,7,18,木,いちご,46100,3007,2784
2024,7,18,木,メロン計,47000,398276,577
2024,7,18,木,すいか,48100,2164524,253
2024,7,18,木,バナナ,50100,332001,249
2024,7,18,木,パイナップル,50300,92457,260
2024,7,18,木,レモン,50400,36210,472
2024,7,18,木,オレンジ,50600,30289,381
2024,7,18,木,おうとう,50700,3774,1972
2024,7,18,木,キウイフルツ,50800,107147,660
2024,7,18,木,メロン,50850,960,540
2024,7,19,金,みかん,40100,24463,1075
2024,7,19,金,りんご計,42000,206461,563
2024,7,19,金,日本なし計,43000,28568,882
2024,7,19,金,かき計,43500,18,1500
2024,7,19,金,もも,44100,430614,940
2024,7,19,金,すもも,44700,55027,876
2024,7,19,金,おうとう,44800,6242,2767
2024,7,19,金,うめ,44950,105335,886
2024,7,19,金,ぶどう計,45000,141252,2225
2024,7,19,金,いちご,46100,2181,2862
2024,7,19,金,メロン計,47000,273151,609
2024,7,19,金,すいか,48100,1411380,255
2024,7,19,金,バナナ,50100,371968,236
2024,7,19,金,パイナップル,50300,100832,267
2024,7,19,金,レモン,50400,26409,504
2024,7,19,金,オレンジ,50600,35096,382
2024,7,19,金,おうとう,50700,3463,1761
2024,7,19,金,キウイフルツ,50800,138222,638
2024,7,19,金,メロン,50850,1913,495
2024,7,20,土,みかん,40100,185929,1068
2024,7,20,土,りんご計,42000,218924,548
2024,7,20,土,日本なし計,43000,77876,882
2024,7,20,土,かき計,43500,482,1352
2024,7,20,土,もも,44100,508794,915
2024,7,20,土,すもも,44700,60743,893
2024,7,20,土,おうとう,44800,5072,2477
2024,7,20,土,うめ,44950,180,279
2024,7,20,土,ぶどう計,45000,153676,2157
2024,7,20,土,いちご,46100,2683,2772
2024,7,20,土,メロン計,47000,319847,588
2024,7,20,土,すいか,48100,1550026,253
2024,7,20,土,バナナ,50100,347069,239
2024,7,20,土,パイナップル,50300,94117,265
2024,7,20,土,レモン,50400,42678,420
2024,7,20,土,オレンジ,50600,40888,367
2024,7,20,土,おうとう,50700,3135,1494
2024,7,20,土,キウイフルツ,50800,121317,660
2024,7,20,土,メロン,50850,1426,448
2024,7,22,月,みかん,40100,160619,1039
2024,7,22,月,りんご計,42000,199352,569
2024,7,22,月,日本なし計,43000,113024,796
2024,7,22,月,かき計,43500,4816,749
2024,7,22,月,もも,44100,746722,893
2024,7,22,月,すもも,44700,77104,890
2024,7,22,月,おうとう,44800,3850,2540
2024,7,22,月,うめ,44950,200,221
2024,7,22,月,ぶどう計,45000,160266,2085
2024,7,22,月,いちご,46100,3303,2860
2024,7,22,月,メロン計,47000,342447,577
2024,7,22,月,すいか,48100,1679991,246
2024,7,22,月,バナナ,50100,410207,231
2024,7,22,月,パイナップル,50300,61621,258
2024,7,22,月,レモン,50400,22245,483
2024,7,22,月,オレンジ,50600,32567,395
2024,7,22,月,おうとう,50700,3737,1763
2024,7,22,月,キウイフルツ,50800,104997,635
2024,7,22,月,メロン,50850,2235,374
2024,7,23,火,みかん,40100,76855,1085
2024,7,23,火,りんご計,42000,167171,560
2024,7,23,火,日本なし計,43000,51699,733
2024,7,23,火,かき計,43500,490,1351
2024,7,23,火,もも,44100,569257,887
2024,7,23,火,すもも,44700,61094,909
2024,7,23,火,おうとう,44800,2410,2415
2024,7,23,火,うめ,44950,108712,932
2024,7,23,火,ぶどう計,45000,171623,2095
2024,7,23,火,いちご,46100,3016,2824
2024,7,23,火,メロン計,47000,279437,583
2024,7,23,火,すいか,48100,1485258,247
2024,7,23,火,バナナ,50100,342742,233
2024,7,23,火,パイナップル,50300,98797,256
2024,7,23,火,レモン,50400,28233,465
2024,7,23,火,オレンジ,50600,37314,368
2024,7,23,火,おうとう,50700,3799,1382
2024,7,23,火,キウイフルツ,50800,122499,627
2024,7,23,火,メロン,50850,3191,469
2024,7,25,木,みかん,40100,196226,1065
2024,7,25,木,りんご計,42000,204843,570
2024,7,25,木,日本なし計,43000,148237,691
2024,7,25,木,かき計,43500,157,1639
2024,7,25,木,もも,44100,924960,838
2024,7,25,木,すもも,44700,70628,907
2024,7,25,木,おうとう,44800,2623,2347
2024,7,25,木,うめ,44950,50,162
2024,7,25,木,ぶどう計,45000,197658,2072
2024,7,25,木,いちご,46100,4347,2697
2024,7,25,木,メロン計,47000,346526,580
2024,7,25,木,すいか,48100,2070712,248
2024,7,25,木,バナナ,50100,549417,258
2024,7,25,木,パイナップル,50300,77026,258
2024,7,25,木,レモン,50400,53528,457
2024,7,25,木,オレンジ,50600,41057,389
2024,7,25,木,おうとう,50700,1977,1331
2024,7,25,木,キウイフルツ,50800,145947,674
2024,7,25,木,メロン,50850,1573,542
2024,7,26,金,みかん,40100,35306,1044
2024,7,26,金,りんご計,42000,233559,578
2024,7,26,金,日本なし計,43000,100496,676
2024,7,26,金,かき計,43500,4010,753
2024,7,26,金,もも,44100,583168,838
2024,7,26,金,すもも,44700,40894,899
2024,7,26,金,おうとう,44800,2937,3922
2024,7,26,金,ぶどう計,45000,179112,2078
2024,7,26,金,いちご,46100,2262,2712
2024,7,26,金,メロン計,47000,249395,578
2024,7,26,金,すいか,48100,1341622,250
2024,7,26,金,バナナ,50100,578383,235
2024,7,26,金,パイナップル,50300,95316,268
2024,7,26,金,レモン,50400,34002,451
2024,7,26,金,オレンジ,50600,52609,368
2024,7,26,金,おうとう,50700,2540,1631
2024,7,26,金,キウイフルツ,50800,149081,624
2024,7,26,金,メロン,50850,4555,471
2024,7,27,土,みかん,40100,174607,1041
2024,7,27,土,りんご計,42000,148572,559
2024,7,27,土,日本なし計,43000,143149,684
2024,7,27,土,かき計,43500,388,1194
2024,7,27,土,もも,44100,632226,836
2024,7,27,土,すもも,44700,47454,914
2024,7,27,土,おうとう,44800,1060,2564
2024,7,27,土,ぶどう計,45000,192590,2065
2024,7,27,土,いちご,46100,2490,2784
2024,7,27,土,メロン計,47000,265492,567
2024,7,27,土,すいか,48100,1305579,259
2024,7,27,土,バナナ,50100,436319,242
2024,7,27,土,パイナップル,50300,91922,266
2024,7,27,土,レモン,50400,44729,427
2024,7,27,土,オレンジ,50600,37195,367
2024,7,27,土,おうとう,50700,2215,1528
2024,7,27,土,キウイフルツ,50800,106785,701
2024,7,27,土,メロン,50850,1179,445
2024,7,29,月,みかん,40100,158733,1017
2024,7,29,月,りんご計,42000,185778,572
2024,7,29,月,日本なし計,43000,272708,651
2024,7,29,月,かき計,43500,3425,761
2024,7,29,月,もも,44100,1070186,794
2024,7,29,月,すもも,44700,66044,885
2024,7,29,月,おうとう,44800,751,2570
2024,7,29,月,うめ,44950,10,108
2024,7,29,月,ぶどう計,45000,215118,1917
2024,7,29,月,いちご,46100,6913,2474
2024,7,29,月,メロン計,47000,266407,567
2024,7,29,月,すいか,48100,1516493,259
2024,7,29,月,バナナ,50100,620854,238
2024,7,29,月,パイナップル,50300,97878,247
2024,7,29,月,レモン,50400,26263,473
2024,7,29,月,オレンジ,50600,38500,376
2024,7,29,月,おうとう,50700,2920,1768
2024,7,29,月,キウイフルツ,50800,88059,644
2024,7,29,月,メロン,50850,3250,480
2024,7,30,火,みかん,40100,71484,1066
2024,7,30,火,りんご計,42000,171850,599
2024,7,30,火,日本なし計,43000,257138,654
2024,7,30,火,かき計,43500,1463,1056
2024,7,30,火,もも,44100,727473,807
2024,7,30,火,すもも,44700,51200,893
2024,7,30,火,おうとう,44800,997,4782
2024,7,30,火,うめ,44950,45,354
2024,7,30,火,ぶどう計,45000,227450,1913
2024,7,30,火,いちご,46100,2769,2755
2024,7,30,火,メロン計,47000,249369,570
2024,7,30,火,すいか,48100,1355598,261
2024,7,30,火,バナナ,50100,449162,248
2024,7,30,火,パイナップル,50300,93408,261
2024,7,30,火,レモン,50400,42843,452
2024,7,30,火,オレンジ,50600,53592,355
2024,7,30,火,おうとう,50700,2185,1374
2024,7,30,火,キウイフルツ,50800,126560,649
2024,7,30,火,メロン,50850,1708,483
2024,8,1,木,みかん,40100,226661,1052
2024,8,1,木,りんご計,42000,219086,594
2024,8,1,木,日本なし計,43000,491497,647
2024,8,1,木,かき計,43500,5081,862
2024,8,1,木,もも,44100,1045938,789
2024,8,1,木,すもも,44700,67745,894
2024,8,1,木,おうとう,44800,369,2477
2024,8,1,木,うめ,44950,48,270
2024,8,1,木,ぶどう計,45000,269914,1913
2024,8,1,木,いちご,46100,3268,2699
2024,8,1,木,メロン計,47000,285305,575
2024,8,1,木,すいか,48100,1606740,260
2024,8,1,木,バナナ,50100,352299,253
2024,8,1,木,パイナップル,50300,64733,253
2024,8,1,木,レモン,50400,28065,463
2024,8,1,木,オレンジ,50600,35329,382
2024,8,1,木,おうとう,50700,1505,1703
2024,8,1,木,キウイフルツ,50800,204559,604
2024,8,1,木,メロン,50850,1359,436
2024,8,2,金,みかん,40100,28828,1028
2024,8,2,金,りんご計,42000,178296,590
2024,8,2,金,日本なし計,43000,315343,663
2024,8,2,金,もも,44100,654021,778
2024,8,2,金,すもも,44700,47980,885
2024,8,2,金,おうとう,44800,234,3083
2024,8,2,金,ぶどう計,45000,246695,1909
2024,8,2,金,いちご,46100,1917,2701
2024,8,2,金,メロン計,47000,225613,581
2024,8,2,金,すいか,48100,1206307,262
2024,8,2,金,バナナ,50100,304433,242
2024,8,2,金,パイナップル,50300,77458,270
2024,8,2,金,レモン,50400,34378,461
2024,8,2,金,オレンジ,50600,32122,376
2024,8,2,金,おうとう,50700,819,1410
2024,8,2,金,キウイフルツ,50800,124498,640
2024,8,2,金,メロン,50850,2199,486
2024,8,3,土,みかん,40100,172354,1042
2024,8,3,土,りんご計,42000,162575,592
2024,8,3,土,日本なし計,43000,413067,654
2024,8,3,土,かき計,43500,639,1316
2024,8,3,土,もも,44100,654941,780
2024,8,3,土,すもも,44700,57310,895
2024,8,3,土,おうとう,44800,106,3404
2024,8,3,土,うめ,44950,52,162
2024,8,3,土,ぶどう計,45000,277832,1858
2024,8,3,土,いちご,46100,1926,2684
2024,8,3,土,メロン計,47000,266234,570
2024,8,3,土,すいか,48100,1279503,265
2024,8,3,土,バナナ,50100,383498,241
2024,8,3,土,パイナップル,50300,84003,260
2024,8,3,土,レモン,50400,37868,428
2024,8,3,土,オレンジ,50600,42660,369
2024,8,3,土,おうとう,50700,1521,1438
2024,8,3,土,キウイフルツ,50800,116070,639
2024,8,3,土,メロン,50850,3407,522
2024,8,5,月,みかん,40100,146387,1018
2024,8,5,月,りんご計,42000,218194,578
2024,8,5,月,日本なし計,43000,707284,638
2024,8,5,月,かき計,43500,8205,829
2024,8,5,月,もも,44100,833278,760
2024,8,5,月,すもも,44700,71043,880
2024,8,5,月,おうとう,44800,101,2923
2024,8,5,月,ぶどう計,45000,338239,1853
2024,8,5,月,いちご,46100,2670,2683
2024,8,5,月,メロン計,47000,336646,581
2024,8,5,月,すいか,48100,1525929,278
2024,8,5,月,バナナ,50100,480142,235
2024,8,5,月,パイナップル,50300,92790,252
2024,8,5,月,レモン,50400,30480,458
2024,8,5,月,オレンジ,50600,34949,361
2024,8,5,月,おうとう,50700,625,1334
2024,8,5,月,キウイフルツ,50800,64871,663
2024,8,5,月,メロン,50850,1602,503
2024,8,6,火,みかん,40100,69902,1100
2024,8,6,火,りんご計,42000,171408,625
2024,8,6,火,日本なし計,43000,415201,640
2024,8,6,火,かき計,43500,711,1094
2024,8,6,火,もも,44100,570762,743
2024,8,6,火,すもも,44700,61866,890
2024,8,6,火,おうとう,44800,324,5027
2024,8,6,火,ぶどう計,45000,346088,1842
2024,8,6,火,いちご,46100,2109,2697
2024,8,6,火,メロン計,47000,331529,593
2024,8,6,火,すいか,48100,1429526,284
2024,8,6,火,バナナ,50100,337659,243
2024,8,6,火,パイナップル,50300,70157,261
2024,8,6,火,レモン,50400,50020,444
2024,8,6,火,オレンジ,50600,85555,343
2024,8,6,火,おうとう,50700,1187,1361
2024,8,6,火,キウイフルツ,50800,69489,658
2024,8,6,火,メロン,50850,1149,511
2024,8,8,木,みかん,40100,164918,1046
2024,8,8,木,りんご計,42000,262116,596
2024,8,8,木,日本なし計,43000,815187,631
2024,8,8,木,かき計,43500,5625,813
2024,8,8,木,もも,44100,686044,744
2024,8,8,木,すもも,44700,71042,873
2024,8,8,木,おうとう,44800,58,3810
2024,8,8,木,ぶどう計,45000,482002,1891
2024,8,8,木,いちご,46100,2555,2789
2024,8,8,木,メロン計,47000,409875,612
2024,8,8,木,すいか,48100,1769670,289
2024,8,8,木,バナナ,50100,373596,254
2024,8,8,木,パイナップル,50300,89093,261
2024,8,8,木,レモン,50400,38693,455
2024,8,8,木,オレンジ,50600,42152,384
2024,8,8,木,おうとう,50700,901,1391
2024,8,8,木,キウイフルツ,50800,142058,643
2024,8,8,木,メロン,50850,3536,460
2024,8,9,金,みかん,40100,37597,1018
2024,8,9,金,りんご計,42000,182095,575
2024,8,9,金,日本なし計,43000,376397,643
2024,8,9,金,かき計,43500,2563,993
2024,8,9,金,もも,44100,421792,737
2024,8,9,金,すもも,44700,49267,873
2024,8,9,金,おうとう,44800,22,3692
2024,8,9,金,うめ,44950,25,1426
2024,8,9,金,ぶどう計,45000,366866,1932
2024,8,9,金,いちご,46100,1490,2923
2024,8,9,金,メロン計,47000,327438,610
2024,8,9,金,すいか,48100,1092971,286
2024,8,9,金,バナナ,50100,561457,230
2024,8,9,金,パイナップル,50300,80368,272
2024,8,9,金,レモン,50400,59256,424
2024,8,9,金,オレンジ,50600,35989,376
2024,8,9,金,おうとう,50700,581,1357
2024,8,9,金,キウイフルツ,50800,102766,651
2024,8,9,金,メロン,50850,2360,480
2024,8,10,土,みかん,40100,109938,1046
2024,8,10,土,りんご計,42000,205077,586
2024,8,10,土,日本なし計,43000,412471,619
2024,8,10,土,かき計,43500,1176,1126
2024,8,10,土,もも,44100,422967,746
2024,8,10,土,すもも,44700,54424,880
2024,8,10,土,うめ,44950,74540,426
2024,8,10,土,ぶどう計,45000,384054,1958
2024,8,10,土,いちご,46100,1831,2935
2024,8,10,土,メロン計,47000,317979,615
2024,8,10,土,すいか,48100,1042097,285
2024,8,10,土,バナナ,50100,347894,249
2024,8,10,土,パイナップル,50300,111809,266
2024,8,10,土,レモン,50400,42478,440
2024,8,10,土,オレンジ,50600,82303,339
2024,8,10,土,おうとう,50700,802,1235
2024,8,10,土,キウイフルツ,50800,225027,637
2024,8,10,土,メロン,50850,1489,512
2024,8,12,月,みかん,40100,47200,1026
2024,8,12,月,りんご計,42000,277625,596
2024,8,12,月,日本なし計,43000,701196,616
2024,8,12,月,かき計,43500,8146,769
2024,8,12,月,もも,44100,605184,735
2024,8,12,月,すもも,44700,69107,877
2024,8,12,月,ぶどう計,45000,545020,1867
2024,8,12,月,いちご,46100,2232,2947
2024,8,12,月,メロン計,47000,315293,599
2024,8,12,月,すいか,48100,1215038,298
2024,8,12,月,バナナ,50100,585994,235
2024,8,12,月,パイナップル,50300,88022,261
2024,8,12,月,レモン,50400,45949,479
2024,8,12,月,オレンジ,50600,57713,368
2024,8,12,月,おうとう,50700,556,1589
2024,8,12,月,キウイフルツ,50800,106446,661
2024,8,12,月,メロン,50850,2657,411
2024,8,13,火,みかん,40100,11683,675
2024,8,13,火,りんご計,42000,155294,501
2024,8,13,火,日本なし計,43000,438341,594
2024,8,13,火,かき計,43500,7196,859
2024,8,13,火,もも,44100,400255,729
2024,8,13,火,すもも,44700,53549,861
2024,8,13,火,ぶどう計,45000,351030,1919
2024,8,13,火,いちご,46100,1695,2842
2024,8,13,火,メロン計,47000,188869,580
2024,8,13,火,すいか,48100,868721,283
2024,8,13,火,バナナ,50100,384190,228
2024,8,13,火,パイナップル,50300,46476,254
2024,8,13,火,レモン,50400,51289,420
2024,8,13,火,オレンジ,50600,66149,350
2024,8,13,火,おうとう,50700,238,1407
2024,8,13,火,キウイフルツ,50800,72182,653
2024,8,13,火,メロン,50850,5195,248
2024,8,14,水,みかん,40100,324,1520
2024,8,14,水,もも,44100,2204,538
2024,8,14,水,すもも,44700,76,1404
2024,8,14,水,ぶどう計,45000,843,1512
2024,8,14,水,すいか,48100,4820,305
2024,8,14,水,バナナ,50100,19463,260
2024,8,14,水,パイナップル,50300,8350,291
2024,8,14,水,レモン,50400,224,564
2024,8,14,水,オレンジ,50600,4199,415
2024,8,14,水,キウイフルツ,50800,790,744
2024,8,15,木,みかん,40100,80,362
2024,8,15,木,りんご計,42000,13430,673
2024,8,15,木,もも,44100,1451,524
2024,8,15,木,ぶどう計,45000,586,1507
2024,8,15,木,メロン計,47000,320,744
2024,8,15,木,すいか,48100,5252,286
2024,8,15,木,バナナ,50100,20049,254
2024,8,15,木,パイナップル,50300,5040,288
2024,8,15,木,レモン,50400,199,497
2024,8,15,木,オレンジ,50600,3944,414
2024,8,15,木,キウイフルツ,50800,730,764
2024,8,16,金,りんご計,42000,1440,788
2024,8,16,金,もも,44100,3105,448
2024,8,16,金,すもも,44700,63,972
2024,8,16,金,ぶどう計,45000,258,1988
2024,8,16,金,すいか,48100,7152,254
2024,8,16,金,バナナ,50100,15924,259
2024,8,16,金,パイナップル,50300,3450,311
2024,8,16,金,レモン,50400,399,544
2024,8,16,金,オレンジ,50600,2091,406
2024,8,16,金,キウイフルツ,50800,366,735
2024,8,16,金,メロン,50850,30,724
2024,8,17,土,みかん,40100,7033,1002
2024,8,17,土,りんご計,42000,129979,530
2024,8,17,土,日本なし計,43000,963472,548
2024,8,17,土,かき計,43500,3172,828
2024,8,17,土,もも,44100,724141,746
2024,8,17,土,すもも,44700,63512,871
2024,8,17,土,ぶどう計,45000,354550,1729
2024,8,17,土,いちご,46100,4736,2895
2024,8,17,土,メロン計,47000,190999,581
2024,8,17,土,すいか,48100,937171,304
2024,8,17,土,バナナ,50100,647180,251
2024,8,17,土,パイナップル,50300,128131,251
2024,8,17,土,レモン,50400,33167,485
2024,8,17,土,オレンジ,50600,48023,368
2024,8,17,土,おうとう,50700,204,1456
2024,8,17,土,キウイフルツ,50800,125841,650
2024,8,17,土,メロン,50850,3943,458
2024,8,19,月,みかん,40100,35693,989
2024,8,19,月,りんご計,42000,232443,494
2024,8,19,月,日本なし計,43000,976303,543
2024,8,19,月,かき計,43500,12602,796
2024,8,19,月,もも,44100,437341,718
2024,8,19,月,すもも,44700,61873,832
2024,8,19,月,ぶどう計,45000,363705,1728
2024,8,19,月,くり,45700,46,690
2024,8,19,月,いちご,46100,2460,2839
2024,8,19,月,メロン計,47000,161118,592
2024,8,19,月,すいか,48100,806310,305
2024,8,19,月,バナナ,50100,337263,251
2024,8,19,月,パイナップル,50300,71219,277
2024,8,19,月,レモン,50400,38230,423
2024,8,19,月,オレンジ,50600,47827,357
2024,8,19,月,おうとう,50700,16,9180
2024,8,19,月,キウイフルツ,50800,90485,692
2024,8,19,月,メロン,50850,3495,469
2024,8,20,火,みかん,40100,48860,892
2024,8,20,火,りんご計,42000,209827,497
2024,8,20,火,日本なし計,43000,633071,546
2024,8,20,火,かき計,43500,4999,681
2024,8,20,火,もも,44100,355699,730
2024,8,20,火,すもも,44700,48898,818
2024,8,20,火,ぶどう計,45000,370299,1718
2024,8,20,火,くり,45700,64,420
2024,8,20,火,いちご,46100,1944,2932
2024,8,20,火,メロン計,47000,157737,550
2024,8,20,火,すいか,48100,683711,315
2024,8,20,火,バナナ,50100,388821,234
2024,8,20,火,パイナップル,50300,64627,268
2024,8,20,火,レモン,50400,33519,458
2024,8,20,火,オレンジ,50600,35060,367
2024,8,20,火,キウイフルツ,50800,85331,652
2024,8,20,火,メロン,50850,1603,457
2024,8,22,木,みかん,40100,105984,909
2024,8,22,木,りんご計,42000,425299,483
2024,8,22,木,日本なし計,43000,1062575,511
2024,8,22,木,かき計,43500,6127,880
2024,8,22,木,もも,44100,471186,720
2024,8,22,木,すもも,44700,52128,807
2024,8,22,木,ぶどう計,45000,398061,1724
2024,8,22,木,くり,45700,288,1021
2024,8,22,木,いちご,46100,2399,2822
2024,8,22,木,メロン計,47000,159573,584
2024,8,22,木,すいか,48100,724045,302
2024,8,22,木,バナナ,50100,515991,260
2024,8,22,木,パイナップル,50300,71798,280
2024,8,22,木,レモン,50400,46521,443
2024,8,22,木,オレンジ,50600,97981,344
2024,8,22,木,キウイフルツ,50800,94916,677
2024,8,22,木,メロン,50850,5033,517
2024,8,23,金,みかん,40100,17565,748
2024,8,23,金,りんご計,42000,297506,427
2024,8,23,金,日本なし計,43000,633142,517
2024,8,23,金,かき計,43500,425,783
2024,8,23,金,もも,44100,308114,701
2024,8,23,金,すもも,44700,40137,813
2024,8,23,金,うめ,44950,34956,400
2024,8,23,金,ぶどう計,45000,376803,1715
2024,8,23,金,くり,45700,238,743
2024,8,23,金,いちご,46100,1164,2965
2024,8,23,金,メロン計,47000,128862,565
2024,8,23,金,すいか,48100,434878,301
2024,8,23,金,バナナ,50100,458408,240
2024,8,23,金,パイナップル,50300,46059,286
2024,8,23,金,レモン,50400,35435,425
2024,8,23,金,オレンジ,50600,35879,347
2024,8,23,金,おうとう,50700,9401,5233
2024,8,23,金,キウイフルツ,50800,109142,635
2024,8,23,金,メロン,50850,3728,451
2024,8,24,土,みかん,40100,99389,863
2024,8,24,土,りんご計,42000,333211,442
2024,8,24,土,日本なし計,43000,723362,506
2024,8,24,土,かき計,43500,9829,817
2024,8,24,土,もも,44100,359161,712
2024,8,24,土,すもも,44700,49269,802
2024,8,24,土,ぶどう計,45000,406338,1708
2024,8,24,土,くり,45700,504,1123
2024,8,24,土,いちご,46100,1520,2810
2024,8,24,土,メロン計,47000,161664,576
2024,8,24,土,すいか,48100,512465,298
2024,8,24,土,バナナ,50100,295131,241
2024,8,24,土,パイナップル,50300,78287,253
2024,8,24,土,レモン,50400,37565,416
2024,8,24,土,オレンジ,50600,48703,349
2024,8,24,土,おうとう,50700,87,12863
2024,8,24,土,キウイフルツ,50800,144687,643
2024,8,24,土,メロン,50850,1991,385
2024,8,26,月,みかん,40100,70401,902
2024,8,26,月,りんご計,42000,460567,433
2024,8,26,月,日本なし計,43000,1293059,515
2024,8,26,月,かき計,43500,10874,821
2024,8,26,月,もも,44100,406123,675
2024,8,26,月,すもも,44700,57673,776
2024,8,26,月,ぶどう計,45000,484691,1656
2024,8,26,月,くり,45700,4950,1073
2024,8,26,月,いちご,46100,1997,2842
2024,8,26,月,メロン計,47000,182312,573
2024,8,26,月,すいか,48100,517082,286
2024,8,26,月,バナナ,50100,670769,247
2024,8,26,月,パイナップル,50300,48479,276
2024,8,26,月,レモン,50400,34012,440
2024,8,26,月,オレンジ,50600,44006,367
2024,8,26,月,キウイフルツ,50800,123318,659
2024,8,26,月,メロン,50850,2620,407
2024,8,27,火,みかん,40100,31558,854
2024,8,27,火,りんご計,42000,336042,412
2024,8,27,火,日本なし計,43000,742548,508
2024,8,27,火,かき計,43500,5661,709
2024,8,27,火,もも,44100,354765,678
2024,8,27,火,すもも,44700,64169,767
2024,8,27,火,ぶどう計,45000,461650,1658
2024,8,27,火,くり,45700,7214,1088
2024,8,27,火,いちご,46100,1593,2923
2024,8,27,火,メロン計,47000,164177,553
2024,8,27,火,すいか,48100,501603,305
2024,8,27,火,バナナ,50100,303678,238
2024,8,27,火,パイナップル,50300,46980,241
2024,8,27,火,レモン,50400,30513,425
2024,8,27,火,オレンジ,50600,38248,368
2024,8,27,火,キウイフルツ,50800,121262,637
2024,8,27,火,メロン,50850,1016,433
2024,8,29,木,みかん,40100,78971,819
2024,8,29,木,りんご計,42000,552678,420
2024,8,29,木,日本なし計,43000,1142964,503
2024,8,29,木,かき計,43500,8652,841
2024,8,29,木,もも,44100,385721,688
2024,8,29,木,すもも,44700,60392,770
2024,8,29,木,おうとう,44800,1,8640
2024,8,29,木,ぶどう計,45000,561278,1633
2024,8,29,木,くり,45700,13945,1111
2024,8,29,木,いちご,46100,2056,2972
2024,8,29,木,メロン計,47000,188465,540
2024,8,29,木,すいか,48100,422032,304
2024,8,29,木,バナナ,50100,341201,252
2024,8,29,木,パイナップル,50300,30749,280
2024,8,29,木,レモン,50400,30239,443
2024,8,29,木,オレンジ,50600,41719,367
2024,8,29,木,キウイフルツ,50800,83841,701
2024,8,29,木,メロン,50850,1030,487
2024,8,30,金,みかん,40100,16041,742
2024,8,30,金,りんご計,42000,406708,396
2024,8,30,金,日本なし計,43000,539433,492
2024,8,30,金,かき計,43500,4663,847
2024,8,30,金,もも,44100,200630,665
2024,8,30,金,すもも,44700,44711,761
2024,8,30,金,ぶどう計,45000,384623,1634
2024,8,30,金,くり,45700,9598,1008
2024,8,30,金,いちご,46100,1112,3001
2024,8,30,金,メロン計,47000,128357,555
2024,8,30,金,すいか,48100,219492,317
2024,8,30,金,キウイフルツ,49300,22,265
2024,8,30,金,バナナ,50100,298334,244
2024,8,30,金,パイナップル,50300,33066,281
2024,8,30,金,レモン,50400,42391,394
2024,8,30,金,オレンジ,50600,36609,357
2024,8,30,金,キウイフルツ,50800,269578,619
2024,8,30,金,メロン,50850,4230,397
2024,8,31,土,みかん,40100,41953,717
2024,8,31,土,りんご計,42000,524266,411
2024,8,31,土,日本なし計,43000,678102,493
2024,8,31,土,かき計,43500,11402,770
2024,8,31,土,もも,44100,232294,680
2024,8,31,土,すもも,44700,44255,756
2024,8,31,土,おうとう,44800,4,7317
2024,8,31,土,ぶどう計,45000,415287,1611
2024,8,31,土,くり,45700,11982,1020
2024,8,31,土,いちご,46100,1314,2971
2024,8,31,土,メロン計,47000,146288,529
2024,8,31,土,すいか,48100,292616,314
2024,8,31,土,バナナ,50100,586807,236
2024,8,31,土,パイナップル,50300,61040,286
2024,8,31,土,レモン,50400,31451,433
2024,8,31,土,オレンジ,50600,55382,340
2024,8,31,土,キウイフルツ,50800,290755,673
2024,8,31,土,メロン,50850,5542,452
2024,9,2,月,みかん,40100,35300,811
2024,9,2,月,りんご計,42000,597918,374
2024,9,2,月,日本なし計,43000,887672,481
2024,9,2,月,かき計,43500,837,936
2024,9,2,月,もも,44100,223125,642
2024,9,2,月,すもも,44700,52322,735
2024,9,2,月,ぶどう計,45000,468179,1562
2024,9,2,月,くり,45700,11769,948
2024,9,2,月,いちご,46100,1620,3115
2024,9,2,月,メロン計,47000,113711,573
2024,9,2,月,すいか,48100,264967,305
2024,9,2,月,バナナ,50100,368999,255
2024,9,2,月,パイナップル,50300,31258,238
2024,9,2,月,レモン,50400,24357,432
2024,9,2,月,オレンジ,50600,32778,347
2024,9,2,月,キウイフルツ,50800,59902,606
2024,9,2,月,メロン,50850,2106,358
2024,9,3,火,みかん,40100,25752,832
2024,9,3,火,りんご計,42000,483314,374
2024,9,3,火,日本なし計,43000,686398,481
2024,9,3,火,かき計,43500,8218,797
2024,9,3,火,もも,44100,169691,673
2024,9,3,火,すもも,44700,47410,733
2024,9,3,火,ぶどう計,45000,468477,1579
2024,9,3,火,くり,45700,36286,1056
2024,9,3,火,いちご,46100,1198,2900
2024,9,3,火,メロン計,47000,124173,533
2024,9,3,火,すいか,48100,199653,312
2024,9,3,火,キウイフルツ,49300,45,1219
2024,9,3,火,バナナ,50100,353158,231
2024,9,3,火,パイナップル,50300,55656,227
2024,9,3,火,レモン,50400,38545,391
2024,9,3,火,オレンジ,50600,39438,352
2024,9,3,火,おうとう,50700,10,1080
2024,9,3,火,キウイフルツ,50800,81136,675
2024,9,3,火,メロン,50850,1415,415
2024,9,5,木,みかん,40100,68154,706
2024,9,5,木,りんご計,42000,694444,364
2024,9,5,木,日本なし計,43000,1063761,456
2024,9,5,木,かき計,43500,9039,740
2024,9,5,木,もも,44100,210579,690
2024,9,5,木,すもも,44700,45146,746
2024,9,5,木,ぶどう計,45000,568531,1573
2024,9,5,木,くり,45700,35928,916
2024,9,5,木,いちご,46100,2007,3037
2024,9,5,木,メロン計,47000,119081,577
2024,9,5,木,すいか,48100,238468,312
2024,9,5,木,キウイフルツ,49300,14,267
2024,9,5,木,バナナ,50100,396339,253
2024,9,5,木,パイナップル,50300,35488,279
2024,9,5,木,レモン,50400,40428,426
2024,9,5,木,オレンジ,50600,43602,367
2024,9,5,木,キウイフルツ,50800,142605,637
2024,9,5,木,メロン,50850,4510,440
2024,9,6,金,みかん,40100,39000,493
2024,9,6,金,りんご計,42000,515940,363
2024,9,6,金,日本なし計,43000,680762,454
2024,9,6,金,かき計,43500,38283,576
2024,9,6,金,もも,44100,114209,692
2024,9,6,金,すもも,44700,32531,761
2024,9,6,金,ぶどう計,45000,525451,1586
2024,9,6,金,くり,45700,35486,1023
2024,9,6,金,いちご,46100,1148,3016
2024,9,6,金,メロン計,47000,86422,594
2024,9,6,金,すいか,48100,144343,313
2024,9,6,金,バナナ,50100,360239,247
2024,9,6,金,パイナップル,50300,39069,263
2024,9,6,金,レモン,50400,35820,408
2024,9,6,金,オレンジ,50600,31993,348
2024,9,6,金,キウイフルツ,50800,70772,673
2024,9,6,金,メロン,50850,3115,427
2024,9,7,土,みかん,40100,89039,583
2024,9,7,土,りんご計,42000,486793,355
2024,9,7,土,日本なし計,43000,833917,448
2024,9,7,土,かき計,43500,45635,590
2024,9,7,土,もも,44100,155798,698
2024,9,7,土,すもも,44700,26339,769
2024,9,7,土,ぶどう計,45000,557522,1590
2024,9,7,土,くり,45700,41163,884
2024,9,7,土,いちご,46100,1216,2817
2024,9,7,土,メロン計,47000,119734,549
2024,9,7,土,すいか,48100,236937,320
2024,9,7,土,キウイフルツ,49300,14,276
2024,9,7,土,バナナ,50100,396469,242
2024,9,7,土,パイナップル,50300,56056,250
2024,9,7,土,レモン,50400,25962,387
2024,9,7,土,オレンジ,50600,65143,366
2024,9,7,土,キウイフルツ,50800,127498,679
2024,9,7,土,メロン,50850,1567,494
2024,9,9,月,みかん,40100,112315,425
2024,9,9,月,りんご計,42000,591571,353
2024,9,9,月,日本なし計,43000,1131970,441
2024,9,9,月,かき計,43500,85879,531
2024,9,9,月,もも,44100,127283,719
2024,9,9,月,すもも,44700,31171,786
2024,9,9,月,ぶどう計,45000,608851,1575
2024,9,9,月,くり,45700,50851,953
2024,9,9,月,いちご,46100,1639,2850
2024,9,9,月,メロン計,47000,90037,623
2024,9,9,月,すいか,48100,161907,287
2024,9,9,月,キウイフルツ,49300,42,475
2024,9,9,月,バナナ,50100,380326,249
2024,9,9,月,パイナップル,50300,28902,288
2024,9,9,月,レモン,50400,25059,428
2024,9,9,月,オレンジ,50600,32208,361
2024,9,9,月,キウイフルツ,50800,83594,721
2024,9,9,月,メロン,50850,2357,467
2024,9,10,火,みかん,40100,93210,430
2024,9,10,火,りんご計,42000,513948,344
2024,9,10,火,日本なし計,43000,804806,461
2024,9,10,火,かき計,43500,93744,507
2024,9,10,火,もも,44100,108013,734
2024,9,10,火,すもも,44700,26413,793
2024,9,10,火,ぶどう計,45000,586272,1571
2024,9,10,火,くり,45700,47763,946
2024,9,10,火,いちご,46100,1344,2933
2024,9,10,火,メロン計,47000,88164,625
2024,9,10,火,すいか,48100,152288,327
2024,9,10,火,キウイフルツ,49300,7,267
2024,9,10,火,バナナ,50100,501474,226
2024,9,10,火,パイナップル,50300,35382,249
2024,9,10,火,レモン,50400,27764,404
2024,9,10,火,オレンジ,50600,37964,370
2024,9,10,火,キウイフルツ,50800,181055,655
2024,9,10,火,メロン,50850,1283,484
2024,9,12,木,みかん,40100,189791,432
2024,9,12,木,りんご計,42000,628066,344
2024,9,12,木,日本なし計,43000,1267437,443
2024,9,12,木,かき計,43500,228108,501
2024,9,12,木,もも,44100,144876,769
2024,9,12,木,すもも,44700,32352,777
2024,9,12,木,ぶどう計,45000,662900,1567
2024,9,12,木,くり,45700,47107,984
2024,9,12,木,いちご,46100,2117,2958
2024,9,12,木,メロン計,47000,100632,664
2024,9,12,木,すいか,48100,159287,324
2024,9,12,木,バナナ,50100,372522,253
2024,9,12,木,パイナップル,50300,37425,280
2024,9,12,木,レモン,50400,30518,450
2024,9,12,木,オレンジ,50600,64318,341
2024,9,12,木,キウイフルツ,50800,76101,690
2024,9,12,木,メロン,50850,3978,461
2024,9,13,金,みかん,40100,107366,341
2024,9,13,金,りんご計,42000,445651,341
2024,9,13,金,日本なし計,43000,709556,453
2024,9,13,金,かき計,43500,159216,482
2024,9,13,金,もも,44100,73759,741
2024,9,13,金,すもも,44700,28066,816
2024,9,13,金,ぶどう計,45000,572370,1573
2024,9,13,金,くり,45700,38216,887
2024,9,13,金,いちご,46100,1270,3140
2024,9,13,金,メロン計,47000,104040,601
2024,9,13,金,すいか,48100,82006,266
2024,9,13,金,キウイフルツ,49300,29,417
2024,9,13,金,バナナ,50100,646369,214
2024,9,13,金,パイナップル,50300,48230,285
2024,9,13,金,レモン,50400,21784,457
2024,9,13,金,オレンジ,50600,34403,342
2024,9,13,金,キウイフルツ,50800,96573,661
2024,9,13,金,メロン,50850,3728,483
2024,9,14,土,みかん,40100,202397,396
2024,9,14,土,りんご計,42000,584403,343
2024,9,14,土,日本なし計,43000,716936,445
2024,9,14,土,かき計,43500,228644,474
2024,9,14,土,もも,44100,91529,759
2024,9,14,土,すもも,44700,28522,798
2024,9,14,土,ぶどう計,45000,622108,1538
2024,9,14,土,くり,45700,43022,948
2024,9,14,土,いちご,46100,1279,3006
2024,9,14,土,メロン計,47000,97745,627
2024,9,14,土,すいか,48100,148620,335
2024,9,14,土,バナナ,50100,436572,241
2024,9,14,土,パイナップル,50300,67221,289
2024,9,14,土,レモン,50400,38924,421
2024,9,14,土,オレンジ,50600,46399,348
2024,9,14,土,キウイフルツ,50800,124939,677
2024,9,14,土,メロン,50850,1714,555
2024,9,16,月,みかん,40100,110,343
2024,9,16,月,りんご計,42000,1820,611
2024,9,16,月,日本なし計,43000,190,518
2024,9,16,月,すもも,44700,20,1145
2024,9,16,月,ぶどう計,45000,305,1801
2024,9,16,月,バナナ,50100,5375,272
2024,9,16,月,パイナップル,50300,720,337
2024,9,16,月,レモン,50400,130,738
2024,9,16,月,オレンジ,50600,612,406
2024,9,16,月,キウイフルツ,50800,595,788
2024,9,17,火,みかん,40100,478192,352
2024,9,17,火,りんご計,42000,763677,332
2024,9,17,火,日本なし計,43000,1180844,457
2024,9,17,火,かき計,43500,428924,446
2024,9,17,火,もも,44100,78073,748
2024,9,17,火,すもも,44700,31716,783
2024,9,17,火,ぶどう計,45000,663937,1507
2024,9,17,火,くり,45700,52998,991
2024,9,17,火,いちご,46100,2880,3118
2024,9,17,火,メロン計,47000,108989,668
2024,9,17,火,すいか,48100,136773,347
2024,9,17,火,バナナ,50100,557248,254
2024,9,17,火,パイナップル,50300,47212,266
2024,9,17,火,レモン,50400,40810,400
2024,9,17,火,オレンジ,50600,57166,361
2024,9,17,火,キウイフルツ,50800,108659,661
2024,9,17,火,メロン,50850,2837,484
2024,9,18,水,みかん,40100,153431,371
2024,9,18,水,りんご計,42000,400035,330
2024,9,18,水,日本なし計,43000,474288,454
2024,9,18,水,かき計,43500,219691,452
2024,9,18,水,もも,44100,37971,749
2024,9,18,水,すもも,44700,22833,842
2024,9,18,水,ぶどう計,45000,509407,1529
2024,9,18,水,くり,45700,26655,970
2024,9,18,水,いちご,46100,882,3260
2024,9,18,水,メロン計,47000,80856,671
2024,9,18,水,すいか,48100,53413,314
2024,9,18,水,キウイフルツ,49300,21,346
2024,9,18,水,バナナ,50100,151336,247
2024,9,18,水,パイナップル,50300,29369,265
2024,9,18,水,レモン,50400,17788,453
2024,9,18,水,オレンジ,50600,24153,363
2024,9,18,水,キウイフルツ,50800,48043,628
2024,9,18,水,メロン,50850,668,425
2024,9,19,木,みかん,40100,307670,351
2024,9,19,木,りんご計,42000,538868,339
2024,9,19,木,日本なし計,43000,644267,483
2024,9,19,木,かき計,43500,203944,418
2024,9,19,木,もも,44100,51094,724
2024,9,19,木,すもも,44700,24098,816
2024,9,19,木,ぶどう計,45000,558840,1528
2024,9,19,木,くり,45700,32000,994
2024,9,19,木,いちご,46100,1163,3103
2024,9,19,木,メロン計,47000,85915,654
2024,9,19,木,すいか,48100,61241,309
2024,9,19,木,バナナ,50100,307314,247
2024,9,19,木,パイナップル,50300,52452,262
2024,9,19,木,レモン,50400,28011,411
2024,9,19,木,オレンジ,50600,42318,361
2024,9,19,木,キウイフルツ,50800,82803,694
2024,9,19,木,メロン,50850,2675,509
2024,9,20,金,みかん,40100,278355,345
2024,9,20,金,りんご計,42000,518510,339
2024,9,20,金,日本なし計,43000,441304,475
2024,9,20,金,かき計,43500,252263,455
2024,9,20,金,もも,44100,28437,736
2024,9,20,金,すもも,44700,19589,805
2024,9,20,金,ぶどう計,45000,508604,1533
2024,9,20,金,くり,45700,32713,947
2024,9,20,金,いちご,46100,1024,3382
2024,9,20,金,メロン計,47000,97616,668
2024,9,20,金,すいか,48100,89884,326
2024,9,20,金,バナナ,50100,385129,246
2024,9,20,金,パイナップル,50300,54596,271
2024,9,20,金,レモン,50400,22851,443
2024,9,20,金,オレンジ,50600,48402,336
2024,9,20,金,キウイフルツ,50800,86189,662
2024,9,20,金,メロン,50850,4708,484
2024,9,21,土,みかん,40100,387306,345
2024,9,21,土,りんご計,42000,633579,343
2024,9,21,土,日本なし計,43000,584853,483
2024,9,21,土,かき計,43500,351668,434
2024,9,21,土,もも,44100,49611,722
2024,9,21,土,すもも,44700,25036,809
2024,9,21,土,ぶどう計,45000,537111,1536
2024,9,21,土,くり,45700,31691,1019
2024,9,21,土,いちご,46100,1258,3216
2024,9,21,土,メロン計,47000,97545,661
2024,9,21,土,すいか,48100,64911,321
2024,9,21,土,キウイフルツ,49300,35,346
2024,9,21,土,バナナ,50100,334269,245
2024,9,21,土,パイナップル,50300,51703,273
2024,9,21,土,レモン,50400,41718,391
2024,9,21,土,オレンジ,50600,46887,352
2024,9,21,土,キウイフルツ,50800,202479,619
2024,9,21,土,メロン,50850,2510,470
2024,9,23,月,みかん,40100,16633,395
2024,9,23,月,りんご計,42000,79236,330
2024,9,23,月,日本なし計,43000,38643,523
2024,9,23,月,かき計,43500,7790,403
2024,9,23,月,もも,44100,215,569
2024,9,23,月,すもも,44700,294,871
2024,9,23,月,ぶどう計,45000,36512,1521
2024,9,23,月,くり,45700,2108,926
2024,9,23,月,メロン計,47000,3513,822
2024,9,23,月,すいか,48100,2033,300
2024,9,23,月,バナナ,50100,107280,236
2024,9,23,月,パイナップル,50300,12339,248
2024,9,23,月,レモン,50400,3068,439
2024,9,23,月,オレンジ,50600,6776,368
2024,9,23,月,キウイフルツ,50800,20205,546
2024,9,23,月,メロン,50850,235,461
2024,9,24,火,みかん,40100,580835,354
2024,9,24,火,りんご計,42000,691922,337
2024,9,24,火,日本なし計,43000,782877,506
2024,9,24,火,かき計,43500,711871,428
2024,9,24,火,もも,44100,40925,708
2024,9,24,火,すもも,44700,24356,826
2024,9,24,火,ぶどう計,45000,594957,1517
2024,9,24,火,くり,45700,43919,1094
2024,9,24,火,いちご,46100,2222,3306
2024,9,24,火,メロン計,47000,133024,658
2024,9,24,火,すいか,48100,98626,323
2024,9,24,火,キウイフルツ,49300,1316,789
2024,9,24,火,バナナ,50100,672654,232
2024,9,24,火,パイナップル,50300,36510,276
2024,9,24,火,レモン,50400,35482,400
2024,9,24,火,オレンジ,50600,63575,342
2024,9,24,火,キウイフルツ,50800,81431,663
2024,9,24,火,メロン,50850,1327,495
2024,9,25,水,みかん,40100,82594,420
2024,9,25,水,りんご計,42000,233355,352
2024,9,25,水,日本なし計,43000,203960,462
2024,9,25,水,かき計,43500,187218,423
2024,9,25,水,もも,44100,18859,688
2024,9,25,水,すもも,44700,11313,782
2024,9,25,水,ぶどう計,45000,300909,1576
2024,9,25,水,くり,45700,18298,999
2024,9,25,水,いちご,46100,446,2911
2024,9,25,水,メロン計,47000,58170,633
2024,9,25,水,すいか,48100,20044,282
2024,9,25,水,バナナ,50100,88956,260
2024,9,25,水,パイナップル,50300,12121,258
2024,9,25,水,レモン,50400,6615,377
2024,9,25,水,オレンジ,50600,6166,345
2024,9,25,水,キウイフルツ,50800,13711,714
2024,9,25,水,メロン,50850,1302,459
2024,9,26,木,みかん,40100,359121,358
2024,9,26,木,りんご計,42000,623002,351
2024,9,26,木,日本なし計,43000,560960,528
2024,9,26,木,かき計,43500,356180,406
2024,9,26,木,もも,44100,27638,699
2024,9,26,木,すもも,44700,20328,801
2024,9,26,木,ぶどう計,45000,575479,1558
2024,9,26,木,くり,45700,33195,1164
2024,9,26,木,いちご,46100,1215,3344
2024,9,26,木,メロン計,47000,97701,641
2024,9,26,木,すいか,48100,87028,294
2024,9,26,木,キウイフルツ,49300,19,537
2024,9,26,木,バナナ,50100,288307,255
2024,9,26,木,パイナップル,50300,50678,272
2024,9,26,木,レモン,50400,26697,446
2024,9,26,木,オレンジ,50600,35734,349
2024,9,26,木,キウイフルツ,50800,87428,646
2024,9,26,木,メロン,50850,5015,412
2024,9,27,金,みかん,40100,331006,359
2024,9,27,金,りんご計,42000,517767,340
2024,9,27,金,日本なし計,43000,415757,528
2024,9,27,金,かき計,43500,327276,417
2024,9,27,金,もも,44100,12677,656
2024,9,27,金,すもも,44700,15269,825
2024,9,27,金,ぶどう計,45000,459087,1543
2024,9,27,金,くり,45700,31697,1163
2024,9,27,金,いちご,46100,947,3590
2024,9,27,金,メロン計,47000,92169,650
2024,9,27,金,すいか,48100,40448,260
2024,9,27,金,キウイフルツ,49300,1155,905
2024,9,27,金,バナナ,50100,541438,229
2024,9,27,金,パイナップル,50300,46351,300
2024,9,27,金,レモン,50400,24953,415
2024,9,27,金,オレンジ,50600,31114,366
2024,9,27,金,キウイフルツ,50800,132811,657
2024,9,27,金,メロン,50850,3321,448
2024,9,28,土,みかん,40100,311721,360
2024,9,28,土,りんご計,42000,613503,357
2024,9,28,土,日本なし計,43000,487188,514
2024,9,28,土,かき計,43500,376392,425
2024,9,28,土,もも,44100,15270,672
2024,9,28,土,すもも,44700,15415,843
2024,9,28,土,ぶどう計,45000,492650,1541
2024,9,28,土,くり,45700,32755,1153
2024,9,28,土,いちご,46100,1241,3329
2024,9,28,土,メロン計,47000,106707,618
2024,9,28,土,すいか,48100,46309,300
2024,9,28,土,キウイフルツ,49300,3374,817
2024,9,28,土,バナナ,50100,510145,249
2024,9,28,土,パイナップル,50300,69886,290
2024,9,28,土,レモン,50400,38472,410
2024,9,28,土,オレンジ,50600,49966,351
2024,9,28,土,キウイフルツ,50800,114181,644
2024,9,28,土,メロン,50850,5056,499
2024,9,30,月,みかん,40100,515922,350
2024,9,30,月,りんご計,42000,545349,367
2024,9,30,月,日本なし計,43000,412209,516
2024,9,30,月,かき計,43500,781542,394
2024,9,30,月,もも,44100,14916,703
2024,9,30,月,すもも,44700,14563,847
2024,9,30,月,ぶどう計,45000,463362,1545
2024,9,30,月,くり,45700,44378,1181
2024,9,30,月,いちご,46100,1700,3385
2024,9,30,月,メロン計,47000,109664,633
2024,9,30,月,すいか,48100,52786,312
2024,9,30,月,キウイフルツ,49300,9480,1098
2024,9,30,月,バナナ,50100,474034,251
2024,9,30,月,パイナップル,50300,70831,280
2024,9,30,月,レモン,50400,34673,409
2024,9,30,月,オレンジ,50600,47581,361
2024,9,30,月,キウイフルツ,50800,105877,657
2024,9,30,月,メロン,50850,4831,443
2024,10,1,火,みかん,40100,344189,341
2024,10,1,火,りんご計,42000,540907,370
2024,10,1,火,日本なし計,43000,452038,519
2024,10,1,火,かき計,43500,532549,393
2024,10,1,火,もも,44100,8421,678
2024,10,1,火,すもも,44700,13984,854
2024,10,1,火,ぶどう計,45000,442051,1543
2024,10,1,火,くり,45700,55337,1183
2024,10,1,火,いちご,46100,1609,3475
2024,10,1,火,メロン計,47000,96457,633
2024,10,1,火,すいか,48100,32452,305
2024,10,1,火,キウイフルツ,49300,2964,1092
2024,10,1,火,バナナ,50100,327746,242
2024,10,1,火,パイナップル,50300,41337,254
2024,10,1,火,レモン,50400,21015,413
2024,10,1,火,オレンジ,50600,35411,344
2024,10,1,火,キウイフルツ,50800,38349,690
2024,10,1,火,メロン,50850,3971,458
2024,10,3,木,みかん,40100,670213,340
2024,10,3,木,りんご計,42000,709773,391
2024,10,3,木,日本なし計,43000,515086,526
2024,10,3,木,かき計,43500,1090995,384
2024,10,3,木,もも,44100,5968,662
2024,10,3,木,すもも,44700,17860,863
2024,10,3,木,ぶどう計,45000,496008,1541
2024,10,3,木,くり,45700,81418,1221
2024,10,3,木,いちご,46100,2695,3548
2024,10,3,木,メロン計,47000,118535,661
2024,10,3,木,すいか,48100,55605,295
2024,10,3,木,キウイフルツ,49300,5138,945
2024,10,3,木,バナナ,50100,282527,253
2024,10,3,木,パイナップル,50300,47379,249
2024,10,3,木,レモン,50400,29144,408
2024,10,3,木,オレンジ,50600,27916,384
2024,10,3,木,キウイフルツ,50800,72627,662
2024,10,3,木,メロン,50850,3841,381
2024,10,4,金,みかん,40100,375581,344
2024,10,4,金,りんご計,42000,519530,385
2024,10,4,金,日本なし計,43000,305365,513
2024,10,4,金,かき計,43500,489589,381
2024,10,4,金,もも,44100,3043,627
2024,10,4,金,すもも,44700,9609,863
2024,10,4,金,ぶどう計,45000,403474,1544
2024,10,4,金,くり,45700,48184,1097
2024,10,4,金,いちご,46100,1208,3764
2024,10,4,金,メロン計,47000,102730,629
2024,10,4,金,すいか,48100,35064,334
2024,10,4,金,キウイフルツ,49300,981,972
2024,10,4,金,バナナ,50100,341375,249
2024,10,4,金,パイナップル,50300,61333,281
2024,10,4,金,レモン,50400,42405,356
2024,10,4,金,オレンジ,50600,24942,355
2024,10,4,金,キウイフルツ,50800,91589,618
2024,10,4,金,メロン,50850,3092,499
2024,10,5,土,みかん,40100,442272,339
2024,10,5,土,りんご計,42000,622783,400
2024,10,5,土,日本なし計,43000,404812,506
2024,10,5,土,かき計,43500,611803,391
2024,10,5,土,もも,44100,4278,646
2024,10,5,土,すもも,44700,9247,806
2024,10,5,土,ぶどう計,45000,422429,1545
2024,10,5,土,くり,45700,58371,1085
2024,10,5,土,いちご,46100,1251,3438
2024,10,5,土,メロン計,47000,102487,618
2024,10,5,土,すいか,48100,15463,319
2024,10,5,土,キウイフルツ,49300,1897,1163
2024,10,5,土,バナナ,50100,356274,247
2024,10,5,土,パイナップル,50300,55865,257
2024,10,5,土,レモン,50400,34732,377
2024,10,5,土,オレンジ,50600,37725,352
2024,10,5,土,キウイフルツ,50800,94583,646
2024,10,5,土,メロン,50850,3951,452
2024,10,7,月,みかん,40100,627682,338
2024,10,7,月,りんご計,42000,728655,411
2024,10,7,月,日本なし計,43000,299177,498
2024,10,7,月,かき計,43500,768683,382
2024,10,7,月,もも,44100,3648,772
2024,10,7,月,すもも,44700,5817,936
2024,10,7,月,ぶどう計,45000,386531,1563
2024,10,7,月,くり,45700,56489,1014
2024,10,7,月,いちご,46100,1421,3546
2024,10,7,月,メロン計,47000,104460,661
2024,10,7,月,すいか,48100,37843,323
2024,10,7,月,キウイフルツ,49300,5363,1020
2024,10,7,月,バナナ,50100,360557,256
2024,10,7,月,パイナップル,50300,39582,263
2024,10,7,月,レモン,50400,23564,418
2024,10,7,月,オレンジ,50600,48359,327
2024,10,7,月,キウイフルツ,50800,59328,640
2024,10,7,月,メロン,50850,2612,469
2024,10,8,火,みかん,40100,314551,344
2024,10,8,火,りんご計,42000,576593,420
2024,10,8,火,日本なし計,43000,287680,495
2024,10,8,火,かき計,43500,254904,394
2024,10,8,火,もも,44100,3244,724
2024,10,8,火,すもも,44700,4143,872
2024,10,8,火,ぶどう計,45000,386966,1557
2024,10,8,火,くり,45700,43288,998
2024,10,8,火,いちご,46100,1232,3603
2024,10,8,火,メロン計,47000,98523,641
2024,10,8,火,すいか,48100,22763,335
2024,10,8,火,キウイフルツ,49300,1324,873
2024,10,8,火,バナナ,50100,513758,222
2024,10,8,火,パイナップル,50300,47388,268
2024,10,8,火,レモン,50400,22885,395
2024,10,8,火,オレンジ,50600,30866,368
2024,10,8,火,キウイフルツ,50800,40214,663
2024,10,8,火,メロン,50850,3067,454
2024,10,10,木,みかん,40100,718368,340
2024,10,10,木,りんご計,42000,775612,446
2024,10,10,木,日本なし計,43000,309606,496
2024,10,10,木,かき計,43500,1471062,371
2024,10,10,木,もも,44100,600,860
2024,10,10,木,すもも,44700,5553,1061
2024,10,10,木,ぶどう計,45000,412057,1576
2024,10,10,木,くり,45700,45385,1033
2024,10,10,木,いちご,46100,1852,3530
2024,10,10,木,メロン計,47000,103538,671
2024,10,10,木,すいか,48100,24637,341
2024,10,10,木,キウイフルツ,49300,6752,956
2024,10,10,木,バナナ,50100,361457,250
2024,10,10,木,パイナップル,50300,42544,259
2024,10,10,木,レモン,50400,32106,391
2024,10,10,木,オレンジ,50600,49811,363
2024,10,10,木,キウイフルツ,50800,63048,672
2024,10,10,木,メロン,50850,3994,507
2024,10,11,金,みかん,40100,604818,339
2024,10,11,金,りんご計,42000,580514,431
2024,10,11,金,日本なし計,43000,150382,510
2024,10,11,金,かき計,43500,679555,363
2024,10,11,金,もも,44100,1041,632
2024,10,11,金,すもも,44700,3879,1087
2024,10,11,金,ぶどう計,45000,287295,1581
2024,10,11,金,くり,45700,30306,945
2024,10,11,金,いちご,46100,4314,2464
2024,10,11,金,メロン計,47000,80558,678
2024,10,11,金,すいか,48100,7885,319
2024,10,11,金,キウイフルツ,49300,971,965
2024,10,11,金,バナナ,50100,574763,218
2024,10,11,金,パイナップル,50300,66776,282
2024,10,11,金,レモン,50400,28104,382
2024,10,11,金,オレンジ,50600,32465,352
2024,10,11,金,キウイフルツ,50800,73418,673
2024,10,11,金,メロン,50850,3200,461
2024,10,12,土,みかん,40100,560147,344
2024,10,12,土,りんご計,42000,800822,440
2024,10,12,土,日本なし計,43000,283297,496
2024,10,12,土,かき計,43500,723009,364
2024,10,12,土,もも,44100,710,704
2024,10,12,土,すもも,44700,3590,1107
2024,10,12,土,ぶどう計,45000,398207,1590
2024,10,12,土,くり,45700,35243,1017
2024,10,12,土,いちご,46100,1192,3984
2024,10,12,土,メロン計,47000,82038,661
2024,10,12,土,すいか,48100,22472,324
2024,10,12,土,キウイフルツ,49300,6287,769
2024,10,12,土,バナナ,50100,418786,240
2024,10,12,土,パイナップル,50300,58068,268
2024,10,12,土,レモン,50400,37698,380
2024,10,12,土,オレンジ,50600,42235,359
2024,10,12,土,キウイフルツ,50800,98373,673
2024,10,12,土,メロン,50850,3277,488
2024,10,14,月,みかん,40100,4320,360
2024,10,14,月,りんご計,42000,1090,541
2024,10,14,月,日本なし計,43000,330,698
2024,10,14,月,かき計,43500,188,438
2024,10,14,月,ぶどう計,45000,259,1655
2024,10,14,月,メロン計,47000,916,454
2024,10,14,月,バナナ,50100,6795,273
2024,10,14,月,パイナップル,50300,4900,335
2024,10,14,月,レモン,50400,183,587
2024,10,14,月,オレンジ,50600,850,415
2024,10,14,月,キウイフルツ,50800,269,724
2024,10,14,月,メロン,50850,270,518
2024,10,15,火,みかん,40100,1037381,347
2024,10,15,火,りんご計,42000,1107888,452
2024,10,15,火,日本なし計,43000,308754,492
2024,10,15,火,かき計,43500,1936107,338
2024,10,15,火,もも,44100,190,707
2024,10,15,火,すもも,44700,2370,1381
2024,10,15,火,ぶどう計,45000,414267,1590
2024,10,15,火,くり,45700,34149,1033
2024,10,15,火,いちご,46100,2405,3741
2024,10,15,火,メロン計,47000,76880,730
2024,10,15,火,すいか,48100,33054,325
2024,10,15,火,キウイフルツ,49300,4858,763
2024,10,15,火,バナナ,50100,648652,238
2024,10,15,火,パイナップル,50300,54984,265
2024,10,15,火,レモン,50400,25577,419
2024,10,15,火,オレンジ,50600,56049,346
2024,10,15,火,キウイフルツ,50800,101760,664
2024,10,15,火,メロン,50850,2057,433
2024,10,16,水,みかん,40100,384967,347
2024,10,16,水,りんご計,42000,423428,453
2024,10,16,水,日本なし計,43000,71045,436
2024,10,16,水,かき計,43500,639487,323
2024,10,16,水,もも,44100,40,637
2024,10,16,水,すもも,44700,1103,1425
2024,10,16,水,ぶどう計,45000,223679,1631
2024,10,16,水,くり,45700,14245,897
2024,10,16,水,いちご,46100,666,3642
2024,10,16,水,メロン計,47000,53123,753
2024,10,16,水,すいか,48100,3047,282
2024,10,16,水,キウイフルツ,49300,2302,740
2024,10,16,水,バナナ,50100,160374,221
2024,10,16,水,パイナップル,50300,25672,272
2024,10,16,水,レモン,50400,14977,370
2024,10,16,水,オレンジ,50600,21184,342
2024,10,16,水,キウイフルツ,50800,75803,602
2024,10,16,水,メロン,50850,2503,504
2024,10,17,木,みかん,40100,936078,350
2024,10,17,木,りんご計,42000,778442,455
2024,10,17,木,日本なし計,43000,276815,483
2024,10,17,木,かき計,43500,798786,346
2024,10,17,木,すもも,44700,948,1440
2024,10,17,木,ぶどう計,45000,328572,1629
2024,10,17,木,くり,45700,21814,908
2024,10,17,木,いちご,46100,1282,3851
2024,10,17,木,メロン計,47000,63993,746
2024,10,17,木,すいか,48100,17284,370
2024,10,17,木,キウイフルツ,49300,4467,690
2024,10,17,木,バナナ,50100,289953,246
2024,10,17,木,パイナップル,50300,42426,263
2024,10,17,木,レモン,50400,26266,387
2024,10,17,木,オレンジ,50600,40869,339
2024,10,17,木,キウイフルツ,50800,86811,616
2024,10,17,木,メロン,50850,1987,463
2024,10,18,金,みかん,40100,786544,342
2024,10,18,金,りんご計,42000,673035,454
2024,10,18,金,日本なし計,43000,91981,504
2024,10,18,金,かき計,43500,701533,336
2024,10,18,金,すもも,44700,1462,1261
2024,10,18,金,ぶどう計,45000,251528,1632
2024,10,18,金,くり,45700,15771,949
2024,10,18,金,いちご,46100,1019,3989
2024,10,18,金,メロン計,47000,44709,753
2024,10,18,金,すいか,48100,14717,354
2024,10,18,金,キウイフルツ,49300,6203,590
2024,10,18,金,バナナ,50100,447006,244
2024,10,18,金,パイナップル,50300,59803,297
2024,10,18,金,レモン,50400,40378,341
2024,10,18,金,オレンジ,50600,38249,364
2024,10,18,金,キウイフルツ,50800,72353,692
2024,10,18,金,メロン,50850,4298,525
2024,10,19,土,みかん,40100,959405,346
2024,10,19,土,りんご計,42000,796218,456
2024,10,19,土,日本なし計,43000,188586,479
2024,10,19,土,かき計,43500,775508,365
2024,10,19,土,すもも,44700,1025,1075
2024,10,19,土,ぶどう計,45000,297596,1632
2024,10,19,土,くり,45700,20181,932
2024,10,19,土,いちご,46100,1748,3814
2024,10,19,土,メロン計,47000,48676,750
2024,10,19,土,すいか,48100,13925,373
2024,10,19,土,キウイフルツ,49300,6549,925
2024,10,19,土,バナナ,50100,317198,238
2024,10,19,土,パイナップル,50300,58048,245
2024,10,19,土,レモン,50400,28455,361
2024,10,19,土,オレンジ,50600,41615,361
2024,10,19,土,キウイフルツ,50800,73189,669
2024,10,19,土,メロン,50850,1560,511
2024,10,21,月,みかん,40100,1155962,342
2024,10,21,月,りんご計,42000,780457,462
2024,10,21,月,日本なし計,43000,84709,530
2024,10,21,月,かき計,43500,865298,353
2024,10,21,月,すもも,44700,1280,912
2024,10,21,月,ぶどう計,45000,241778,1684
2024,10,21,月,くり,45700,19605,904
2024,10,21,月,いちご,46100,2372,4723
2024,10,21,月,メロン計,47000,49715,775
2024,10,21,月,すいか,48100,24812,315
2024,10,21,月,キウイフルツ,49300,4016,617
2024,10,21,月,バナナ,50100,418519,250
2024,10,21,月,パイナップル,50300,44164,266
2024,10,21,月,レモン,50400,32183,361
2024,10,21,月,オレンジ,50600,34326,351
2024,10,21,月,キウイフルツ,50800,59705,660
2024,10,21,月,メロン,50850,2714,509
2024,10,22,火,みかん,40100,611359,343
2024,10,22,火,りんご計,42000,753962,447
2024,10,22,火,日本なし計,43000,151456,472
2024,10,22,火,かき計,43500,615581,368
2024,10,22,火,もも,44100,35,432
2024,10,22,火,すもも,44700,613,876
2024,10,22,火,ぶどう計,45000,241858,1700
2024,10,22,火,くり,45700,17933,863
2024,10,22,火,いちご,46100,1877,4109
2024,10,22,火,メロン計,47000,45176,782
2024,10,22,火,すいか,48100,14928,346
2024,10,22,火,キウイフルツ,49300,12605,590
2024,10,22,火,バナナ,50100,355700,230
2024,10,22,火,パイナップル,50300,60977,265
2024,10,22,火,レモン,50400,17654,396
2024,10,22,火,オレンジ,50600,23593,366
2024,10,22,火,キウイフルツ,50800,98997,606
2024,10,22,火,メロン,50850,2849,479
2024,10,24,木,みかん,40100,1126395,356
2024,10,24,木,りんご計,42000,822619,467
2024,10,24,木,日本なし計,43000,228844,504
2024,10,24,木,かき計,43500,801053,358
2024,10,24,木,すもも,44700,246,698
2024,10,24,木,ぶどう計,45000,293676,1688
2024,10,24,木,くり,45700,19468,918
2024,10,24,木,いちご,46100,3329,3972
2024,10,24,木,メロン計,47000,47443,834
2024,10,24,木,すいか,48100,22798,335
2024,10,24,木,キウイフルツ,49300,12827,684
2024,10,24,木,バナナ,50100,407601,238
2024,10,24,木,パイナップル,50300,51206,238
2024,10,24,木,レモン,50400,21418,393
2024,10,24,木,オレンジ,50600,38634,359
2024,10,24,木,キウイフルツ,50800,89275,643
2024,10,24,木,メロン,50850,4846,537
2024,10,25,金,みかん,40100,653745,341
2024,10,25,金,りんご計,42000,638878,451
2024,10,25,金,日本なし計,43000,94365,508
2024,10,25,金,かき計,43500,539325,368
2024,10,25,金,すもも,44700,106,1384
2024,10,25,金,ぶどう計,45000,200594,1705
2024,10,25,金,くり,45700,12242,942
2024,10,25,金,いちご,46100,1668,3701
2024,10,25,金,メロン計,47000,40264,841
2024,10,25,金,すいか,48100,10843,344
2024,10,25,金,キウイフルツ,49300,9066,625
2024,10,25,金,バナナ,50100,573504,216
2024,10,25,金,パイナップル,50300,50567,258
2024,10,25,金,レモン,50400,31513,370
2024,10,25,金,オレンジ,50600,20248,382
2024,10,25,金,キウイフルツ,50800,112135,563
2024,10,25,金,メロン,50850,1948,583
2024,10,26,土,みかん,40100,894326,363
2024,10,26,土,りんご計,42000,685510,448
2024,10,26,土,日本なし計,43000,163717,515
2024,10,26,土,かき計,43500,544365,377
2024,10,26,土,すもも,44700,212,895
2024,10,26,土,ぶどう計,45000,223547,1700
2024,10,26,土,くり,45700,12429,963
2024,10,26,土,いちご,46100,3027,4035
2024,10,26,土,メロン計,47000,51489,790
2024,10,26,土,すいか,48100,15063,326
2024,10,26,土,キウイフルツ,49300,11479,577
2024,10,26,土,バナナ,50100,407476,243
2024,10,26,土,パイナップル,50300,62170,261
2024,10,26,土,レモン,50400,32096,352
2024,10,26,土,オレンジ,50600,45028,354
2024,10,26,土,キウイフルツ,50800,79851,679
2024,10,26,土,メロン,50850,2670,502
2024,10,28,月,みかん,40100,1017675,368
2024,10,28,月,りんご計,42000,702078,455
2024,10,28,月,日本なし計,43000,59049,519
2024,10,28,月,かき計,43500,831556,373
2024,10,28,月,すもも,44700,215,1019
2024,10,28,月,ぶどう計,45000,186552,1684
2024,10,28,月,くり,45700,13194,899
2024,10,28,月,いちご,46100,3332,3767
2024,10,28,月,メロン計,47000,43739,882
2024,10,28,月,すいか,48100,31710,300
2024,10,28,月,キウイフルツ,49300,8755,698
2024,10,28,月,バナナ,50100,681154,220
2024,10,28,月,パイナップル,50300,40685,265
2024,10,28,月,レモン,50400,20295,406
2024,10,28,月,オレンジ,50600,29249,349
2024,10,28,月,キウイフルツ,50800,75425,627
2024,10,28,月,メロン,50850,1523,515
2024,10,29,火,みかん,40100,615154,345
2024,10,29,火,りんご計,42000,540115,465
2024,10,29,火,日本なし計,43000,108117,518
2024,10,29,火,かき計,43500,666085,378
2024,10,29,火,もも,44100,17,629
2024,10,29,火,すもも,44700,200,888
2024,10,29,火,ぶどう計,45000,178733,1712
2024,10,29,火,くり,45700,12508,959
2024,10,29,火,いちご,46100,4842,3762
2024,10,29,火,メロン計,47000,42670,831
2024,10,29,火,すいか,48100,6642,266
2024,10,29,火,キウイフルツ,49300,10540,712
2024,10,29,火,バナナ,50100,309050,225
2024,10,29,火,パイナップル,50300,52514,267
2024,10,29,火,レモン,50400,21462,369
2024,10,29,火,オレンジ,50600,23181,365
2024,10,29,火,キウイフルツ,50800,100515,607
2024,10,29,火,メロン,50850,2196,525
2024,10,31,木,みかん,40100,1079281,360
2024,10,31,木,りんご計,42000,734541,449
2024,10,31,木,日本なし計,43000,136853,488
2024,10,31,木,かき計,43500,896663,377
2024,10,31,木,もも,44100,315,611
2024,10,31,木,すもも,44700,200,888
2024,10,31,木,ぶどう計,45000,205552,1709
2024,10,31,木,くり,45700,7379,1172
2024,10,31,木,いちご,46100,8507,3423
2024,10,31,木,メロン計,47000,46669,846
2024,10,31,木,すいか,48100,13850,318
2024,10,31,木,キウイフルツ,49300,19704,682
2024,10,31,木,バナナ,50100,504724,250
2024,10,31,木,パイナップル,50300,73857,261
2024,10,31,木,レモン,50400,38097,381
2024,10,31,木,オレンジ,50600,41042,350
2024,10,31,木,キウイフルツ,50800,80099,646
2024,10,31,木,メロン,50850,2769,678
2024,11,1,金,みかん,40100,836129,377
2024,11,1,金,りんご計,42000,609425,469
2024,11,1,金,日本なし計,43000,73807,522
2024,11,1,金,かき計,43500,633164,379
2024,11,1,金,すもも,44700,200,864
2024,11,1,金,ぶどう計,45000,128712,1766
2024,11,1,金,くり,45700,8814,962
2024,11,1,金,いちご,46100,4064,3334
2024,11,1,金,メロン計,47000,32901,869
2024,11,1,金,すいか,48100,12064,299
2024,11,1,金,キウイフルツ,49300,9523,762
2024,11,1,金,バナナ,50100,341503,221
2024,11,1,金,パイナップル,50300,45222,280
2024,11,1,金,レモン,50400,19619,367
2024,11,1,金,オレンジ,50600,31614,345
2024,11,1,金,キウイフルツ,50800,91158,641
2024,11,1,金,メロン,50850,3662,355
2024,11,2,土,みかん,40100,916023,376
2024,11,2,土,りんご計,42000,664162,456
2024,11,2,土,日本なし計,43000,96954,494
2024,11,2,土,かき計,43500,727356,381
2024,11,2,土,もも,44100,678,806
2024,11,2,土,すもも,44700,144,864
2024,11,2,土,ぶどう計,45000,165432,1717
2024,11,2,土,くり,45700,7468,1169
2024,11,2,土,いちご,46100,10313,3441
2024,11,2,土,メロン計,47000,45140,811
2024,11,2,土,すいか,48100,18211,323
2024,11,2,土,キウイフルツ,49300,11035,752
2024,11,2,土,バナナ,50100,387893,226
2024,11,2,土,パイナップル,50300,67535,257
2024,11,2,土,レモン,50400,32744,357
2024,11,2,土,オレンジ,50600,42372,359
2024,11,2,土,キウイフルツ,50800,94340,680
2024,11,2,土,メロン,50850,2481,520
2024,11,4,月,みかん,40100,72278,326
2024,11,4,月,りんご計,42000,85909,489
2024,11,4,月,日本なし計,43000,850,684
2024,11,4,月,かき計,43500,37972,409
2024,11,4,月,ぶどう計,45000,12099,1642
2024,11,4,月,くり,45700,345,1142
2024,11,4,月,いちご,46100,27,4493
2024,11,4,月,メロン計,47000,1269,790
2024,11,4,月,すいか,48100,1583,406
2024,11,4,月,キウイフルツ,49300,2101,553
2024,11,4,月,バナナ,50100,137483,210
2024,11,4,月,パイナップル,50300,6750,300
2024,11,4,月,レモン,50400,2769,447
2024,11,4,月,オレンジ,50600,7303,360
2024,11,4,月,キウイフルツ,50800,4737,697
2024,11,4,月,メロン,50850,442,526
2024,11,5,火,みかん,40100,1235087,376
2024,11,5,火,りんご計,42000,717257,476
2024,11,5,火,日本なし計,43000,92913,492
2024,11,5,火,かき計,43500,1404915,375
2024,11,5,火,すもも,44700,220,886
2024,11,5,火,ぶどう計,45000,150077,1723
2024,11,5,火,くり,45700,4135,1386
2024,11,5,火,いちご,46100,26946,2774
2024,11,5,火,メロン計,47000,58273,814
2024,11,5,火,すいか,48100,22274,317
2024,11,5,火,キウイフルツ,49300,17392,651
2024,11,5,火,バナナ,50100,610287,223
2024,11,5,火,パイナップル,50300,52327,247
2024,11,5,火,レモン,50400,31165,380
2024,11,5,火,オレンジ,50600,27741,355
2024,11,5,火,キウイフルツ,50800,42909,631
2024,11,5,火,メロン,50850,1624,531
2024,11,6,水,みかん,40100,415894,386
2024,11,6,水,りんご計,42000,381387,467
2024,11,6,水,日本なし計,43000,35819,517
2024,11,6,水,かき計,43500,551422,375
2024,11,6,水,すもも,44700,120,864
2024,11,6,水,ぶどう計,45000,90546,1801
2024,11,6,水,くり,45700,3684,1365
2024,11,6,水,いちご,46100,17938,2681
2024,11,6,水,メロン計,47000,20183,1053
2024,11,6,水,すいか,48100,4292,321
2024,11,6,水,キウイフルツ,49300,6027,686
2024,11,6,水,バナナ,50100,146558,225
2024,11,6,水,パイナップル,50300,31782,234
2024,11,6,水,レモン,50400,14215,360
2024,11,6,水,オレンジ,50600,18002,342
2024,11,6,水,キウイフルツ,50800,32432,664
2024,11,6,水,メロン,50850,1234,542
2024,11,7,木,みかん,40100,989300,378
2024,11,7,木,りんご計,42000,525185,487
2024,11,7,木,日本なし計,43000,50864,527
2024,11,7,木,かき計,43500,699751,378
2024,11,7,木,すもも,44700,296,795
2024,11,7,木,ぶどう計,45000,124653,1785
2024,11,7,木,くり,45700,2864,1316
2024,11,7,木,いちご,46100,21131,2870
2024,11,7,木,メロン計,47000,45732,799
2024,11,7,木,すいか,48100,7313,309
2024,11,7,木,キウイフルツ,49300,15054,643
2024,11,7,木,バナナ,50100,401177,227
2024,11,7,木,パイナップル,50300,88108,239
2024,11,7,木,レモン,50400,31525,352
2024,11,7,木,オレンジ,50600,39467,346
2024,11,7,木,キウイフルツ,50800,108682,587
2024,11,7,木,メロン,50850,3568,500
2024,11,8,金,みかん,40100,736404,388
2024,11,8,金,りんご計,42000,563871,479
2024,11,8,金,日本なし計,43000,41704,562
2024,11,8,金,かき計,43500,645305,380
2024,11,8,金,すもも,44700,72,864
2024,11,8,金,ぶどう計,45000,85842,1881
2024,11,8,金,くり,45700,4239,1311
2024,11,8,金,いちご,46100,12642,2764
2024,11,8,金,メロン計,47000,24822,903
2024,11,8,金,すいか,48100,12702,291
2024,11,8,金,キウイフルツ,49300,18949,535
2024,11,8,金,バナナ,50100,357695,236
2024,11,8,金,パイナップル,50300,65815,256
2024,11,8,金,レモン,50400,26476,349
2024,11,8,金,オレンジ,50600,19289,363
2024,11,8,金,キウイフルツ,50800,78797,661
2024,11,8,金,メロン,50850,1882,628
2024,11,9,土,みかん,40100,1018238,375
2024,11,9,土,りんご計,42000,600632,480
2024,11,9,土,日本なし計,43000,45245,492
2024,11,9,土,かき計,43500,766826,381
2024,11,9,土,すもも,44700,68,888
2024,11,9,土,ぶどう計,45000,103092,1786
2024,11,9,土,くり,45700,4433,1506
2024,11,9,土,いちご,46100,19085,2876
2024,11,9,土,メロン計,47000,40365,774
2024,11,9,土,すいか,48100,12484,346
2024,11,9,土,キウイフルツ,49300,14972,563
2024,11,9,土,バナナ,50100,565650,219
2024,11,9,土,パイナップル,50300,56510,258
2024,11,9,土,レモン,50400,24985,350
2024,11,9,土,オレンジ,50600,65483,318
2024,11,9,土,キウイフルツ,50800,69620,646
2024,11,9,土,メロン,50850,1890,543
2024,11,11,月,みかん,40100,1442320,375
2024,11,11,月,りんご計,42000,617891,497
2024,11,11,月,日本なし計,43000,17967,551
2024,11,11,月,かき計,43500,856822,377
2024,11,11,月,ぶどう計,45000,83138,1838
2024,11,11,月,くり,45700,2520,1479
2024,11,11,月,いちご,46100,24867,2767
2024,11,11,月,メロン計,47000,50500,798
2024,11,11,月,すいか,48100,25350,307
2024,11,11,月,キウイフルツ,49300,15656,596
2024,11,11,月,バナナ,50100,445894,234
2024,11,11,月,パイナップル,50300,46549,242
2024,11,11,月,レモン,50400,22565,358
2024,11,11,月,オレンジ,50600,34217,359
2024,11,11,月,キウイフルツ,50800,83207,610
2024,11,11,月,メロン,50850,2000,507
2024,11,12,火,みかん,40100,926296,375
2024,11,12,火,りんご計,42000,522212,511
2024,11,12,火,日本なし計,43000,30443,569
2024,11,12,火,かき計,43500,568467,366
2024,11,12,火,もも,44100,80,1607
2024,11,12,火,ぶどう計,45000,75036,1891
2024,11,12,火,くり,45700,1471,1631
2024,11,12,火,いちご,46100,23931,2768
2024,11,12,火,メロン計,47000,27491,838
2024,11,12,火,すいか,48100,11138,339
2024,11,12,火,キウイフルツ,49300,17781,580
2024,11,12,火,バナナ,50100,575670,198
2024,11,12,火,パイナップル,50300,57654,253
2024,11,12,火,レモン,50400,48294,285
2024,11,12,火,オレンジ,50600,25423,366
2024,11,12,火,キウイフルツ,50800,74906,649
2024,11,12,火,メロン,50850,1962,519
2024,11,14,木,みかん,40100,1688418,379
2024,11,14,木,りんご計,42000,764947,502
2024,11,14,木,日本なし計,43000,45192,490
2024,11,14,木,かき計,43500,792117,386
2024,11,14,木,もも,44100,738,2281
2024,11,14,木,ぶどう計,45000,95022,1856
2024,11,14,木,くり,45700,2501,1594
2024,11,14,木,いちご,46100,45998,2759
2024,11,14,木,メロン計,47000,43955,841
2024,11,14,木,すいか,48100,18936,328
2024,11,14,木,キウイフルツ,49300,20629,585
2024,11,14,木,バナナ,50100,393206,229
2024,11,14,木,パイナップル,50300,56600,255
2024,11,14,木,レモン,50400,22560,386
2024,11,14,木,オレンジ,50600,29345,345
2024,11,14,木,キウイフルツ,50800,44885,634
2024,11,14,木,メロン,50850,1758,519
2024,11,15,金,みかん,40100,994164,383
2024,11,15,金,りんご計,42000,597915,501
2024,11,15,金,日本なし計,43000,20783,565
2024,11,15,金,かき計,43500,485646,373
2024,11,15,金,ぶどう計,45000,59846,1970
2024,11,15,金,くり,45700,2898,1143
2024,11,15,金,いちご,46100,32816,2722
2024,11,15,金,メロン計,47000,25285,959
2024,11,15,金,すいか,48100,8505,368
2024,11,15,金,キウイフルツ,49300,12638,610
2024,11,15,金,バナナ,50100,494701,214
2024,11,15,金,パイナップル,50300,65423,242
2024,11,15,金,レモン,50400,20422,374
2024,11,15,金,オレンジ,50600,31007,357
2024,11,15,金,キウイフルツ,50800,68302,622
2024,11,15,金,メロン,50850,2205,468
2024,11,16,土,みかん,40100,1374062,381
2024,11,16,土,りんご計,42000,684717,509
2024,11,16,土,日本なし計,43000,29756,547
2024,11,16,土,かき計,43500,541512,388
2024,11,16,土,もも,44100,588,3040
2024,11,16,土,ぶどう計,45000,74919,1844
2024,11,16,土,くり,45700,2090,1272
2024,11,16,土,いちご,46100,53090,2696
2024,11,16,土,メロン計,47000,43403,834
2024,11,16,土,すいか,48100,15650,319
2024,11,16,土,キウイフルツ,49300,23471,584
2024,11,16,土,バナナ,50100,453575,217
2024,11,16,土,パイナップル,50300,66935,237
2024,11,16,土,レモン,50400,29474,357
2024,11,16,土,オレンジ,50600,25244,345
2024,11,16,土,キウイフルツ,50800,53971,626
2024,11,16,土,メロン,50850,2446,543
2024,11,18,月,みかん,40100,1899861,383
2024,11,18,月,りんご計,42000,728474,509
2024,11,18,月,日本なし計,43000,23145,512
2024,11,18,月,かき計,43500,520003,391
2024,11,18,月,ぶどう計,45000,64112,1832
2024,11,18,月,くり,45700,155,1329
2024,11,18,月,いちご,46100,65705,2530
2024,11,18,月,メロン計,47000,35715,973
2024,11,18,月,すいか,48100,12287,327
2024,11,18,月,キウイフルツ,49300,8403,447
2024,11,18,月,バナナ,50100,429472,217
2024,11,18,月,パイナップル,50300,61754,238
2024,11,18,月,レモン,50400,24504,350
2024,11,18,月,オレンジ,50600,26986,342
2024,11,18,月,キウイフルツ,50800,77313,611
2024,11,18,月,メロン,50850,3249,431
2024,11,19,火,みかん,40100,1446909,378
2024,11,19,火,りんご計,42000,684272,508
2024,11,19,火,日本なし計,43000,9337,466
2024,11,19,火,かき計,43500,435964,400
2024,11,19,火,もも,44100,419,3303
2024,11,19,火,ぶどう計,45000,55505,1998
2024,11,19,火,くり,45700,1231,1176
2024,11,19,火,いちご,46100,65808,2575
2024,11,19,火,メロン計,47000,32154,988
2024,11,19,火,すいか,48100,8053,304
2024,11,19,火,キウイフルツ,49300,12988,479
2024,11,19,火,バナナ,50100,367007,195
2024,11,19,火,パイナップル,50300,50634,245
2024,11,19,火,レモン,50400,47831,285
2024,11,19,火,オレンジ,50600,26803,366
2024,11,19,火,キウイフルツ,50800,43685,644
2024,11,19,火,メロン,50850,1035,538
2024,11,20,水,みかん,40100,2625,460
2024,11,20,水,りんご計,42000,4721,494
2024,11,20,水,日本なし計,43000,220,627
2024,11,20,水,かき計,43500,30563,367
2024,11,20,水,ぶどう計,45000,705,1769
2024,11,20,水,いちご,46100,52,2368
2024,11,20,水,キウイフルツ,49300,360,559
2024,11,20,水,バナナ,50100,15516,268
2024,11,20,水,パイナップル,50300,450,338
2024,11,20,水,レモン,50400,60,711
2024,11,20,水,オレンジ,50600,850,299
2024,11,20,水,キウイフルツ,50800,1014,503
2024,11,21,木,みかん,40100,2526738,381
2024,11,21,木,りんご計,42000,858559,514
2024,11,21,木,日本なし計,43000,15747,548
2024,11,21,木,かき計,43500,695094,369
2024,11,21,木,もも,44100,751,2719
2024,11,21,木,ぶどう計,45000,76391,1902
2024,11,21,木,くり,45700,725,1048
2024,11,21,木,いちご,46100,107655,2486
2024,11,21,木,メロン計,47000,47015,963
2024,11,21,木,すいか,48100,17535,296
2024,11,21,木,キウイフルツ,49300,20801,651
2024,11,21,木,バナナ,50100,441107,213
2024,11,21,木,パイナップル,50300,47942,252
2024,11,21,木,レモン,50400,33560,347
2024,11,21,木,オレンジ,50600,28500,365
2024,11,21,木,キウイフルツ,50800,72449,590
2024,11,21,木,メロン,50850,1797,555
2024,11,22,金,みかん,40100,1824840,377
2024,11,22,金,りんご計,42000,873330,499
2024,11,22,金,日本なし計,43000,12000,655
2024,11,22,金,かき計,43500,478118,387
2024,11,22,金,もも,44100,66,4811
2024,11,22,金,ぶどう計,45000,53684,2054
2024,11,22,金,くり,45700,6,1080
2024,11,22,金,いちご,46100,59442,2433
2024,11,22,金,メロン計,47000,32809,1048
2024,11,22,金,すいか,48100,7055,362
2024,11,22,金,キウイフルツ,49300,19006,558
2024,11,22,金,バナナ,50100,531575,204
2024,11,22,金,パイナップル,50300,80141,242
2024,11,22,金,レモン,50400,36566,347
2024,11,22,金,オレンジ,50600,35054,355
2024,11,22,金,キウイフルツ,50800,86057,656
2024,11,22,金,メロン,50850,2525,522
2024,11,25,月,みかん,40100,2569942,387
2024,11,25,月,りんご計,42000,957743,496
2024,11,25,月,日本なし計,43000,18569,472
2024,11,25,月,かき計,43500,799471,368
2024,11,25,月,ぶどう計,45000,65937,1909
2024,11,25,月,くり,45700,475,848
2024,11,25,月,いちご,46100,162430,2363
2024,11,25,月,メロン計,47000,57432,945
2024,11,25,月,すいか,48100,20427,321
2024,11,25,月,キウイフルツ,49300,28662,474
2024,11,25,月,バナナ,50100,620805,224
2024,11,25,月,パイナップル,50300,81541,255
2024,11,25,月,レモン,50400,22949,387
2024,11,25,月,オレンジ,50600,58701,326
2024,11,25,月,おうとう,50700,50,3240
2024,11,25,月,キウイフルツ,50800,78508,628
2024,11,25,月,メロン,50850,3501,525
2024,11,26,火,みかん,40100,1615670,373
2024,11,26,火,りんご計,42000,714074,488
2024,11,26,火,日本なし計,43000,12045,487
2024,11,26,火,かき計,43500,518111,377
2024,11,26,火,もも,44100,530,3304
2024,11,26,火,ぶどう計,45000,46070,2037
2024,11,26,火,くり,45700,355,1527
2024,11,26,火,いちご,46100,80809,2381
2024,11,26,火,メロン計,47000,30374,1140
2024,11,26,火,すいか,48100,8039,313
2024,11,26,火,キウイフルツ,49300,42158,743
2024,11,26,火,バナナ,50100,705730,195
2024,11,26,火,パイナップル,50300,46569,250
2024,11,26,火,レモン,50400,38460,304
2024,11,26,火,オレンジ,50600,27497,355
2024,11,26,火,おうとう,50700,15,3456
2024,11,26,火,キウイフルツ,50800,56231,632
2024,11,26,火,メロン,50850,1884,560
2024,11,28,木,みかん,40100,2481873,381
2024,11,28,木,りんご計,42000,961312,489
2024,11,28,木,日本なし計,43000,8287,567
2024,11,28,木,かき計,43500,612552,369
2024,11,28,木,もも,44100,607,2885
2024,11,28,木,ぶどう計,45000,54061,1990
2024,11,28,木,くり,45700,360,1079
2024,11,28,木,いちご,46100,139833,2378
2024,11,28,木,メロン計,47000,43057,1095
2024,11,28,木,すいか,48100,12560,336
2024,11,28,木,キウイフルツ,49300,20328,634
2024,11,28,木,バナナ,50100,455452,221
2024,11,28,木,パイナップル,50300,65693,248
2024,11,28,木,レモン,50400,29980,365
2024,11,28,木,オレンジ,50600,28731,349
2024,11,28,木,おうとう,50700,25,3672
2024,11,28,木,キウイフルツ,50800,61935,605
2024,11,28,木,メロン,50850,4959,457
2024,11,29,金,みかん,40100,1494908,367
2024,11,29,金,りんご計,42000,661219,481
2024,11,29,金,日本なし計,43000,14823,477
2024,11,29,金,かき計,43500,254384,376
2024,11,29,金,もも,44100,16,3449
2024,11,29,金,ぶどう計,45000,39144,2087
2024,11,29,金,くり,45700,100,279
2024,11,29,金,いちご,46100,82049,2384
2024,11,29,金,メロン計,47000,30950,1157
2024,11,29,金,すいか,48100,19284,295
2024,11,29,金,キウイフルツ,49300,7819,866
2024,11,29,金,バナナ,50100,637362,199
2024,11,29,金,パイナップル,50300,55300,247
2024,11,29,金,レモン,50400,26182,337
2024,11,29,金,オレンジ,50600,25291,351
2024,11,29,金,キウイフルツ,50800,136333,556
2024,11,29,金,メロン,50850,1681,495
2024,11,30,土,みかん,40100,1888657,375
2024,11,30,土,はっさく,41321,4740,304
2024,11,30,土,りんご計,42000,714796,497
2024,11,30,土,日本なし計,43000,19899,554
2024,11,30,土,かき計,43500,553936,361
2024,11,30,土,もも,44100,887,2870
2024,11,30,土,ぶどう計,45000,42129,2070
2024,11,30,土,くり,45700,240,1022
2024,11,30,土,いちご,46100,100126,2417
2024,11,30,土,メロン計,47000,40444,1147
2024,11,30,土,すいか,48100,5125,291
2024,11,30,土,キウイフルツ,49300,11719,606
2024,11,30,土,バナナ,50100,471459,215
2024,11,30,土,パイナップル,50300,78207,252
2024,11,30,土,レモン,50400,36468,320
2024,11,30,土,オレンジ,50600,26764,341
2024,11,30,土,おうとう,50700,50,3240
2024,11,30,土,キウイフルツ,50800,73669,625
2024,11,30,土,メロン,50850,4374,497
2024,12,2,月,みかん,40100,2108963,380
2024,12,2,月,りんご計,42000,770366,493
2024,12,2,月,日本なし計,43000,4454,588
2024,12,2,月,かき計,43500,424829,368
2024,12,2,月,もも,44100,7,3950
2024,12,2,月,ぶどう計,45000,41654,2042
2024,12,2,月,いちご,46100,156983,2431
2024,12,2,月,メロン計,47000,53433,1191
2024,12,2,月,すいか,48100,7506,273
2024,12,2,月,キウイフルツ,49300,37435,909
2024,12,2,月,バナナ,50100,371239,213
2024,12,2,月,パイナップル,50300,40270,238
2024,12,2,月,レモン,50400,23276,310
2024,12,2,月,オレンジ,50600,29186,341
2024,12,2,月,おうとう,50700,5,3348
2024,12,2,月,キウイフルツ,50800,36890,579
2024,12,2,月,メロン,50850,2686,510
2024,12,3,火,みかん,40100,1337401,372
2024,12,3,火,はっさく,41321,3360,312
2024,12,3,火,りんご計,42000,616029,474
2024,12,3,火,日本なし計,43000,3030,684
2024,12,3,火,かき計,43500,389397,377
2024,12,3,火,もも,44100,691,3143
2024,12,3,火,ぶどう計,45000,38844,2248
2024,12,3,火,くり,45700,148,3189
2024,12,3,火,いちご,46100,109953,2459
2024,12,3,火,メロン計,47000,32861,1321
2024,12,3,火,すいか,48100,4921,288
2024,12,3,火,キウイフルツ,49300,13187,551
2024,12,3,火,バナナ,50100,432259,187
2024,12,3,火,パイナップル,50300,49029,236
2024,12,3,火,レモン,50400,19541,345
2024,12,3,火,オレンジ,50600,26196,354
2024,12,3,火,おうとう,50700,15,3456
2024,12,3,火,キウイフルツ,50800,61236,552
2024,12,3,火,メロン,50850,3911,422
2024,12,5,木,みかん,40100,2335245,393
2024,12,5,木,はっさく,41321,3340,305
2024,12,5,木,りんご計,42000,769178,492
2024,12,5,木,日本なし計,43000,6133,648
2024,12,5,木,かき計,43500,587730,375
2024,12,5,木,もも,44100,660,2723
2024,12,5,木,ぶどう計,45000,51503,2108
2024,12,5,木,くり,45700,190,847
2024,12,5,木,いちご,46100,204922,2448
2024,12,5,木,メロン計,47000,56050,1149
2024,12,5,木,すいか,48100,4734,323
2024,12,5,木,キウイフルツ,49300,26752,683
2024,12,5,木,バナナ,50100,434712,217
2024,12,5,木,パイナップル,50300,74482,246
2024,12,5,木,レモン,50400,30166,336
2024,12,5,木,オレンジ,50600,64366,305
2024,12,5,木,キウイフルツ,50800,86653,527
2024,12,5,木,メロン,50850,2068,502
2024,12,6,金,みかん,40100,1263017,395
2024,12,6,金,はっさく,41321,3500,256
2024,12,6,金,りんご計,42000,655423,508
2024,12,6,金,日本なし計,43000,16603,600
2024,12,6,金,かき計,43500,317604,392
2024,12,6,金,もも,44100,554,1955
2024,12,6,金,ぶどう計,45000,34730,2287
2024,12,6,金,くり,45700,102,4320
2024,12,6,金,いちご,46100,121955,2465
2024,12,6,金,メロン計,47000,40832,1101
2024,12,6,金,すいか,48100,4752,325
2024,12,6,金,キウイフルツ,49300,32696,732
2024,12,6,金,バナナ,50100,354086,182
2024,12,6,金,パイナップル,50300,56902,245
2024,12,6,金,レモン,50400,20309,328
2024,12,6,金,オレンジ,50600,29700,345
2024,12,6,金,キウイフルツ,50800,43970,561
2024,12,6,金,メロン,50850,3849,461
2024,12,7,土,みかん,40100,1582276,400
2024,12,7,土,はっさく,41321,13070,303
2024,12,7,土,りんご計,42000,578554,507
2024,12,7,土,日本なし計,43000,13735,568
2024,12,7,土,かき計,43500,375409,378
2024,12,7,土,もも,44100,560,2927
2024,12,7,土,ぶどう計,45000,45634,2200
2024,12,7,土,くり,45700,150,979
2024,12,7,土,いちご,46100,144715,2485
2024,12,7,土,メロン計,47000,44252,1137
2024,12,7,土,すいか,48100,1490,736
2024,12,7,土,キウイフルツ,49300,21016,725
2024,12,7,土,バナナ,50100,496922,218
2024,12,7,土,パイナップル,50300,89145,256
2024,12,7,土,レモン,50400,27377,354
2024,12,7,土,オレンジ,50600,33752,348
2024,12,7,土,おうとう,50700,50,1741
2024,12,7,土,キウイフルツ,50800,58338,599
2024,12,7,土,メロン,50850,3866,536
2024,12,9,月,みかん,40100,2002846,405
2024,12,9,月,はっさく,41321,8777,298
2024,12,9,月,りんご計,42000,626454,505
2024,12,9,月,日本なし計,43000,9634,544
2024,12,9,月,かき計,43500,389116,363
2024,12,9,月,もも,44100,16,3679
2024,12,9,月,ぶどう計,45000,45642,2187
2024,12,9,月,いちご,46100,201171,2465
2024,12,9,月,メロン計,47000,58289,1180
2024,12,9,月,すいか,48100,3280,463
2024,12,9,月,キウイフルツ,49300,44853,610
2024,12,9,月,バナナ,50100,431174,223
2024,12,9,月,パイナップル,50300,35531,253
2024,12,9,月,レモン,50400,30718,317
2024,12,9,月,オレンジ,50600,24126,349
2024,12,9,月,おうとう,50700,250,1785
2024,12,9,月,キウイフルツ,50800,43113,539
2024,12,9,月,メロン,50850,1603,526
2024,12,10,火,みかん,40100,1397117,388
2024,12,10,火,はっさく,41321,21330,305
2024,12,10,火,りんご計,42000,544173,492
2024,12,10,火,日本なし計,43000,8311,523
2024,12,10,火,かき計,43500,292719,376
2024,12,10,火,もも,44100,695,2215
2024,12,10,火,ぶどう計,45000,41982,2435
2024,12,10,火,くり,45700,141,3723
2024,12,10,火,いちご,46100,132919,2503
2024,12,10,火,メロン計,47000,29205,1327
2024,12,10,火,すいか,48100,4365,432
2024,12,10,火,キウイフルツ,49300,56849,863
2024,12,10,火,バナナ,50100,567047,184
2024,12,10,火,パイナップル,50300,52321,240
2024,12,10,火,レモン,50400,29189,305
2024,12,10,火,オレンジ,50600,30765,338
2024,12,10,火,おうとう,50700,25,3456
2024,12,10,火,キウイフルツ,50800,38639,494
2024,12,10,火,メロン,50850,2726,449
2024,12,12,木,みかん,40100,2111980,409
2024,12,12,木,はっさく,41321,11818,303
2024,12,12,木,りんご計,42000,782618,515
2024,12,12,木,日本なし計,43000,5151,435
2024,12,12,木,かき計,43500,408392,365
2024,12,12,木,もも,44100,868,3203
2024,12,12,木,ぶどう計,45000,56646,2265
2024,12,12,木,くり,45700,170,966
2024,12,12,木,いちご,46100,242622,2524
2024,12,12,木,メロン計,47000,60025,1155
2024,12,12,木,すいか,48100,10188,357
2024,12,12,木,キウイフルツ,49300,44020,687
2024,12,12,木,バナナ,50100,361724,221
2024,12,12,木,パイナップル,50300,78667,232
2024,12,12,木,レモン,50400,28306,333
2024,12,12,木,オレンジ,50600,28465,340
2024,12,12,木,キウイフルツ,50800,50470,549
2024,12,12,木,メロン,50850,2951,483
2024,12,13,金,みかん,40100,1376414,410
2024,12,13,金,はっさく,41321,2974,300
2024,12,13,金,りんご計,42000,605141,505
2024,12,13,金,日本なし計,43000,9569,606
2024,12,13,金,かき計,43500,156271,375
2024,12,13,金,もも,44100,307,2731
2024,12,13,金,ぶどう計,45000,45618,2356
2024,12,13,金,くり,45700,102,4272
2024,12,13,金,いちご,46100,133132,2585
2024,12,13,金,メロン計,47000,38415,1242
2024,12,13,金,すいか,48100,4054,481
2024,12,13,金,キウイフルツ,49300,51289,696
2024,12,13,金,バナナ,50100,582915,203
2024,12,13,金,パイナップル,50300,57695,242
2024,12,13,金,レモン,50400,30815,312
2024,12,13,金,オレンジ,50600,14201,380
2024,12,13,金,おうとう,50700,110,3157
2024,12,13,金,キウイフルツ,50800,33239,513
2024,12,13,金,メロン,50850,4500,381
2024,12,14,土,みかん,40100,1468583,419
2024,12,14,土,はっさく,41321,22090,301
2024,12,14,土,りんご計,42000,584892,504
2024,12,14,土,日本なし計,43000,12453,510
2024,12,14,土,かき計,43500,203864,343
2024,12,14,土,もも,44100,348,3328
2024,12,14,土,ぶどう計,45000,53159,2333
2024,12,14,土,くり,45700,152,1036
2024,12,14,土,いちご,46100,152812,2643
2024,12,14,土,メロン計,47000,31408,1477
2024,12,14,土,すいか,48100,9979,375
2024,12,14,土,キウイフルツ,49300,21804,784
2024,12,14,土,バナナ,50100,561757,200
2024,12,14,土,パイナップル,50300,76960,240
2024,12,14,土,レモン,50400,33685,326
2024,12,14,土,オレンジ,50600,29413,342
2024,12,14,土,おうとう,50700,95,3291
2024,12,14,土,キウイフルツ,50800,40380,542
2024,12,14,土,メロン,50850,5548,416
2024,12,16,月,みかん,40100,2025494,436
2024,12,16,月,はっさく,41321,9027,293
2024,12,16,月,りんご計,42000,662964,522
2024,12,16,月,日本なし計,43000,11415,607
2024,12,16,月,かき計,43500,139588,421
2024,12,16,月,もも,44100,2,3456
2024,12,16,月,ぶどう計,45000,52008,2290
2024,12,16,月,いちご,46100,233693,2741
2024,12,16,月,メロン計,47000,64336,1249
2024,12,16,月,すいか,48100,6908,400
2024,12,16,月,キウイフルツ,49300,33248,730
2024,12,16,月,バナナ,50100,423704,219
2024,12,16,月,パイナップル,50300,41946,244
2024,12,16,月,レモン,50400,30070,320
2024,12,16,月,オレンジ,50600,56126,303
2024,12,16,月,おうとう,50700,15,3132
2024,12,16,月,キウイフルツ,50800,41471,557
2024,12,16,月,メロン,50850,1510,463
2024,12,17,火,みかん,40100,1398428,422
2024,12,17,火,はっさく,41321,35255,290
2024,12,17,火,りんご計,42000,531565,502
2024,12,17,火,日本なし計,43000,3744,652
2024,12,17,火,かき計,43500,180975,348
2024,12,17,火,もも,44100,149,2270
2024,12,17,火,ぶどう計,45000,45139,2441
2024,12,17,火,くり,45700,124,2862
2024,12,17,火,いちご,46100,147823,2963
2024,12,17,火,メロン計,47000,38752,1447
2024,12,17,火,すいか,48100,1867,551
2024,12,17,火,キウイフルツ,49300,40479,721
2024,12,17,火,バナナ,50100,338205,188
2024,12,17,火,パイナップル,50300,64488,240
2024,12,17,火,レモン,50400,36827,291
2024,12,17,火,オレンジ,50600,25851,349
2024,12,17,火,おうとう,50700,50,3240
2024,12,17,火,キウイフルツ,50800,32603,370
2024,12,17,火,メロン,50850,2164,452
2024,12,19,木,みかん,40100,2476730,439
2024,12,19,木,はっさく,41321,9180,298
2024,12,19,木,りんご計,42000,757939,500
2024,12,19,木,日本なし計,43000,2151,435
2024,12,19,木,かき計,43500,167817,479
2024,12,19,木,もも,44100,209,2320
2024,12,19,木,ぶどう計,45000,59847,2376
2024,12,19,木,くり,45700,122,1069
2024,12,19,木,いちご,46100,279466,3153
2024,12,19,木,メロン計,47000,72270,1248
2024,12,19,木,すいか,48100,10165,391
2024,12,19,木,キウイフルツ,49300,77408,713
2024,12,19,木,バナナ,50100,361729,222
2024,12,19,木,パイナップル,50300,73959,229
2024,12,19,木,レモン,50400,26289,340
2024,12,19,木,オレンジ,50600,23382,346
2024,12,19,木,おうとう,50700,10,2430
2024,12,19,木,キウイフルツ,50800,37892,543
2024,12,19,木,メロン,50850,3972,502
2024,12,20,金,みかん,40100,1779370,433
2024,12,20,金,はっさく,41321,5478,324
2024,12,20,金,りんご計,42000,586875,510
2024,12,20,金,日本なし計,43000,7410,502
2024,12,20,金,かき計,43500,76674,440
2024,12,20,金,ぶどう計,45000,44861,2458
2024,12,20,金,くり,45700,98,4221
2024,12,20,金,いちご,46100,162479,3360
2024,12,20,金,メロン計,47000,39891,1410
2024,12,20,金,すいか,48100,9580,420
2024,12,20,金,キウイフルツ,49300,61875,730
2024,12,20,金,バナナ,50100,421999,194
2024,12,20,金,パイナップル,50300,57335,247
2024,12,20,金,レモン,50400,52600,283
2024,12,20,金,オレンジ,50600,50707,341
2024,12,20,金,おうとう,50700,135,3036
2024,12,20,金,キウイフルツ,50800,38875,488
2024,12,20,金,メロン,50850,4549,475
2024,12,21,土,みかん,40100,2016063,457
2024,12,21,土,はっさく,41321,26730,295
2024,12,21,土,りんご計,42000,652080,496
2024,12,21,土,日本なし計,43000,6835,444
2024,12,21,土,かき計,43500,88470,519
2024,12,21,土,もも,44100,100,1893
2024,12,21,土,ぶどう計,45000,54378,2417
2024,12,21,土,くり,45700,30,1404
2024,12,21,土,いちご,46100,186101,3551
2024,12,21,土,メロン計,47000,41631,1388
2024,12,21,土,すいか,48100,3684,491
2024,12,21,土,キウイフルツ,49300,23624,651
2024,12,21,土,バナナ,50100,459905,207
2024,12,21,土,パイナップル,50300,97906,235
2024,12,21,土,レモン,50400,34256,332
2024,12,21,土,オレンジ,50600,23908,354
2024,12,21,土,おうとう,50700,157,2655
2024,12,21,土,キウイフルツ,50800,55205,356
2024,12,21,土,メロン,50850,4021,537
2024,12,23,月,みかん,40100,3225234,453
2024,12,23,月,はっさく,41321,14129,300
2024,12,23,月,りんご計,42000,722526,519
2024,12,23,月,日本なし計,43000,2179,499
2024,12,23,月,かき計,43500,106702,499
2024,12,23,月,ぶどう計,45000,46070,2375
2024,12,23,月,いちご,46100,254563,3292
2024,12,23,月,メロン計,47000,56446,1419
2024,12,23,月,すいか,48100,10326,360
2024,12,23,月,キウイフルツ,49300,58632,726
2024,12,23,月,バナナ,50100,442515,212
2024,12,23,月,パイナップル,50300,80447,226
2024,12,23,月,レモン,50400,34059,330
2024,12,23,月,オレンジ,50600,26071,339
2024,12,23,月,おうとう,50700,223,2250
2024,12,23,月,キウイフルツ,50800,25418,514
2024,12,23,月,メロン,50850,3009,503
2024,12,24,火,みかん,40100,2207476,464
2024,12,24,火,はっさく,41321,18270,298
2024,12,24,火,りんご計,42000,534460,522
2024,12,24,火,日本なし計,43000,1166,565
2024,12,24,火,かき計,43500,113972,504
2024,12,24,火,ぶどう計,45000,40833,2443
2024,12,24,火,いちご,46100,150476,3244
2024,12,24,火,メロン計,47000,32351,1654
2024,12,24,火,すいか,48100,2628,606
2024,12,24,火,キウイフルツ,49300,47119,738
2024,12,24,火,バナナ,50100,491090,193
2024,12,24,火,パイナップル,50300,93208,231
2024,12,24,火,レモン,50400,30724,312
2024,12,24,火,オレンジ,50600,31109,358
2024,12,24,火,おうとう,50700,165,3037
2024,12,24,火,キウイフルツ,50800,38153,615
2024,12,24,火,メロン,50850,2692,492
2024,12,26,木,みかん,40100,3601024,450
2024,12,26,木,はっさく,41321,6215,327
2024,12,26,木,りんご計,42000,745505,538
2024,12,26,木,日本なし計,43000,3976,432
2024,12,26,木,かき計,43500,176043,497
2024,12,26,木,ぶどう計,45000,50228,2357
2024,12,26,木,いちご,46100,258194,2977
2024,12,26,木,メロン計,47000,52096,1665
2024,12,26,木,すいか,48100,4795,486
2024,12,26,木,キウイフルツ,49300,84172,706
2024,12,26,木,バナナ,50100,426977,216
2024,12,26,木,パイナップル,50300,103788,224
2024,12,26,木,レモン,50400,53942,339
2024,12,26,木,オレンジ,50600,34789,346
2024,12,26,木,おうとう,50700,10,3024
2024,12,26,木,キウイフルツ,50800,21285,482
2024,12,26,木,メロン,50850,7529,557
2024,12,27,金,みかん,40100,2042718,452
2024,12,27,金,はっさく,41321,26965,289
2024,12,27,金,りんご計,42000,506438,518
2024,12,27,金,日本なし計,43000,146,593
2024,12,27,金,かき計,43500,63355,514
2024,12,27,金,ぶどう計,45000,27412,2520
2024,12,27,金,いちご,46100,153099,3128
2024,12,27,金,メロン計,47000,35327,1837
2024,12,27,金,すいか,48100,4727,497
2024,12,27,金,キウイフルツ,49300,49669,670
2024,12,27,金,バナナ,50100,600173,200
2024,12,27,金,パイナップル,50300,57775,257
2024,12,27,金,レモン,50400,36128,380
2024,12,27,金,オレンジ,50600,31936,363
2024,12,27,金,おうとう,50700,110,3314
2024,12,27,金,キウイフルツ,50800,51435,409
2024,12,27,金,メロン,50850,2719,433
2024,12,28,土,みかん,40100,2279108,450
2024,12,28,土,はっさく,41321,4275,316
2024,12,28,土,りんご計,42000,366468,537
2024,12,28,土,日本なし計,43000,3985,555
2024,12,28,土,かき計,43500,104128,540
2024,12,28,土,ぶどう計,45000,32278,2554
2024,12,28,土,いちご,46100,167363,3160
2024,12,28,土,メロン計,47000,33748,1738
2024,12,28,土,すいか,48100,1742,757
2024,12,28,土,キウイフルツ,49300,23221,749
2024,12,28,土,バナナ,50100,334751,190
2024,12,28,土,パイナップル,50300,103824,251
2024,12,28,土,レモン,50400,40513,348
2024,12,28,土,オレンジ,50600,41489,338
2024,12,28,土,おうとう,50700,50,3030
2024,12,28,土,キウイフルツ,50800,24628,513
2024,12,28,土,メロン,50850,12480,440
2024,12,29,日,みかん,40100,1473921,442
2024,12,29,日,はっさく,41321,1721,346
2024,12,29,日,りんご計,42000,191771,499
2024,12,29,日,日本なし計,43000,380,487
2024,12,29,日,かき計,43500,52115,533
2024,12,29,日,ぶどう計,45000,13517,2430
2024,12,29,日,いちご,46100,162211,3136
2024,12,29,日,メロン計,47000,15668,1771
2024,12,29,日,すいか,48100,6381,378
2024,12,29,日,キウイフルツ,49300,9273,853
2024,12,29,日,バナナ,50100,401273,211
2024,12,29,日,パイナップル,50300,64880,244
2024,12,29,日,レモン,50400,47485,352
2024,12,29,日,オレンジ,50600,29869,369
2024,12,29,日,おうとう,50700,90,3096
2024,12,29,日,キウイフルツ,50800,23536,526
2024,12,29,日,メロン,50850,5631,440
2024,12,30,月,みかん,40100,46060,419
2024,12,30,月,りんご計,42000,8825,593
2024,12,30,月,日本なし計,43000,240,752
2024,12,30,月,かき計,43500,3593,513
2024,12,30,月,ぶどう計,45000,53,2613
2024,12,30,月,いちご,46100,45422,3834
2024,12,30,月,メロン計,47000,389,1072
2024,12,30,月,キウイフルツ,49300,3942,972
2024,12,30,月,バナナ,50100,150116,231
2024,12,30,月,パイナップル,50300,25758,246
2024,12,30,月,レモン,50400,8954,476
2024,12,30,月,オレンジ,50600,5449,367
2024,12,30,月,キウイフルツ,50800,7813,499
2024,12,30,月,メロン,50850,2290,503
2025,1,5,日,みかん,40100,788206,459
2025,1,5,日,はっさく,41321,6672,262
2025,1,5,日,りんご計,42000,291829,491
2025,1,5,日,かき計,43500,44886,467
2025,1,5,日,おうとう,44800,52,70844
2025,1,5,日,ぶどう計,45000,8000,1806
2025,1,5,日,いちご,46100,915005,2514
2025,1,5,日,メロン計,47000,23674,1604
2025,1,5,日,すいか,48100,630,765
2025,1,5,日,キウイフルツ,49300,17658,750
2025,1,5,日,バナナ,50100,641874,231
2025,1,5,日,パイナップル,50300,106313,226
2025,1,5,日,レモン,50400,21367,394
2025,1,5,日,オレンジ,50600,64331,319
2025,1,5,日,キウイフルツ,50800,23487,414
2025,1,5,日,メロン,50850,735,445
2025,1,6,月,みかん,40100,700014,469
2025,1,6,月,はっさく,41321,13850,295
2025,1,6,月,りんご計,42000,410143,538
2025,1,6,月,日本なし計,43000,285,324
2025,1,6,月,かき計,43500,10361,495
2025,1,6,月,ぶどう計,45000,3270,1448
2025,1,6,月,いちご,46100,237828,2196
2025,1,6,月,メロン計,47000,25278,1421
2025,1,6,月,すいか,48100,6460,333
2025,1,6,月,キウイフルツ,49300,6791,698
2025,1,6,月,バナナ,50100,287279,207
2025,1,6,月,パイナップル,50300,12852,279
2025,1,6,月,レモン,50400,15477,383
2025,1,6,月,オレンジ,50600,24099,347
2025,1,6,月,おうとう,50700,15,2916
2025,1,6,月,キウイフルツ,50800,7972,540
2025,1,6,月,メロン,50850,690,489
2025,1,7,火,みかん,40100,848575,475
2025,1,7,火,はっさく,41321,28969,301
2025,1,7,火,りんご計,42000,365372,556
2025,1,7,火,かき計,43500,29989,550
2025,1,7,火,おうとう,44800,1,32400
2025,1,7,火,ぶどう計,45000,12794,2563
2025,1,7,火,いちご,46100,217286,2223
2025,1,7,火,メロン計,47000,23708,1319
2025,1,7,火,すいか,48100,1259,598
2025,1,7,火,キウイフルツ,49300,17724,784
2025,1,7,火,バナナ,50100,384629,177
2025,1,7,火,パイナップル,50300,58480,250
2025,1,7,火,レモン,50400,45057,227
2025,1,7,火,オレンジ,50600,25057,359
2025,1,7,火,おうとう,50700,10,2916
2025,1,7,火,キウイフルツ,50800,26858,424
2025,1,7,火,メロン,50850,936,512
2025,1,9,木,みかん,40100,1289597,471
2025,1,9,木,はっさく,41321,45998,309
2025,1,9,木,りんご計,42000,610792,516
2025,1,9,木,日本なし計,43000,2377,422
2025,1,9,木,かき計,43500,64166,570
2025,1,9,木,ぶどう計,45000,21527,2587
2025,1,9,木,いちご,46100,313353,2180
2025,1,9,木,メロン計,47000,40909,1258
2025,1,9,木,すいか,48100,5405,303
2025,1,9,木,キウイフルツ,49300,46149,705
2025,1,9,木,バナナ,50100,534387,220
2025,1,9,木,パイナップル,50300,61360,249
2025,1,9,木,レモン,50400,47821,347
2025,1,9,木,オレンジ,50600,25347,387
2025,1,9,木,おうとう,50700,50,2233
2025,1,9,木,キウイフルツ,50800,27330,434
2025,1,9,木,メロン,50850,6229,552
2025,1,10,金,みかん,40100,1034425,446
2025,1,10,金,はっさく,41321,7815,318
2025,1,10,金,りんご計,42000,578698,533
2025,1,10,金,日本なし計,43000,65,648
2025,1,10,金,かき計,43500,13702,527
2025,1,10,金,おうとう,44800,1,59400
2025,1,10,金,ぶどう計,45000,19628,2695
2025,1,10,金,いちご,46100,171977,2185
2025,1,10,金,メロン計,47000,25032,1405
2025,1,10,金,すいか,48100,541,924
2025,1,10,金,キウイフルツ,49300,45789,697
2025,1,10,金,バナナ,50100,477970,208
2025,1,10,金,パイナップル,50300,51046,262
2025,1,10,金,レモン,50400,49966,279
2025,1,10,金,オレンジ,50600,28687,362
2025,1,10,金,おうとう,50700,165,1414
2025,1,10,金,キウイフルツ,50800,14205,519
2025,1,10,金,メロン,50850,1269,326
2025,1,11,土,みかん,40100,988727,464
2025,1,11,土,はっさく,41321,57537,321
2025,1,11,土,りんご計,42000,527931,513
2025,1,11,土,日本なし計,43000,1796,443
2025,1,11,土,かき計,43500,71186,561
2025,1,11,土,ぶどう計,45000,20048,2635
2025,1,11,土,いちご,46100,211219,2159
2025,1,11,土,メロン計,47000,33018,1352
2025,1,11,土,すいか,48100,1045,763
2025,1,11,土,キウイフルツ,49300,43935,687
2025,1,11,土,バナナ,50100,559511,207
2025,1,11,土,パイナップル,50300,107683,256
2025,1,11,土,レモン,50400,40409,355
2025,1,11,土,オレンジ,50600,49385,318
2025,1,11,土,おうとう,50700,111,2867
2025,1,11,土,キウイフルツ,50800,25901,489
2025,1,11,土,メロン,50850,4076,518
2025,1,13,月,みかん,40100,6265,302
2025,1,13,月,りんご計,42000,550,699
2025,1,13,月,かき計,43500,115,449
2025,1,13,月,いちご,46100,233,2422
2025,1,13,月,キウイフルツ,49300,448,776
2025,1,13,月,バナナ,50100,6544,272
2025,1,13,月,パイナップル,50300,1610,298
2025,1,13,月,レモン,50400,790,602
2025,1,13,月,オレンジ,50600,1292,400
2025,1,13,月,キウイフルツ,50800,194,747
2025,1,13,月,メロン,50850,117,548
2025,1,14,火,みかん,40100,1515389,474
2025,1,14,火,はっさく,41321,81509,316
2025,1,14,火,りんご計,42000,650420,511
2025,1,14,火,日本なし計,43000,7480,476
2025,1,14,火,かき計,43500,78911,568
2025,1,14,火,ぶどう計,45000,19194,2499
2025,1,14,火,くり,45700,18,1272
2025,1,14,火,いちご,46100,486810,2122
2025,1,14,火,メロン計,47000,54630,1155
2025,1,14,火,すいか,48100,2847,504
2025,1,14,火,キウイフルツ,49300,121570,711
2025,1,14,火,バナナ,50100,604180,223
2025,1,14,火,パイナップル,50300,63196,250
2025,1,14,火,レモン,50400,21899,465
2025,1,14,火,オレンジ,50600,32826,352
2025,1,14,火,おうとう,50700,65,2733
2025,1,14,火,キウイフルツ,50800,16008,467
2025,1,14,火,メロン,50850,4331,513
2025,1,16,木,みかん,40100,1327364,478
2025,1,16,木,はっさく,41321,51448,332
2025,1,16,木,りんご計,42000,646487,518
2025,1,16,木,日本なし計,43000,8075,560
2025,1,16,木,かき計,43500,63977,574
2025,1,16,木,ぶどう計,45000,19505,2646
2025,1,16,木,いちご,46100,342555,2126
2025,1,16,木,メロン計,47000,29312,1323
2025,1,16,木,すいか,48100,680,790
2025,1,16,木,キウイフルツ,49300,143047,697
2025,1,16,木,バナナ,50100,389079,229
2025,1,16,木,パイナップル,50300,74908,266
2025,1,16,木,レモン,50400,21390,447
2025,1,16,木,オレンジ,50600,23603,368
2025,1,16,木,おうとう,50700,235,2530
2025,1,16,木,キウイフルツ,50800,18225,514
2025,1,16,木,メロン,50850,3982,461
2025,1,17,金,みかん,40100,956852,463
2025,1,17,金,はっさく,41321,21926,331
2025,1,17,金,りんご計,42000,563120,506
2025,1,17,金,かき計,43500,17075,509
2025,1,17,金,ぶどう計,45000,14639,2598
2025,1,17,金,いちご,46100,208933,2125
2025,1,17,金,メロン計,47000,27041,1312
2025,1,17,金,すいか,48100,1776,423
2025,1,17,金,キウイフルツ,49300,85742,673
2025,1,17,金,バナナ,50100,405723,206
2025,1,17,金,パイナップル,50300,45286,274
2025,1,17,金,レモン,50400,17580,445
2025,1,17,金,オレンジ,50600,25418,376
2025,1,17,金,おうとう,50700,112,2679
2025,1,17,金,キウイフルツ,50800,18281,388
2025,1,17,金,メロン,50850,1258,468
2025,1,18,土,みかん,40100,1187085,493
2025,1,18,土,はっさく,41321,50101,311
2025,1,18,土,りんご計,42000,599456,502
2025,1,18,土,日本なし計,43000,16862,550
2025,1,18,土,かき計,43500,84352,563
2025,1,18,土,ぶどう計,45000,15613,2691
2025,1,18,土,いちご,46100,218316,2134
2025,1,18,土,メロン計,47000,24524,1338
2025,1,18,土,すいか,48100,1353,433
2025,1,18,土,キウイフルツ,49300,52214,708
2025,1,18,土,バナナ,50100,460962,228
2025,1,18,土,パイナップル,50300,85137,264
2025,1,18,土,レモン,50400,28128,412
2025,1,18,土,オレンジ,50600,30161,352
2025,1,18,土,おうとう,50700,190,2575
2025,1,18,土,キウイフルツ,50800,19983,580
2025,1,18,土,メロン,50850,7081,439
2025,1,20,月,みかん,40100,1136868,497
2025,1,20,月,はっさく,41321,66309,308
2025,1,20,月,りんご計,42000,683651,509
2025,1,20,月,日本なし計,43000,15,792
2025,1,20,月,かき計,43500,25169,578
2025,1,20,月,ぶどう計,45000,14290,2117
2025,1,20,月,くり,45700,10,1080
2025,1,20,月,いちご,46100,309203,2110
2025,1,20,月,メロン計,47000,33833,1251
2025,1,20,月,すいか,48100,1722,412
2025,1,20,月,キウイフルツ,49300,100002,660
2025,1,20,月,バナナ,50100,464516,225
2025,1,20,月,パイナップル,50300,52197,264
2025,1,20,月,レモン,50400,26771,396
2025,1,20,月,オレンジ,50600,36285,380
2025,1,20,月,おうとう,50700,70,2553
2025,1,20,月,キウイフルツ,50800,13291,496
2025,1,20,月,メロン,50850,3071,428
2025,1,21,火,みかん,40100,835372,482
2025,1,21,火,はっさく,41321,51789,320
2025,1,21,火,りんご計,42000,514868,512
2025,1,21,火,日本なし計,43000,5255,505
2025,1,21,火,かき計,43500,60300,577
2025,1,21,火,ぶどう計,45000,13184,2649
2025,1,21,火,いちご,46100,221902,2140
2025,1,21,火,メロン計,47000,15195,1555
2025,1,21,火,すいか,48100,681,681
2025,1,21,火,キウイフルツ,49300,94913,711
2025,1,21,火,バナナ,50100,310702,215
2025,1,21,火,パイナップル,50300,64891,245
2025,1,21,火,レモン,50400,16782,450
2025,1,21,火,オレンジ,50600,25261,377
2025,1,21,火,おうとう,50700,90,2952
2025,1,21,火,キウイフルツ,50800,21647,386
2025,1,21,火,メロン,50850,2412,406
2025,1,23,木,みかん,40100,1228191,506
2025,1,23,木,はっさく,41321,96899,332
2025,1,23,木,りんご計,42000,704841,506
2025,1,23,木,日本なし計,43000,15,432
2025,1,23,木,かき計,43500,61176,582
2025,1,23,木,ぶどう計,45000,14386,2263
2025,1,23,木,いちご,46100,402314,2115
2025,1,23,木,メロン計,47000,31577,1291
2025,1,23,木,すいか,48100,691,852
2025,1,23,木,キウイフルツ,49300,138017,702
2025,1,23,木,バナナ,50100,360496,231
2025,1,23,木,パイナップル,50300,57689,273
2025,1,23,木,レモン,50400,22701,441
2025,1,23,木,オレンジ,50600,27613,377
2025,1,23,木,おうとう,50700,200,2540
2025,1,23,木,キウイフルツ,50800,21506,470
2025,1,23,木,メロン,50850,1436,552
2025,1,24,金,みかん,40100,926325,495
2025,1,24,金,はっさく,41321,22893,315
2025,1,24,金,りんご計,42000,590547,499
2025,1,24,金,日本なし計,43000,4820,472
2025,1,24,金,かき計,43500,23955,521
2025,1,24,金,ぶどう計,45000,10618,2530
2025,1,24,金,いちご,46100,235218,2096
2025,1,24,金,メロン計,47000,18677,1359
2025,1,24,金,すいか,48100,430,969
2025,1,24,金,キウイフルツ,49300,85634,674
2025,1,24,金,バナナ,50100,384223,210
2025,1,24,金,パイナップル,50300,44610,269
2025,1,24,金,レモン,50400,22292,414
2025,1,24,金,オレンジ,50600,34858,356
2025,1,24,金,おうとう,50700,145,2803
2025,1,24,金,キウイフルツ,50800,21657,302
2025,1,24,金,メロン,50850,2464,526
2025,1,25,土,みかん,40100,1070789,502
2025,1,25,土,はっさく,41321,67920,333
2025,1,25,土,りんご計,42000,535030,509
2025,1,25,土,日本なし計,43000,55,432
2025,1,25,土,かき計,43500,68053,572
2025,1,25,土,ぶどう計,45000,10920,2495
2025,1,25,土,いちご,46100,286626,2069
2025,1,25,土,メロン計,47000,20496,1393
2025,1,25,土,すいか,48100,1761,562
2025,1,25,土,キウイフルツ,49300,58962,665
2025,1,25,土,バナナ,50100,521277,217
2025,1,25,土,パイナップル,50300,79145,266
2025,1,25,土,レモン,50400,18999,450
2025,1,25,土,オレンジ,50600,20889,391
2025,1,25,土,おうとう,50700,95,2502
2025,1,25,土,キウイフルツ,50800,59887,466
2025,1,25,土,メロン,50850,4689,506
2025,1,27,月,みかん,40100,839117,502
2025,1,27,月,はっさく,41321,95058,315
2025,1,27,月,りんご計,42000,653952,494
2025,1,27,月,かき計,43500,22600,559
2025,1,27,月,ぶどう計,45000,7340,1726
2025,1,27,月,いちご,46100,410545,2006
2025,1,27,月,メロン計,47000,21063,1391
2025,1,27,月,すいか,48100,3561,435
2025,1,27,月,キウイフルツ,49300,125307,674
2025,1,27,月,バナナ,50100,538851,214
2025,1,27,月,パイナップル,50300,42741,255
2025,1,27,月,レモン,50400,27193,416
2025,1,27,月,オレンジ,50600,44408,320
2025,1,27,月,おうとう,50700,105,2532
2025,1,27,月,キウイフルツ,50800,2912,509
2025,1,27,月,メロン,50850,1435,491
2025,1,28,火,みかん,40100,792900,501
2025,1,28,火,はっさく,41321,57771,326
2025,1,28,火,りんご計,42000,484727,489
2025,1,28,火,日本なし計,43000,390,813
2025,1,28,火,かき計,43500,22340,546
2025,1,28,火,ぶどう計,45000,6192,2330
2025,1,28,火,いちご,46100,265769,2013
2025,1,28,火,メロン計,47000,14602,1596
2025,1,28,火,すいか,48100,555,946
2025,1,28,火,キウイフルツ,49300,93333,664
2025,1,28,火,バナナ,50100,515994,211
2025,1,28,火,パイナップル,50300,60635,249
2025,1,28,火,レモン,50400,16719,523
2025,1,28,火,オレンジ,50600,17647,392
2025,1,28,火,おうとう,50700,50,2644
2025,1,28,火,キウイフルツ,50800,13829,557
2025,1,28,火,メロン,50850,5428,463
2025,1,30,木,みかん,40100,1068099,509
2025,1,30,木,はっさく,41321,91215,329
2025,1,30,木,りんご計,42000,616416,506
2025,1,30,木,日本なし計,43000,15158,380
2025,1,30,木,かき計,43500,28574,523
2025,1,30,木,ぶどう計,45000,13584,2136
2025,1,30,木,いちご,46100,440083,1954
2025,1,30,木,メロン計,47000,25005,1312
2025,1,30,木,すいか,48100,9831,353
2025,1,30,木,キウイフルツ,49300,124105,724
2025,1,30,木,バナナ,50100,453574,233
2025,1,30,木,パイナップル,50300,67701,253
2025,1,30,木,レモン,50400,23379,469
2025,1,30,木,オレンジ,50600,18759,393
2025,1,30,木,おうとう,50700,65,2625
2025,1,30,木,キウイフルツ,50800,14553,602
2025,1,30,木,メロン,50850,3300,504
2025,1,31,金,みかん,40100,720314,505
2025,1,31,金,はっさく,41321,32421,324
2025,1,31,金,りんご計,42000,454813,518
2025,1,31,金,日本なし計,43000,6530,388
2025,1,31,金,かき計,43500,21265,568
2025,1,31,金,ぶどう計,45000,5829,2880
2025,1,31,金,いちご,46100,240447,1946
2025,1,31,金,メロン計,47000,15727,1517
2025,1,31,金,すいか,48100,1281,671
2025,1,31,金,キウイフルツ,49300,70129,719
2025,1,31,金,バナナ,50100,461047,230
2025,1,31,金,パイナップル,50300,64939,283
2025,1,31,金,レモン,50400,31649,406
2025,1,31,金,オレンジ,50600,52299,359
2025,1,31,金,おうとう,50700,36,2160
2025,1,31,金,キウイフルツ,50800,15903,472
2025,1,31,金,メロン,50850,3795,501
2025,2,1,土,みかん,40100,1001165,507
2025,2,1,土,はっさく,41321,57388,305
2025,2,1,土,りんご計,42000,556213,494
2025,2,1,土,日本なし計,43000,15,432
2025,2,1,土,かき計,43500,10130,558
2025,2,1,土,ぶどう計,45000,8077,2323
2025,2,1,土,いちご,46100,255834,1943
2025,2,1,土,メロン計,47000,21103,1426
2025,2,1,土,すいか,48100,5920,406
2025,2,1,土,キウイフルツ,49300,62460,619
2025,2,1,土,バナナ,50100,349456,209
2025,2,1,土,パイナップル,50300,98511,234
2025,2,1,土,レモン,50400,16036,461
2025,2,1,土,オレンジ,50600,25374,376
2025,2,1,土,おうとう,50700,30,2484
2025,2,1,土,キウイフルツ,50800,6426,702
2025,2,1,土,メロン,50850,4170,479
2025,2,3,月,みかん,40100,857778,495
2025,2,3,月,はっさく,41321,70457,317
2025,2,3,月,りんご計,42000,677831,502
2025,2,3,月,かき計,43500,8685,422
2025,2,3,月,ぶどう計,45000,6122,1478
2025,2,3,月,いちご,46100,393455,1900
2025,2,3,月,メロン計,47000,25125,1361
2025,2,3,月,すいか,48100,945,714
2025,2,3,月,キウイフルツ,49300,114330,678
2025,2,3,月,バナナ,50100,381432,236
2025,2,3,月,パイナップル,50300,35859,256
2025,2,3,月,レモン,50400,13157,478
2025,2,3,月,オレンジ,50600,25722,362
2025,2,3,月,キウイフルツ,50800,7044,523
2025,2,3,月,メロン,50850,2260,485
2025,2,4,火,みかん,40100,732369,499
2025,2,4,火,はっさく,41321,59778,323
2025,2,4,火,りんご計,42000,445403,483
2025,2,4,火,日本なし計,43000,310,487
2025,2,4,火,かき計,43500,7325,584
2025,2,4,火,ぶどう計,45000,9243,2496
2025,2,4,火,いちご,46100,264239,1939
2025,2,4,火,メロン計,47000,14805,1598
2025,2,4,火,すいか,48100,395,870
2025,2,4,火,キウイフルツ,49300,94576,734
2025,2,4,火,バナナ,50100,388135,214
2025,2,4,火,パイナップル,50300,60472,247
2025,2,4,火,レモン,50400,26172,490
2025,2,4,火,オレンジ,50600,36491,370
2025,2,4,火,おうとう,50700,100,2212
2025,2,4,火,キウイフルツ,50800,2678,748
2025,2,4,火,メロン,50850,2133,394
2025,2,6,木,みかん,40100,951897,515
2025,2,6,木,はっさく,41321,100148,322
2025,2,6,木,りんご計,42000,625480,501
2025,2,6,木,日本なし計,43000,5,432
2025,2,6,木,かき計,43500,8320,517
2025,2,6,木,ぶどう計,45000,6709,2272
2025,2,6,木,いちご,46100,384341,1875
2025,2,6,木,メロン計,47000,30117,1337
2025,2,6,木,すいか,48100,3828,351
2025,2,6,木,キウイフルツ,49300,116947,712
2025,2,6,木,バナナ,50100,428665,240
2025,2,6,木,パイナップル,50300,68228,248
2025,2,6,木,レモン,50400,21776,512
2025,2,6,木,オレンジ,50600,29181,402
2025,2,6,木,おうとう,50700,115,2169
2025,2,6,木,キウイフルツ,50800,4584,888
2025,2,6,木,メロン,50850,2837,566
2025,2,7,金,みかん,40100,704333,509
2025,2,7,金,はっさく,41321,20125,290
2025,2,7,金,りんご計,42000,512995,499
2025,2,7,金,日本なし計,43000,1090,428
2025,2,7,金,かき計,43500,3499,623
2025,2,7,金,ぶどう計,45000,6127,2234
2025,2,7,金,いちご,46100,249047,1882
2025,2,7,金,メロン計,47000,18248,1417
2025,2,7,金,すいか,48100,5514,377
2025,2,7,金,キウイフルツ,49300,88261,671
2025,2,7,金,バナナ,50100,344804,216
2025,2,7,金,パイナップル,50300,80186,249
2025,2,7,金,レモン,50400,33336,483
2025,2,7,金,オレンジ,50600,31558,372
2025,2,7,金,おうとう,50700,76,1393
2025,2,7,金,キウイフルツ,50800,2036,1034
2025,2,7,金,メロン,50850,2161,493
2025,2,8,土,みかん,40100,794215,494
2025,2,8,土,はっさく,41321,89884,337
2025,2,8,土,りんご計,42000,512060,504
2025,2,8,土,日本なし計,43000,45,432
2025,2,8,土,かき計,43500,9020,587
2025,2,8,土,ぶどう計,45000,4939,2105
2025,2,8,土,いちご,46100,291882,1873
2025,2,8,土,メロン計,47000,23544,1312
2025,2,8,土,すいか,48100,1487,357
2025,2,8,土,キウイフルツ,49300,56863,674
2025,2,8,土,バナナ,50100,297508,219
2025,2,8,土,パイナップル,50300,75277,243
2025,2,8,土,レモン,50400,22794,458
2025,2,8,土,オレンジ,50600,33542,385
2025,2,8,土,おうとう,50700,25,2609
2025,2,8,土,キウイフルツ,50800,7242,730
2025,2,8,土,メロン,50850,4247,487
2025,2,10,月,みかん,40100,788449,496
2025,2,10,月,はっさく,41321,67831,323
2025,2,10,月,りんご計,42000,715961,491
2025,2,10,月,かき計,43500,5227,671
2025,2,10,月,ぶどう計,45000,6135,1483
2025,2,10,月,いちご,46100,449874,1840
2025,2,10,月,メロン計,47000,26485,1241
2025,2,10,月,すいか,48100,2509,402
2025,2,10,月,キウイフルツ,49300,125540,725
2025,2,10,月,バナナ,50100,729226,234
2025,2,10,月,パイナップル,50300,86582,240
2025,2,10,月,レモン,50400,25829,496
2025,2,10,月,オレンジ,50600,46440,377
2025,2,10,月,おうとう,50700,20,2268
2025,2,10,月,キウイフルツ,50800,3004,833
2025,2,10,月,メロン,50850,2586,513
2025,2,11,火,みかん,40100,1876,319
2025,2,11,火,りんご計,42000,1820,666
2025,2,11,火,いちご,46100,479,2281
2025,2,11,火,バナナ,50100,7896,278
2025,2,11,火,パイナップル,50300,2620,225
2025,2,11,火,レモン,50400,774,611
2025,2,11,火,オレンジ,50600,1139,457
2025,2,11,火,メロン,50850,715,323
2025,2,12,水,みかん,40100,340918,487
2025,2,12,水,はっさく,41321,82309,317
2025,2,12,水,りんご計,42000,350328,495
2025,2,12,水,かき計,43500,6029,589
2025,2,12,水,ぶどう計,45000,1687,2117
2025,2,12,水,いちご,46100,410233,1785
2025,2,12,水,メロン計,47000,5289,1392
2025,2,12,水,すいか,48100,1869,402
2025,2,12,水,キウイフルツ,49300,38291,709
2025,2,12,水,バナナ,50100,324033,215
2025,2,12,水,パイナップル,50300,50017,246
2025,2,12,水,レモン,50400,19223,489
2025,2,12,水,オレンジ,50600,21840,377
2025,2,12,水,おうとう,50700,10,2214
2025,2,12,水,キウイフルツ,50800,9089,729
2025,2,12,水,メロン,50850,1038,486
2025,2,13,木,みかん,40100,667846,501
2025,2,13,木,はっさく,41321,89883,315
2025,2,13,木,りんご計,42000,537538,503
2025,2,13,木,かき計,43500,5425,669
2025,2,13,木,ぶどう計,45000,2214,1737
2025,2,13,木,いちご,46100,326842,1890
2025,2,13,木,メロン計,47000,27307,1474
2025,2,13,木,すいか,48100,3474,404
2025,2,13,木,キウイフルツ,49300,116488,722
2025,2,13,木,バナナ,50100,338955,234
2025,2,13,木,パイナップル,50300,75938,232
2025,2,13,木,レモン,50400,19755,497
2025,2,13,木,オレンジ,50600,27998,390
2025,2,13,木,おうとう,50700,25,2203
2025,2,13,木,キウイフルツ,50800,2388,781
2025,2,13,木,メロン,50850,2721,500
2025,2,14,金,みかん,40100,546411,523
2025,2,14,金,はっさく,41321,32195,302
2025,2,14,金,りんご計,42000,632065,507
2025,2,14,金,日本なし計,43000,1125,422
2025,2,14,金,かき計,43500,2373,472
2025,2,14,金,ぶどう計,45000,1194,1724
2025,2,14,金,いちご,46100,275841,1844
2025,2,14,金,メロン計,47000,19201,1583
2025,2,14,金,すいか,48100,4682,480
2025,2,14,金,キウイフルツ,49300,71634,625
2025,2,14,金,バナナ,50100,590371,205
2025,2,14,金,パイナップル,50300,53600,245
2025,2,14,金,レモン,50400,27999,368
2025,2,14,金,オレンジ,50600,23681,385
2025,2,14,金,おうとう,50700,45,2628
2025,2,14,金,キウイフルツ,50800,3027,731
2025,2,14,金,メロン,50850,3057,384
2025,2,15,土,みかん,40100,566528,472
2025,2,15,土,はっさく,41321,85817,320
2025,2,15,土,りんご計,42000,514224,492
2025,2,15,土,かき計,43500,1870,524
2025,2,15,土,ぶどう計,45000,2440,1614
2025,2,15,土,いちご,46100,316771,1844
2025,2,15,土,メロン計,47000,20920,1496
2025,2,15,土,すいか,48100,1313,396
2025,2,15,土,キウイフルツ,49300,44534,688
2025,2,15,土,バナナ,50100,401758,233
2025,2,15,土,パイナップル,50300,89346,221
2025,2,15,土,レモン,50400,23540,474
2025,2,15,土,オレンジ,50600,35640,391
2025,2,15,土,おうとう,50700,10,2160
2025,2,15,土,キウイフルツ,50800,3206,901
2025,2,15,土,メロン,50850,5641,403
2025,2,17,月,みかん,40100,573484,517
2025,2,17,月,はっさく,41321,59010,307
2025,2,17,月,りんご計,42000,596671,479
2025,2,17,月,かき計,43500,4069,727
2025,2,17,月,ぶどう計,45000,2037,1464
2025,2,17,月,いちご,46100,507746,1791
2025,2,17,月,メロン計,47000,29427,1254
2025,2,17,月,すいか,48100,11693,388
2025,2,17,月,キウイフルツ,49300,52849,715
2025,2,17,月,バナナ,50100,454485,234
2025,2,17,月,パイナップル,50300,45617,229
2025,2,17,月,レモン,50400,18700,481
2025,2,17,月,オレンジ,50600,48235,362
2025,2,17,月,おうとう,50700,35,2114
2025,2,17,月,キウイフルツ,50800,1167,838
2025,2,17,月,メロン,50850,1848,498
2025,2,18,火,みかん,40100,463555,483
2025,2,18,火,はっさく,41321,88758,311
2025,2,18,火,りんご計,42000,460056,493
2025,2,18,火,かき計,43500,2421,540
2025,2,18,火,ぶどう計,45000,1099,1023
2025,2,18,火,いちご,46100,356273,1803
2025,2,18,火,メロン計,47000,17192,1402
2025,2,18,火,すいか,48100,1271,802
2025,2,18,火,キウイフルツ,49300,83002,730
2025,2,18,火,バナナ,50100,335904,217
2025,2,18,火,パイナップル,50300,69573,229
2025,2,18,火,レモン,50400,21899,471
2025,2,18,火,オレンジ,50600,35125,376
2025,2,18,火,キウイフルツ,50800,3223,623
2025,2,18,火,メロン,50850,3063,393
2025,2,20,木,みかん,40100,605065,491
2025,2,20,木,はっさく,41321,69517,318
2025,2,20,木,りんご計,42000,700636,485
2025,2,20,木,かき計,43500,3827,746
2025,2,20,木,びわ,43900,5,9720
2025,2,20,木,ぶどう計,45000,1574,828
2025,2,20,木,いちご,46100,597802,1737
2025,2,20,木,メロン計,47000,28337,1338
2025,2,20,木,すいか,48100,9239,474
2025,2,20,木,キウイフルツ,49300,109515,729
2025,2,20,木,バナナ,50100,333252,238
2025,2,20,木,パイナップル,50300,86154,233
2025,2,20,木,レモン,50400,20850,500
2025,2,20,木,オレンジ,50600,37508,389
2025,2,20,木,おうとう,50700,25,1944
2025,2,20,木,キウイフルツ,50800,4024,783
2025,2,20,木,メロン,50850,2516,459
2025,2,21,金,みかん,40100,431519,499
2025,2,21,金,はっさく,41321,29501,284
2025,2,21,金,りんご計,42000,507489,486
2025,2,21,金,日本なし計,43000,800,416
2025,2,21,金,かき計,43500,375,549
2025,2,21,金,ぶどう計,45000,379,1723
2025,2,21,金,いちご,46100,352629,1736
2025,2,21,金,メロン計,47000,18115,1453
2025,2,21,金,すいか,48100,4315,807
2025,2,21,金,キウイフルツ,49300,94495,624
2025,2,21,金,バナナ,50100,518423,214
2025,2,21,金,パイナップル,50300,67118,225
2025,2,21,金,レモン,50400,17506,496
2025,2,21,金,オレンジ,50600,31775,399
2025,2,21,金,キウイフルツ,50800,3949,820
2025,2,21,金,メロン,50850,3057,436
2025,2,22,土,みかん,40100,329807,454
2025,2,22,土,はっさく,41321,77923,319
2025,2,22,土,りんご計,42000,588687,492
2025,2,22,土,かき計,43500,1158,651
2025,2,22,土,おうとう,44800,1,9828
2025,2,22,土,ぶどう計,45000,1375,1181
2025,2,22,土,いちご,46100,396031,1738
2025,2,22,土,メロン計,47000,18853,1378
2025,2,22,土,すいか,48100,3488,647
2025,2,22,土,キウイフルツ,49300,30387,677
2025,2,22,土,バナナ,50100,467169,224
2025,2,22,土,パイナップル,50300,101252,233
2025,2,22,土,レモン,50400,32655,460
2025,2,22,土,オレンジ,50600,45551,383
2025,2,22,土,キウイフルツ,50800,3456,930
2025,2,22,土,メロン,50850,4463,486
2025,2,24,月,みかん,40100,325,602
2025,2,24,月,りんご計,42000,1180,613
2025,2,24,月,いちご,46100,457,2330
2025,2,24,月,メロン計,47000,239,1735
2025,2,24,月,キウイフルツ,49300,83,601
2025,2,24,月,バナナ,50100,6327,272
2025,2,24,月,パイナップル,50300,1820,285
2025,2,24,月,レモン,50400,224,583
2025,2,24,月,オレンジ,50600,782,451
2025,2,25,火,みかん,40100,374553,477
2025,2,25,火,はっさく,41321,124266,298
2025,2,25,火,りんご計,42000,752942,489
2025,2,25,火,日本なし計,43000,10,432
2025,2,25,火,かき計,43500,3726,730
2025,2,25,火,びわ,43900,24,7565
2025,2,25,火,おうとう,44800,7,42444
2025,2,25,火,ぶどう計,45000,2119,879
2025,2,25,火,いちご,46100,865429,1641
2025,2,25,火,メロン計,47000,23594,1423
2025,2,25,火,すいか,48100,10705,552
2025,2,25,火,キウイフルツ,49300,138121,715
2025,2,25,火,バナナ,50100,666161,229
2025,2,25,火,パイナップル,50300,78770,229
2025,2,25,火,レモン,50400,37013,467
2025,2,25,火,オレンジ,50600,59255,371
2025,2,25,火,キウイフルツ,50800,2516,721
2025,2,25,火,メロン,50850,1853,499
2025,2,27,木,みかん,40100,364949,496
2025,2,27,木,はっさく,41321,100258,319
2025,2,27,木,りんご計,42000,579744,498
2025,2,27,木,かき計,43500,4261,470
2025,2,27,木,びわ,43900,21,8923
2025,2,27,木,おうとう,44800,8,29511
2025,2,27,木,ぶどう計,45000,1031,711
2025,2,27,木,いちご,46100,683454,1612
2025,2,27,木,メロン計,47000,27754,1406
2025,2,27,木,すいか,48100,14610,492
2025,2,27,木,キウイフルツ,49300,119784,734
2025,2,27,木,バナナ,50100,632603,224
2025,2,27,木,パイナップル,50300,73169,225
2025,2,27,木,レモン,50400,26667,463
2025,2,27,木,オレンジ,50600,37574,372
2025,2,27,木,キウイフルツ,50800,2544,828
2025,2,27,木,メロン,50850,3647,477
2025,2,28,金,みかん,40100,270966,489
2025,2,28,金,はっさく,41321,45512,300
2025,2,28,金,りんご計,42000,667188,485
2025,2,28,金,日本なし計,43000,1020,423
2025,2,28,金,かき計,43500,1149,397
2025,2,28,金,びわ,43900,30,8658
2025,2,28,金,おうとう,44800,3,42012
2025,2,28,金,ぶどう計,45000,130,839
2025,2,28,金,いちご,46100,420267,1612
2025,2,28,金,メロン計,47000,27046,1309
2025,2,28,金,すいか,48100,5196,546
2025,2,28,金,キウイフルツ,49300,97670,706
2025,2,28,金,バナナ,50100,518831,229
2025,2,28,金,パイナップル,50300,95100,244
2025,2,28,金,レモン,50400,30467,483
2025,2,28,金,オレンジ,50600,58024,394
2025,2,28,金,おうとう,50700,5,2765
2025,2,28,金,キウイフルツ,50800,11845,676
2025,2,28,金,メロン,50850,8694,444
2025,3,1,土,みかん,40100,207634,498
2025,3,1,土,はっさく,41321,98660,320
2025,3,1,土,りんご計,42000,624628,492
2025,3,1,土,かき計,43500,2745,620
2025,3,1,土,びわ,43900,34,8991
2025,3,1,土,おうとう,44800,10,32335
2025,3,1,土,ぶどう計,45000,1115,589
2025,3,1,土,いちご,46100,479877,1609
2025,3,1,土,メロン計,47000,16732,1481
2025,3,1,土,すいか,48100,12218,603
2025,3,1,土,キウイフルツ,49300,34789,680
2025,3,1,土,バナナ,50100,393452,215
2025,3,1,土,パイナップル,50300,109634,224
2025,3,1,土,レモン,50400,22165,448
2025,3,1,土,オレンジ,50600,35212,388
2025,3,1,土,キウイフルツ,50800,1752,741
2025,3,1,土,メロン,50850,3025,469
2025,3,3,月,みかん,40100,285458,525
2025,3,3,月,はっさく,41321,103601,317
2025,3,3,月,りんご計,42000,655945,481
2025,3,3,月,かき計,43500,1235,667
2025,3,3,月,おうとう,44800,11,28915
2025,3,3,月,ぶどう計,45000,824,771
2025,3,3,月,いちご,46100,763377,1483
2025,3,3,月,メロン計,47000,20101,1506
2025,3,3,月,すいか,48100,24732,503
2025,3,3,月,キウイフルツ,49300,49069,738
2025,3,3,月,バナナ,50100,407596,227
2025,3,3,月,パイナップル,50300,50394,225
2025,3,3,月,レモン,50400,16167,468
2025,3,3,月,オレンジ,50600,33609,367
2025,3,3,月,キウイフルツ,50800,1443,823
2025,3,3,月,メロン,50850,3543,485
2025,3,4,火,みかん,40100,205596,527
2025,3,4,火,はっさく,41321,69709,318
2025,3,4,火,りんご計,42000,475856,491
2025,3,4,火,かき計,43500,2360,418
2025,3,4,火,びわ,43900,6,5562
2025,3,4,火,おうとう,44800,10,31471
2025,3,4,火,ぶどう計,45000,100,772
2025,3,4,火,いちご,46100,496945,1474
2025,3,4,火,メロン計,47000,16117,1604
2025,3,4,火,すいか,48100,23107,505
2025,3,4,火,キウイフルツ,49300,83960,717
2025,3,4,火,バナナ,50100,402751,205
2025,3,4,火,パイナップル,50300,86582,216
2025,3,4,火,レモン,50400,33262,461
2025,3,4,火,オレンジ,50600,30800,374
2025,3,4,火,キウイフルツ,50800,3423,736
2025,3,4,火,メロン,50850,1510,466
2025,3,6,木,みかん,40100,324832,518
2025,3,6,木,はっさく,41321,106028,335
2025,3,6,木,りんご計,42000,596367,485
2025,3,6,木,かき計,43500,830,614
2025,3,6,木,びわ,43900,103,7874
2025,3,6,木,おうとう,44800,26,25800
2025,3,6,木,ぶどう計,45000,1882,649
2025,3,6,木,いちご,46100,846058,1395
2025,3,6,木,メロン計,47000,22373,1474
2025,3,6,木,すいか,48100,23033,549
2025,3,6,木,キウイフルツ,49300,120000,737
2025,3,6,木,バナナ,50100,395129,230
2025,3,6,木,パイナップル,50300,62884,223
2025,3,6,木,レモン,50400,28299,461
2025,3,6,木,オレンジ,50600,36660,369
2025,3,6,木,キウイフルツ,50800,1318,858
2025,3,6,木,メロン,50850,3126,421
2025,3,7,金,みかん,40100,170068,556
2025,3,7,金,はっさく,41321,76858,321
2025,3,7,金,りんご計,42000,469585,479
2025,3,7,金,日本なし計,43000,940,430
2025,3,7,金,かき計,43500,968,634
2025,3,7,金,びわ,43900,6,5742
2025,3,7,金,おうとう,44800,10,30542
2025,3,7,金,ぶどう計,45000,65,839
2025,3,7,金,いちご,46100,377131,1408
2025,3,7,金,メロン計,47000,16080,1450
2025,3,7,金,すいか,48100,25156,425
2025,3,7,金,キウイフルツ,49300,78589,689
2025,3,7,金,バナナ,50100,459827,214
2025,3,7,金,パイナップル,50300,74812,247
2025,3,7,金,レモン,50400,31803,327
2025,3,7,金,オレンジ,50600,57468,360
2025,3,7,金,おうとう,50700,20,972
2025,3,7,金,キウイフルツ,50800,6830,734
2025,3,7,金,メロン,50850,5423,413
2025,3,8,土,みかん,40100,196020,493
2025,3,8,土,はっさく,41321,85245,309
2025,3,8,土,りんご計,42000,489054,493
2025,3,8,土,かき計,43500,650,665
2025,3,8,土,びわ,43900,31,8581
2025,3,8,土,おうとう,44800,17,24217
2025,3,8,土,ぶどう計,45000,285,892
2025,3,8,土,いちご,46100,419288,1396
2025,3,8,土,メロン計,47000,18997,1394
2025,3,8,土,すいか,48100,19089,576
2025,3,8,土,キウイフルツ,49300,39538,712
2025,3,8,土,バナナ,50100,434041,230
2025,3,8,土,パイナップル,50300,108059,231
2025,3,8,土,レモン,50400,22604,432
2025,3,8,土,オレンジ,50600,56054,387
2025,3,8,土,キウイフルツ,50800,4390,691
2025,3,8,土,メロン,50850,5716,368
2025,3,10,月,みかん,40100,263563,540
2025,3,10,月,はっさく,41321,110953,317
2025,3,10,月,りんご計,42000,614840,480
2025,3,10,月,かき計,43500,1118,664
2025,3,10,月,びわ,43900,88,6394
2025,3,10,月,おうとう,44800,30,36022
2025,3,10,月,ぶどう計,45000,328,1080
2025,3,10,月,いちご,46100,713035,1349
2025,3,10,月,メロン計,47000,18018,1395
2025,3,10,月,すいか,48100,47262,462
2025,3,10,月,キウイフルツ,49300,46905,737
2025,3,10,月,バナナ,50100,445646,232
2025,3,10,月,パイナップル,50300,64382,255
2025,3,10,月,レモン,50400,20205,471
2025,3,10,月,オレンジ,50600,28861,381
2025,3,10,月,キウイフルツ,50800,3134,734
2025,3,10,月,メロン,50850,3550,277
2025,3,11,火,みかん,40100,180403,528
2025,3,11,火,はっさく,41321,84288,288
2025,3,11,火,りんご計,42000,432536,476
2025,3,11,火,かき計,43500,530,593
2025,3,11,火,びわ,43900,12,5706
2025,3,11,火,おうとう,44800,15,26208
2025,3,11,火,ぶどう計,45000,50,648
2025,3,11,火,いちご,46100,434824,1373
2025,3,11,火,メロン計,47000,12255,1580
2025,3,11,火,すいか,48100,14015,537
2025,3,11,火,キウイフルツ,49300,84193,743
2025,3,11,火,バナナ,50100,508396,213
2025,3,11,火,パイナップル,50300,60655,236
2025,3,11,火,レモン,50400,27441,420
2025,3,11,火,オレンジ,50600,32199,403
2025,3,11,火,キウイフルツ,50800,1216,860
2025,3,11,火,メロン,50850,1953,517
2025,3,13,木,みかん,40100,210983,479
2025,3,13,木,はっさく,41321,98909,319
2025,3,13,木,りんご計,42000,608552,485
2025,3,13,木,日本なし計,43000,590,324
2025,3,13,木,かき計,43500,500,672
2025,3,13,木,びわ,43900,199,5870
2025,3,13,木,おうとう,44800,50,22684
2025,3,13,木,ぶどう計,45000,35,3024
2025,3,13,木,いちご,46100,756006,1352
2025,3,13,木,メロン計,47000,26632,1441
2025,3,13,木,すいか,48100,38582,507
2025,3,13,木,キウイフルツ,49300,100186,755
2025,3,13,木,バナナ,50100,513034,205
2025,3,13,木,パイナップル,50300,70079,245
2025,3,13,木,レモン,50400,24406,445
2025,3,13,木,オレンジ,50600,40402,360
2025,3,13,木,キウイフルツ,50800,1410,838
2025,3,13,木,メロン,50850,4477,449
2025,3,14,金,みかん,40100,120842,527
2025,3,14,金,はっさく,41321,51946,325
2025,3,14,金,りんご計,42000,466301,467
2025,3,14,金,日本なし計,43000,40,405
2025,3,14,金,かき計,43500,204,460
2025,3,14,金,びわ,43900,112,5418
2025,3,14,金,おうとう,44800,24,27887
2025,3,14,金,いちご,46100,407403,1359
2025,3,14,金,メロン計,47000,20772,1464
2025,3,14,金,すいか,48100,19857,469
2025,3,14,金,キウイフルツ,49300,73582,670
2025,3,14,金,バナナ,50100,451417,212
2025,3,14,金,パイナップル,50300,77353,232
2025,3,14,金,レモン,50400,17366,449
2025,3,14,金,オレンジ,50600,28055,370
2025,3,14,金,キウイフルツ,50800,1882,804
2025,3,14,金,メロン,50850,2300,483
2025,3,15,土,みかん,40100,144662,547
2025,3,15,土,はっさく,41321,93467,287
2025,3,15,土,りんご計,42000,543000,468
2025,3,15,土,かき計,43500,2620,432
2025,3,15,土,びわ,43900,47,5107
2025,3,15,土,おうとう,44800,34,18163
2025,3,15,土,ぶどう計,45000,18,2400
2025,3,15,土,いちご,46100,462868,1357
2025,3,15,土,メロン計,47000,21763,1504
2025,3,15,土,すいか,48100,37189,522
2025,3,15,土,キウイフルツ,49300,22348,684
2025,3,15,土,バナナ,50100,436664,231
2025,3,15,土,パイナップル,50300,95216,243
2025,3,15,土,レモン,50400,28404,435
2025,3,15,土,オレンジ,50600,70327,365
2025,3,15,土,キウイフルツ,50800,5320,889
2025,3,15,土,メロン,50850,5089,406
2025,3,17,月,みかん,40100,138519,525
2025,3,17,月,はっさく,41321,122931,322
2025,3,17,月,りんご計,42000,647639,462
2025,3,17,月,かき計,43500,943,620
2025,3,17,月,びわ,43900,261,4958
2025,3,17,月,おうとう,44800,56,20204
2025,3,17,月,ぶどう計,45000,88,2436
2025,3,17,月,いちご,46100,748537,1321
2025,3,17,月,メロン計,47000,30760,1354
2025,3,17,月,すいか,48100,41967,510
2025,3,17,月,キウイフルツ,49300,36060,761
2025,3,17,月,バナナ,50100,442910,233
2025,3,17,月,パイナップル,50300,72021,231
2025,3,17,月,レモン,50400,16573,482
2025,3,17,月,オレンジ,50600,33388,358
2025,3,17,月,キウイフルツ,50800,2108,720
2025,3,17,月,メロン,50850,3931,297
2025,3,18,火,みかん,40100,122152,537
2025,3,18,火,はっさく,41321,79246,293
2025,3,18,火,りんご計,42000,553797,457
2025,3,18,火,びわ,43900,122,4079
2025,3,18,火,おうとう,44800,74,19900
2025,3,18,火,ぶどう計,45000,514,1924
2025,3,18,火,いちご,46100,400738,1351
2025,3,18,火,メロン計,47000,28181,1257
2025,3,18,火,すいか,48100,32797,498
2025,3,18,火,キウイフルツ,49300,82701,749
2025,3,18,火,バナナ,50100,385075,210
2025,3,18,火,パイナップル,50300,85619,231
2025,3,18,火,レモン,50400,26188,439
2025,3,18,火,オレンジ,50600,32741,383
2025,3,18,火,キウイフルツ,50800,2537,823
2025,3,18,火,メロン,50850,4305,446
2025,3,19,水,みかん,40100,115,866
2025,3,19,水,はっさく,41321,200,464
2025,3,19,水,りんご計,42000,11250,443
2025,3,19,水,いちご,46100,8119,1474
2025,3,19,水,メロン計,47000,173,1769
2025,3,19,水,すいか,48100,3708,691
2025,3,19,水,キウイフルツ,49300,56,957
2025,3,19,水,バナナ,50100,21913,261
2025,3,19,水,パイナップル,50300,9080,328
2025,3,19,水,レモン,50400,604,465
2025,3,19,水,オレンジ,50600,305,424
2025,3,19,水,キウイフルツ,50800,120,755
2025,3,20,木,りんご計,42000,1580,557
2025,3,20,木,びわ,43900,7,2169
2025,3,20,木,いちご,46100,2019,1510
2025,3,20,木,メロン計,47000,482,1307
2025,3,20,木,すいか,48100,200,680
2025,3,20,木,バナナ,50100,8365,275
2025,3,20,木,パイナップル,50300,940,238
2025,3,20,木,レモン,50400,208,731
2025,3,20,木,オレンジ,50600,811,467
2025,3,20,木,メロン,50850,72,770
2025,3,21,金,みかん,40100,82090,476
2025,3,21,金,はっさく,41321,104473,316
2025,3,21,金,りんご計,42000,825658,470
2025,3,21,金,かき計,43500,706,640
2025,3,21,金,びわ,43900,528,5150
2025,3,21,金,おうとう,44800,130,12536
2025,3,21,金,ぶどう計,45000,65,1778
2025,3,21,金,いちご,46100,937283,1320
2025,3,21,金,メロン計,47000,38928,1312
2025,3,21,金,すいか,48100,78697,467
2025,3,21,金,キウイフルツ,49300,107361,710
2025,3,21,金,バナナ,50100,526690,228
2025,3,21,金,パイナップル,50300,88179,251
2025,3,21,金,レモン,50400,38703,440
2025,3,21,金,オレンジ,50600,78660,361
2025,3,21,金,キウイフルツ,50800,14604,912
2025,3,21,金,メロン,50850,3706,480
2025,3,22,土,みかん,40100,62536,480
2025,3,22,土,はっさく,41321,67673,307
2025,3,22,土,りんご計,42000,540927,467
2025,3,22,土,かき計,43500,100,349
2025,3,22,土,びわ,43900,131,4667
2025,3,22,土,おうとう,44800,68,15640
2025,3,22,土,ぶどう計,45000,35,2469
2025,3,22,土,いちご,46100,397051,1348
2025,3,22,土,メロン計,47000,26931,1381
2025,3,22,土,すいか,48100,41957,481
2025,3,22,土,キウイフルツ,49300,40753,672
2025,3,22,土,バナナ,50100,432973,210
2025,3,22,土,パイナップル,50300,109802,266
2025,3,22,土,レモン,50400,37071,392
2025,3,22,土,オレンジ,50600,92906,378
2025,3,22,土,キウイフルツ,50800,6846,876
2025,3,22,土,メロン,50850,5655,399
2025,3,24,月,みかん,40100,36604,506
2025,3,24,月,はっさく,41321,124399,304
2025,3,24,月,りんご計,42000,637763,473
2025,3,24,月,かき計,43500,550,682
2025,3,24,月,びわ,43900,459,4536
2025,3,24,月,おうとう,44800,138,13274
2025,3,24,月,ぶどう計,45000,43,3014
2025,3,24,月,いちご,46100,667405,1323
2025,3,24,月,メロン計,47000,28690,1305
2025,3,24,月,すいか,48100,73298,469
2025,3,24,月,キウイフルツ,49300,27865,771
2025,3,24,月,バナナ,50100,460894,227
2025,3,24,月,パイナップル,50300,78525,256
2025,3,24,月,レモン,50400,26839,364
2025,3,24,月,オレンジ,50600,59546,353
2025,3,24,月,キウイフルツ,50800,9885,784
2025,3,24,月,メロン,50850,3221,341
2025,3,25,火,みかん,40100,33772,454
2025,3,25,火,はっさく,41321,138105,315
2025,3,25,火,りんご計,42000,404880,465
2025,3,25,火,かき計,43500,450,226
2025,3,25,火,びわ,43900,173,3893
2025,3,25,火,おうとう,44800,43,10912
2025,3,25,火,ぶどう計,45000,17,1563
2025,3,25,火,いちご,46100,437943,1332
2025,3,25,火,メロン計,47000,18834,1369
2025,3,25,火,すいか,48100,51794,492
2025,3,25,火,キウイフルツ,49300,26890,711
2025,3,25,火,バナナ,50100,670967,203
2025,3,25,火,パイナップル,50300,95832,246
2025,3,25,火,レモン,50400,39423,403
2025,3,25,火,オレンジ,50600,24511,395
2025,3,25,火,キウイフルツ,50800,3107,779
2025,3,25,火,メロン,50850,5213,457
2025,3,27,木,みかん,40100,25822,466
2025,3,27,木,はっさく,41321,77253,272
2025,3,27,木,りんご計,42000,562307,470
2025,3,27,木,かき計,43500,550,706
2025,3,27,木,びわ,43900,732,4263
2025,3,27,木,おうとう,44800,182,13693
2025,3,27,木,いちご,46100,830553,1293
2025,3,27,木,メロン計,47000,36689,1242
2025,3,27,木,すいか,48100,68888,490
2025,3,27,木,キウイフルツ,49300,39033,792
2025,3,27,木,バナナ,50100,536583,236
2025,3,27,木,パイナップル,50300,100312,261
2025,3,27,木,レモン,50400,34435,409
2025,3,27,木,オレンジ,50600,59540,372
2025,3,27,木,キウイフルツ,50800,10864,841
2025,3,27,木,メロン,50850,4425,500
2025,3,28,金,みかん,40100,17430,517
2025,3,28,金,はっさく,41321,44476,266
2025,3,28,金,りんご計,42000,462627,462
2025,3,28,金,かき計,43500,220,503
2025,3,28,金,びわ,43900,210,4163
2025,3,28,金,おうとう,44800,100,16301
2025,3,28,金,ぶどう計,45000,35,3024
2025,3,28,金,いちご,46100,472152,1285
2025,3,28,金,メロン計,47000,27979,1229
2025,3,28,金,すいか,48100,47625,502
2025,3,28,金,キウイフルツ,49300,83524,666
2025,3,28,金,バナナ,50100,602082,208
2025,3,28,金,パイナップル,50300,94035,263
2025,3,28,金,レモン,50400,24620,423
2025,3,28,金,オレンジ,50600,55308,355
2025,3,28,金,キウイフルツ,50800,8134,938
2025,3,28,金,メロン,50850,3032,446
2025,3,29,土,みかん,40100,15286,470
2025,3,29,土,はっさく,41321,51973,244
2025,3,29,土,りんご計,42000,484791,462
2025,3,29,土,びわ,43900,458,4388
2025,3,29,土,おうとう,44800,103,12086
2025,3,29,土,ぶどう計,45000,90,528
2025,3,29,土,いちご,46100,562961,1266
2025,3,29,土,メロン計,47000,24967,1251
2025,3,29,土,すいか,48100,85470,494
2025,3,29,土,キウイフルツ,49300,28656,685
2025,3,29,土,バナナ,50100,450513,230
2025,3,29,土,パイナップル,50300,102369,268
2025,3,29,土,レモン,50400,30721,401
2025,3,29,土,オレンジ,50600,76195,370
2025,3,29,土,キウイフルツ,50800,7532,857
2025,3,29,土,メロン,50850,7917,460
2025,3,31,月,みかん,40100,21623,471
2025,3,31,月,はっさく,41321,25996,283
2025,3,31,月,りんご計,42000,378388,475
2025,3,31,月,かき計,43500,834,642
2025,3,31,月,びわ,43900,1075,3948
2025,3,31,月,おうとう,44800,192,12699
2025,3,31,月,ぶどう計,45000,170,1433
2025,3,31,月,いちご,46100,840992,1217
2025,3,31,月,メロン計,47000,24517,1297
2025,3,31,月,すいか,48100,59848,479
2025,3,31,月,キウイフルツ,49300,21018,739
2025,3,31,月,バナナ,50100,600707,221
2025,3,31,月,パイナップル,50300,119147,269
2025,3,31,月,レモン,50400,25860,439
2025,3,31,月,オレンジ,50600,73640,370
2025,3,31,月,キウイフルツ,50800,15607,998
2025,3,31,月,メロン,50850,4456,474
2025,4,1,火,みかん,40100,8606,488
2025,4,1,火,はっさく,41321,27845,281
2025,4,1,火,りんご計,42000,468354,468
2025,4,1,火,びわ,43900,371,3546
2025,4,1,火,おうとう,44800,151,12538
2025,4,1,火,いちご,46100,424918,1240
2025,4,1,火,メロン計,47000,25229,1231
2025,4,1,火,すいか,48100,105903,469
2025,4,1,火,キウイフルツ,49300,27175,733
2025,4,1,火,バナナ,50100,376927,235
2025,4,1,火,パイナップル,50300,89654,252
2025,4,1,火,レモン,50400,17209,439
2025,4,1,火,オレンジ,50600,19625,385
2025,4,1,火,キウイフルツ,50800,160122,774
2025,4,1,火,メロン,50850,2592,460
2025,4,3,木,みかん,40100,7447,481
2025,4,3,木,はっさく,41321,58893,298
2025,4,3,木,りんご計,42000,547478,468
2025,4,3,木,かき計,43500,365,585
2025,4,3,木,びわ,43900,1139,3718
2025,4,3,木,おうとう,44800,183,12365
2025,4,3,木,ぶどう計,45000,30,3024
2025,4,3,木,いちご,46100,677179,1214
2025,4,3,木,メロン計,47000,33459,1265
2025,4,3,木,すいか,48100,99944,491
2025,4,3,木,キウイフルツ,49300,33527,768
2025,4,3,木,バナナ,50100,353028,225
2025,4,3,木,パイナップル,50300,84188,266
2025,4,3,木,レモン,50400,30094,393
2025,4,3,木,オレンジ,50600,48447,346
2025,4,3,木,キウイフルツ,50800,156992,779
2025,4,3,木,メロン,50850,3560,356
2025,4,4,金,みかん,40100,6669,512
2025,4,4,金,はっさく,41321,19560,255
2025,4,4,金,りんご計,42000,498616,467
2025,4,4,金,びわ,43900,566,3503
2025,4,4,金,おうとう,44800,221,12342
2025,4,4,金,ぶどう計,45000,35,1882
2025,4,4,金,いちご,46100,280115,1243
2025,4,4,金,メロン計,47000,23505,1320
2025,4,4,金,すいか,48100,90798,465
2025,4,4,金,キウイフルツ,49300,29700,655
2025,4,4,金,バナナ,50100,277334,213
2025,4,4,金,パイナップル,50300,92094,264
2025,4,4,金,レモン,50400,30811,404
2025,4,4,金,オレンジ,50600,42769,358
2025,4,4,金,キウイフルツ,50800,64483,774
2025,4,4,金,メロン,50850,1467,467
2025,4,5,土,みかん,40100,5136,484
2025,4,5,土,はっさく,41321,13461,295
2025,4,5,土,りんご計,42000,466637,474
2025,4,5,土,びわ,43900,837,3497
2025,4,5,土,おうとう,44800,208,13276
2025,4,5,土,いちご,46100,309223,1281
2025,4,5,土,メロン計,47000,31333,1232
2025,4,5,土,すいか,48100,88399,475
2025,4,5,土,キウイフルツ,49300,24915,673
2025,4,5,土,バナナ,50100,415166,208
2025,4,5,土,パイナップル,50300,113230,266
2025,4,5,土,レモン,50400,29752,384
2025,4,5,土,オレンジ,50600,94008,345
2025,4,5,土,キウイフルツ,50800,74149,770
2025,4,5,土,メロン,50850,4287,497
2025,4,7,月,みかん,40100,3212,482
2025,4,7,月,はっさく,41321,66041,308
2025,4,7,月,りんご計,42000,535061,475
2025,4,7,月,びわ,43900,1943,3261
2025,4,7,月,おうとう,44800,250,12136
2025,4,7,月,いちご,46100,537622,1248
2025,4,7,月,メロン計,47000,48113,1160
2025,4,7,月,すいか,48100,156876,457
2025,4,7,月,キウイフルツ,49300,4670,793
2025,4,7,月,バナナ,50100,425474,229
2025,4,7,月,パイナップル,50300,99983,283
2025,4,7,月,レモン,50400,27004,394
2025,4,7,月,オレンジ,50600,39551,382
2025,4,7,月,キウイフルツ,50800,27022,771
2025,4,7,月,メロン,50850,4205,451
2025,4,8,火,みかん,40100,3848,575
2025,4,8,火,はっさく,41321,47996,333
2025,4,8,火,りんご計,42000,334092,478
2025,4,8,火,びわ,43900,648,3094
2025,4,8,火,おうとう,44800,384,12937
2025,4,8,火,いちご,46100,360820,1281
2025,4,8,火,メロン計,47000,42873,1157
2025,4,8,火,すいか,48100,97568,474
2025,4,8,火,キウイフルツ,49300,16019,739
2025,4,8,火,バナナ,50100,481626,226
2025,4,8,火,パイナップル,50300,108266,259
2025,4,8,火,レモン,50400,40454,374
2025,4,8,火,オレンジ,50600,54438,359
2025,4,8,火,キウイフルツ,50800,58429,778
2025,4,8,火,メロン,50850,3202,505
2025,4,10,木,みかん,40100,2616,540
2025,4,10,木,はっさく,41321,75577,307
2025,4,10,木,りんご計,42000,616690,475
2025,4,10,木,びわ,43900,2148,3079
2025,4,10,木,おうとう,44800,516,12067
2025,4,10,木,いちご,46100,701511,1253
2025,4,10,木,メロン計,47000,46487,1162
2025,4,10,木,すいか,48100,172797,462
2025,4,10,木,キウイフルツ,49300,18381,765
2025,4,10,木,バナナ,50100,551751,227
2025,4,10,木,パイナップル,50300,96771,248
2025,4,10,木,レモン,50400,23449,400
2025,4,10,木,オレンジ,50600,58821,355
2025,4,10,木,キウイフルツ,50800,82598,735
2025,4,10,木,メロン,50850,4942,426
2025,4,11,金,みかん,40100,1266,510
2025,4,11,金,はっさく,41321,44366,293
2025,4,11,金,りんご計,42000,413162,476
2025,4,11,金,びわ,43900,831,3106
2025,4,11,金,おうとう,44800,440,11446
2025,4,11,金,いちご,46100,363566,1249
2025,4,11,金,メロン計,47000,36577,1209
2025,4,11,金,すいか,48100,91435,447
2025,4,11,金,キウイフルツ,49300,20137,753
2025,4,11,金,バナナ,50100,392726,220
2025,4,11,金,パイナップル,50300,89809,273
2025,4,11,金,レモン,50400,23744,395
2025,4,11,金,オレンジ,50600,50336,379
2025,4,11,金,キウイフルツ,50800,89762,812
2025,4,11,金,メロン,50850,2517,447
2025,4,12,土,みかん,40100,991,511
2025,4,12,土,はっさく,41321,26178,329
2025,4,12,土,りんご計,42000,476172,479
2025,4,12,土,びわ,43900,1585,3040
2025,4,12,土,おうとう,44800,584,12356
2025,4,12,土,いちご,46100,414249,1254
2025,4,12,土,メロン計,47000,48352,1093
2025,4,12,土,すいか,48100,163215,453
2025,4,12,土,キウイフルツ,49300,4214,844
2025,4,12,土,バナナ,50100,398585,212
2025,4,12,土,パイナップル,50300,101462,258
2025,4,12,土,レモン,50400,33111,384
2025,4,12,土,オレンジ,50600,75889,355
2025,4,12,土,キウイフルツ,50800,129213,732
2025,4,12,土,メロン,50850,3973,504
2025,4,14,月,みかん,40100,1797,466
2025,4,14,月,はっさく,41321,62500,299
2025,4,14,月,りんご計,42000,558981,475
2025,4,14,月,びわ,43900,2263,3143
2025,4,14,月,おうとう,44800,564,10971
2025,4,14,月,いちご,46100,621652,1225
2025,4,14,月,メロン計,47000,64507,1053
2025,4,14,月,すいか,48100,160411,441
2025,4,14,月,キウイフルツ,49300,22907,530
2025,4,14,月,バナナ,50100,814007,229
2025,4,14,月,パイナップル,50300,104135,281
2025,4,14,月,レモン,50400,29941,390
2025,4,14,月,オレンジ,50600,45087,358
2025,4,14,月,キウイフルツ,50800,87286,785
2025,4,14,月,メロン,50850,4598,490
2025,4,15,火,みかん,40100,1313,346
2025,4,15,火,はっさく,41321,29881,297
2025,4,15,火,りんご計,42000,329320,488
2025,4,15,火,びわ,43900,945,2768
2025,4,15,火,おうとう,44800,657,12167
2025,4,15,火,いちご,46100,358456,1238
2025,4,15,火,メロン計,47000,43892,1100
2025,4,15,火,すいか,48100,119819,472
2025,4,15,火,キウイフルツ,49300,8643,591
2025,4,15,火,バナナ,50100,352168,220
2025,4,15,火,パイナップル,50300,75392,269
2025,4,15,火,レモン,50400,20823,442
2025,4,15,火,オレンジ,50600,47849,367
2025,4,15,火,キウイフルツ,50800,69792,785
2025,4,15,火,メロン,50850,3438,426
2025,4,17,木,みかん,40100,900,413
2025,4,17,木,はっさく,41321,49644,302
2025,4,17,木,りんご計,42000,593619,470
2025,4,17,木,びわ,43900,2784,3008
2025,4,17,木,おうとう,44800,635,11531
2025,4,17,木,いちご,46100,569193,1233
2025,4,17,木,メロン計,47000,84528,1031
2025,4,17,木,すいか,48100,209796,462
2025,4,17,木,キウイフルツ,49300,3187,845
2025,4,17,木,バナナ,50100,386413,235
2025,4,17,木,パイナップル,50300,126614,269
2025,4,17,木,レモン,50400,23919,395
2025,4,17,木,オレンジ,50600,54345,335
2025,4,17,木,キウイフルツ,50800,111424,756
2025,4,17,木,メロン,50850,5051,466
2025,4,18,金,みかん,40100,50,367
2025,4,18,金,はっさく,41321,33520,285
2025,4,18,金,りんご計,42000,440514,477
2025,4,18,金,びわ,43900,1624,2979
2025,4,18,金,おうとう,44800,658,11787
2025,4,18,金,いちご,46100,273224,1246
2025,4,18,金,メロン計,47000,55395,1046
2025,4,18,金,すいか,48100,119114,453
2025,4,18,金,キウイフルツ,49300,3991,822
2025,4,18,金,バナナ,50100,420739,221
2025,4,18,金,パイナップル,50300,99979,290
2025,4,18,金,レモン,50400,24151,401
2025,4,18,金,オレンジ,50600,72920,385
2025,4,18,金,キウイフルツ,50800,58391,790
2025,4,18,金,メロン,50850,6328,403
2025,4,19,土,みかん,40100,200,324
2025,4,19,土,はっさく,41321,11988,284
2025,4,19,土,りんご計,42000,437346,475
2025,4,19,土,びわ,43900,2453,2881
2025,4,19,土,もも,44100,19,11061
2025,4,19,土,おうとう,44800,831,10871
2025,4,19,土,いちご,46100,329971,1265
2025,4,19,土,メロン計,47000,71998,971
2025,4,19,土,すいか,48100,154144,450
2025,4,19,土,キウイフルツ,49300,1250,799
2025,4,19,土,バナナ,50100,339890,219
2025,4,19,土,パイナップル,50300,126380,265
2025,4,19,土,レモン,50400,29496,378
2025,4,19,土,オレンジ,50600,86996,370
2025,4,19,土,キウイフルツ,50800,114648,747
2025,4,19,土,メロン,50850,5383,524
2025,4,21,月,みかん,40100,1393,2439
2025,4,21,月,はっさく,41321,48601,291
2025,4,21,月,りんご計,42000,577849,485
2025,4,21,月,びわ,43900,3245,2919
2025,4,21,月,もも,44100,111,8909
2025,4,21,月,おうとう,44800,798,10296
2025,4,21,月,いちご,46100,549572,1220
2025,4,21,月,メロン計,47000,100661,940
2025,4,21,月,すいか,48100,211451,462
2025,4,21,月,キウイフルツ,49300,1185,843
2025,4,21,月,バナナ,50100,570788,232
2025,4,21,月,パイナップル,50300,110321,289
2025,4,21,月,レモン,50400,22234,409
2025,4,21,月,オレンジ,50600,44547,366
2025,4,21,月,キウイフルツ,50800,117828,740
2025,4,21,月,メロン,50850,4758,452
2025,4,22,火,はっさく,41321,11797,299
2025,4,22,火,りんご計,42000,339692,474
2025,4,22,火,びわ,43900,1831,2902
2025,4,22,火,もも,44100,54,7840
2025,4,22,火,おうとう,44800,1022,10531
2025,4,22,火,いちご,46100,349415,1227
2025,4,22,火,メロン計,47000,66038,975
2025,4,22,火,すいか,48100,170687,486
2025,4,22,火,キウイフルツ,49300,825,721
2025,4,22,火,バナナ,50100,441873,224
2025,4,22,火,パイナップル,50300,111167,263
2025,4,22,火,レモン,50400,21333,397
2025,4,22,火,オレンジ,50600,54188,367
2025,4,22,火,キウイフルツ,50800,112293,743
2025,4,22,火,メロン,50850,2693,429
2025,4,24,木,みかん,40100,2652,2178
2025,4,24,木,はっさく,41321,33081,294
2025,4,24,木,りんご計,42000,505277,473
2025,4,24,木,かき計,43500,546,665
2025,4,24,木,びわ,43900,5316,2860
2025,4,24,木,もも,44100,382,8446
2025,4,24,木,おうとう,44800,1061,9556
2025,4,24,木,いちご,46100,602504,1211
2025,4,24,木,メロン計,47000,138177,892
2025,4,24,木,すいか,48100,350232,480
2025,4,24,木,キウイフルツ,49300,2100,725
2025,4,24,木,バナナ,50100,425376,239
2025,4,24,木,パイナップル,50300,124340,275
2025,4,24,木,レモン,50400,24896,422
2025,4,24,木,オレンジ,50600,74695,355
2025,4,24,木,キウイフルツ,50800,114587,767
2025,4,24,木,メロン,50850,3208,438
2025,4,25,金,はっさく,41321,31040,284
2025,4,25,金,りんご計,42000,419215,478
2025,4,25,金,びわ,43900,2754,2812
2025,4,25,金,もも,44100,157,7614
2025,4,25,金,おうとう,44800,1214,9684
2025,4,25,金,いちご,46100,294601,1222
2025,4,25,金,メロン計,47000,78251,908
2025,4,25,金,すいか,48100,223345,479
2025,4,25,金,キウイフルツ,49300,3263,785
2025,4,25,金,バナナ,50100,513848,212
2025,4,25,金,パイナップル,50300,85164,272
2025,4,25,金,レモン,50400,28344,394
2025,4,25,金,オレンジ,50600,62933,345
2025,4,25,金,おうとう,50700,33,3600
2025,4,25,金,キウイフルツ,50800,60791,774
2025,4,25,金,メロン,50850,4499,426
2025,4,26,土,みかん,40100,360,63
2025,4,26,土,はっさく,41321,9586,309
2025,4,26,土,りんご計,42000,399283,481
2025,4,26,土,びわ,43900,4906,2847
2025,4,26,土,もも,44100,496,7761
2025,4,26,土,おうとう,44800,1435,9582
2025,4,26,土,ぶどう計,45000,635,5901
2025,4,26,土,いちご,46100,316809,1240
2025,4,26,土,メロン計,47000,114569,835
2025,4,26,土,すいか,48100,215908,496
2025,4,26,土,キウイフルツ,49300,892,704
2025,4,26,土,バナナ,50100,551629,229
2025,4,26,土,パイナップル,50300,157166,267
2025,4,26,土,レモン,50400,57402,391
2025,4,26,土,オレンジ,50600,97722,349
2025,4,26,土,キウイフルツ,50800,98868,782
2025,4,26,土,メロン,50850,6141,421
2025,4,28,月,みかん,40100,5012,2054
2025,4,28,月,はっさく,41321,34867,285
2025,4,28,月,りんご計,42000,603768,485
2025,4,28,月,びわ,43900,6761,2734
2025,4,28,月,もも,44100,965,6209
2025,4,28,月,おうとう,44800,1523,9155
2025,4,28,月,ぶどう計,45000,1329,7997
2025,4,28,月,いちご,46100,460541,1193
2025,4,28,月,メロン計,47000,153976,864
2025,4,28,月,すいか,48100,415862,497
2025,4,28,月,キウイフルツ,49300,1702,797
2025,4,28,月,バナナ,50100,735934,228
2025,4,28,月,パイナップル,50300,134322,286
2025,4,28,月,レモン,50400,27892,420
2025,4,28,月,オレンジ,50600,72296,338
2025,4,28,月,おうとう,50700,113,3683
2025,4,28,月,キウイフルツ,50800,115638,751
2025,4,28,月,メロン,50850,6805,466
2025,4,29,火,りんご計,42000,3100,576
2025,4,29,火,びわ,43900,9,686
2025,4,29,火,いちご,46100,30,1548
2025,4,29,火,メロン計,47000,207,1174
2025,4,29,火,すいか,48100,1072,260
2025,4,29,火,バナナ,50100,8242,276
2025,4,29,火,パイナップル,50300,1770,292
2025,4,29,火,レモン,50400,488,885
2025,4,29,火,オレンジ,50600,850,432
2025,4,29,火,キウイフルツ,50800,432,928
2025,4,29,火,メロン,50850,152,729
2025,4,30,水,みかん,40100,2303,2586
2025,4,30,水,はっさく,41321,2610,296
2025,4,30,水,りんご計,42000,329680,470
2025,4,30,水,日本なし計,43000,1270,223
2025,4,30,水,びわ,43900,2003,2796
2025,4,30,水,もも,44100,674,6035
2025,4,30,水,おうとう,44800,1843,9223
2025,4,30,水,ぶどう計,45000,184,15760
2025,4,30,水,いちご,46100,370480,1213
2025,4,30,水,メロン計,47000,131721,874
2025,4,30,水,すいか,48100,329810,476
2025,4,30,水,キウイフルツ,49300,963,798
2025,4,30,水,バナナ,50100,507008,235
2025,4,30,水,パイナップル,50300,117622,290
2025,4,30,水,レモン,50400,27286,418
2025,4,30,水,オレンジ,50600,53238,387
2025,4,30,水,おうとう,50700,131,3050
2025,4,30,水,キウイフルツ,50800,90264,762
2025,4,30,水,メロン,50850,5554,382
2025,5,1,木,みかん,40100,2113,1712
2025,5,1,木,はっさく,41321,13638,309
2025,5,1,木,りんご計,42000,377585,466
2025,5,1,木,びわ,43900,9986,2573
2025,5,1,木,もも,44100,578,4550
2025,5,1,木,おうとう,44800,1388,9329
2025,5,1,木,ぶどう計,45000,2586,7070
2025,5,1,木,いちご,46100,301751,1185
2025,5,1,木,メロン計,47000,141393,853
2025,5,1,木,すいか,48100,307882,495
2025,5,1,木,キウイフルツ,49300,3137,642
2025,5,1,木,バナナ,50100,348357,232
2025,5,1,木,パイナップル,50300,121605,263
2025,5,1,木,レモン,50400,40026,388
2025,5,1,木,オレンジ,50600,66097,342
2025,5,1,木,おうとう,50700,74,3109
2025,5,1,木,キウイフルツ,50800,121086,765
2025,5,1,木,メロン,50850,3318,483
2025,5,2,金,はっさく,41321,3424,337
2025,5,2,金,りんご計,42000,405431,487
2025,5,2,金,びわ,43900,3039,2547
2025,5,2,金,もも,44100,510,4512
2025,5,2,金,おうとう,44800,1344,9298
2025,5,2,金,ぶどう計,45000,627,9348
2025,5,2,金,いちご,46100,223877,1219
2025,5,2,金,メロン計,47000,145238,843
2025,5,2,金,すいか,48100,231771,486
2025,5,2,金,キウイフルツ,49300,1084,747
2025,5,2,金,バナナ,50100,359160,224
2025,5,2,金,パイナップル,50300,115347,264
2025,5,2,金,レモン,50400,44763,347
2025,5,2,金,オレンジ,50600,57939,333
2025,5,2,金,おうとう,50700,540,2877
2025,5,2,金,キウイフルツ,50800,177477,695
2025,5,2,金,メロン,50850,4947,393
2025,5,3,土,みかん,40100,2175,2383
2025,5,3,土,はっさく,41321,1121,289
2025,5,3,土,りんご計,42000,346869,481
2025,5,3,土,びわ,43900,8907,2553
2025,5,3,土,もも,44100,1310,4394
2025,5,3,土,おうとう,44800,1793,9615
2025,5,3,土,うめ,44950,68,486
2025,5,3,土,ぶどう計,45000,3629,7035
2025,5,3,土,いちご,46100,262545,1233
2025,5,3,土,メロン計,47000,176836,830
2025,5,3,土,すいか,48100,283827,478
2025,5,3,土,キウイフルツ,49300,883,675
2025,5,3,土,バナナ,50100,461689,231
2025,5,3,土,パイナップル,50300,164583,280
2025,5,3,土,レモン,50400,55035,378
2025,5,3,土,オレンジ,50600,87091,362
2025,5,3,土,おうとう,50700,278,3026
2025,5,3,土,キウイフルツ,50800,249532,713
2025,5,3,土,メロン,50850,6460,422
2025,5,6,火,りんご計,42000,2880,563
2025,5,6,火,いちご,46100,240,1624
2025,5,6,火,メロン計,47000,220,689
2025,5,6,火,すいか,48100,822,231
2025,5,6,火,バナナ,50100,7581,271
2025,5,6,火,パイナップル,50300,3550,291
2025,5,6,火,レモン,50400,1418,673
2025,5,6,火,オレンジ,50600,969,390
2025,5,6,火,キウイフルツ,50800,390,911
2025,5,6,火,メロン,50850,316,611
2025,5,7,水,みかん,40100,3870,2375
2025,5,7,水,はっさく,41321,3540,335
2025,5,7,水,りんご計,42000,382265,503
2025,5,7,水,びわ,43900,10185,2483
2025,5,7,水,もも,44100,3374,4316
2025,5,7,水,おうとう,44800,3490,9800
2025,5,7,水,ぶどう計,45000,3568,6538
2025,5,7,水,いちご,46100,732068,1150
2025,5,7,水,メロン計,47000,368871,770
2025,5,7,水,すいか,48100,726514,457
2025,5,7,水,キウイフルツ,49300,888,641
2025,5,7,水,バナナ,50100,734528,236
2025,5,7,水,パイナップル,50300,120023,278
2025,5,7,水,レモン,50400,27445,400
2025,5,7,水,オレンジ,50600,62022,361
2025,5,7,水,おうとう,50700,592,2769
2025,5,7,水,キウイフルツ,50800,68294,774
2025,5,7,水,メロン,50850,1626,424
2025,5,8,木,みかん,40100,1206,1904
2025,5,8,木,はっさく,41321,6174,304
2025,5,8,木,りんご計,42000,344442,497
2025,5,8,木,びわ,43900,11165,2338
2025,5,8,木,もも,44100,2168,4615
2025,5,8,木,おうとう,44800,1773,10284
2025,5,8,木,うめ,44950,71,353
2025,5,8,木,ぶどう計,45000,4639,6823
2025,5,8,木,いちご,46100,229173,1191
2025,5,8,木,メロン計,47000,194792,787
2025,5,8,木,すいか,48100,201243,471
2025,5,8,木,キウイフルツ,49300,408,659
2025,5,8,木,バナナ,50100,380643,226
2025,5,8,木,パイナップル,50300,118028,280
2025,5,8,木,レモン,50400,24676,402
2025,5,8,木,オレンジ,50600,62666,348
2025,5,8,木,おうとう,50700,1630,2572
2025,5,8,木,キウイフルツ,50800,127845,694
2025,5,8,木,メロン,50850,3021,442
2025,5,9,金,みかん,40100,795,1666
2025,5,9,金,はっさく,41321,1940,402
2025,5,9,金,りんご計,42000,313470,500
2025,5,9,金,びわ,43900,3190,2444
2025,5,9,金,もも,44100,1665,4685
2025,5,9,金,おうとう,44800,1658,10345
2025,5,9,金,ぶどう計,45000,1316,7714
2025,5,9,金,いちご,46100,187168,1173
2025,5,9,金,メロン計,47000,168006,801
2025,5,9,金,すいか,48100,195750,454
2025,5,9,金,キウイフルツ,49300,1239,565
2025,5,9,金,バナナ,50100,554538,225
2025,5,9,金,パイナップル,50300,88530,275
2025,5,9,金,レモン,50400,29685,366
2025,5,9,金,オレンジ,50600,66638,357
2025,5,9,金,おうとう,50700,1520,2643
2025,5,9,金,キウイフルツ,50800,103908,713
2025,5,9,金,メロン,50850,4363,421
2025,5,10,土,みかん,40100,941,1276
2025,5,10,土,はっさく,41321,2460,242
2025,5,10,土,りんご計,42000,341334,513
2025,5,10,土,びわ,43900,13509,2276
2025,5,10,土,もも,44100,3019,4350
2025,5,10,土,おうとう,44800,2578,9643
2025,5,10,土,うめ,44950,515,847
2025,5,10,土,ぶどう計,45000,5587,6248
2025,5,10,土,いちご,46100,228319,1178
2025,5,10,土,メロン計,47000,197596,766
2025,5,10,土,すいか,48100,279112,456
2025,5,10,土,キウイフルツ,49300,810,633
2025,5,10,土,バナナ,50100,419608,226
2025,5,10,土,パイナップル,50300,128329,278
2025,5,10,土,レモン,50400,38417,349
2025,5,10,土,オレンジ,50600,62786,356
2025,5,10,土,おうとう,50700,1808,2784
2025,5,10,土,キウイフルツ,50800,241290,675
2025,5,10,土,メロン,50850,7332,363
2025,5,12,月,みかん,40100,7812,2117
2025,5,12,月,はっさく,41321,1660,399
2025,5,12,月,りんご計,42000,478728,500
2025,5,12,月,びわ,43900,9005,2306
2025,5,12,月,もも,44100,3326,4871
2025,5,12,月,すもも,44700,55,1943
2025,5,12,月,おうとう,44800,2646,8415
2025,5,12,月,うめ,44950,2533,926
2025,5,12,月,ぶどう計,45000,2841,5156
2025,5,12,月,いちご,46100,361103,1150
2025,5,12,月,メロン計,47000,237117,726
2025,5,12,月,すいか,48100,464141,432
2025,5,12,月,キウイフルツ,49300,506,623
2025,5,12,月,バナナ,50100,585964,244
2025,5,12,月,パイナップル,50300,112124,289
2025,5,12,月,レモン,50400,29698,386
2025,5,12,月,オレンジ,50600,69817,366
2025,5,12,月,おうとう,50700,1295,2469
2025,5,12,月,キウイフルツ,50800,169304,659
2025,5,12,月,メロン,50850,2804,491
2025,5,13,火,みかん,40100,1813,2769
2025,5,13,火,はっさく,41321,510,294
2025,5,13,火,りんご計,42000,286482,513
2025,5,13,火,びわ,43900,2124,2259
2025,5,13,火,もも,44100,3515,3777
2025,5,13,火,すもも,44700,68,1155
2025,5,13,火,おうとう,44800,3307,8074
2025,5,13,火,うめ,44950,5463,836
2025,5,13,火,ぶどう計,45000,11591,4669
2025,5,13,火,いちご,46100,198275,1171
2025,5,13,火,メロン計,47000,177561,753
2025,5,13,火,すいか,48100,258354,431
2025,5,13,火,キウイフルツ,49300,1244,455
2025,5,13,火,バナナ,50100,593773,216
2025,5,13,火,パイナップル,50300,95169,271
2025,5,13,火,レモン,50400,27296,385
2025,5,13,火,オレンジ,50600,47434,349
2025,5,13,火,おうとう,50700,2050,2544
2025,5,13,火,キウイフルツ,50800,64936,720
2025,5,13,火,メロン,50850,3518,331
2025,5,15,木,みかん,40100,8313,2382
2025,5,15,木,はっさく,41321,1551,341
2025,5,15,木,りんご計,42000,439532,512
2025,5,15,木,びわ,43900,10289,2333
2025,5,15,木,もも,44100,5541,4195
2025,5,15,木,すもも,44700,186,2439
2025,5,15,木,おうとう,44800,2517,7769
2025,5,15,木,うめ,44950,8376,814
2025,5,15,木,ぶどう計,45000,8967,5158
2025,5,15,木,いちご,46100,369166,1108
2025,5,15,木,メロン計,47000,263519,723
2025,5,15,木,すいか,48100,518238,425
2025,5,15,木,キウイフルツ,49300,429,464
2025,5,15,木,バナナ,50100,419581,246
2025,5,15,木,パイナップル,50300,115056,279
2025,5,15,木,レモン,50400,23648,431
2025,5,15,木,オレンジ,50600,83534,349
2025,5,15,木,おうとう,50700,1717,2512
2025,5,15,木,キウイフルツ,50800,222107,655
2025,5,15,木,メロン,50850,2147,467
2025,5,16,金,みかん,40100,2059,2161
2025,5,16,金,はっさく,41321,846,159
2025,5,16,金,りんご計,42000,322877,509
2025,5,16,金,びわ,43900,1813,2350
2025,5,16,金,もも,44100,2536,4601
2025,5,16,金,おうとう,44800,2769,7890
2025,5,16,金,うめ,44950,10850,761
2025,5,16,金,ぶどう計,45000,5902,4564
2025,5,16,金,いちご,46100,185523,1088
2025,5,16,金,メロン計,47000,197782,687
2025,5,16,金,すいか,48100,332840,426
2025,5,16,金,キウイフルツ,49300,395,435
2025,5,16,金,バナナ,50100,501878,218
2025,5,16,金,パイナップル,50300,83197,276
2025,5,16,金,レモン,50400,19275,431
2025,5,16,金,オレンジ,50600,62873,331
2025,5,16,金,おうとう,50700,3752,2418
2025,5,16,金,キウイフルツ,50800,91733,734
2025,5,16,金,メロン,50850,5382,358
2025,5,17,土,みかん,40100,8092,2329
2025,5,17,土,りんご計,42000,360655,508
2025,5,17,土,びわ,43900,7158,2238
2025,5,17,土,もも,44100,5161,4330
2025,5,17,土,すもも,44700,348,1999
2025,5,17,土,おうとう,44800,2966,7326
2025,5,17,土,うめ,44950,11100,725
2025,5,17,土,ぶどう計,45000,9701,4456
2025,5,17,土,いちご,46100,210300,1105
2025,5,17,土,メロン計,47000,223773,687
2025,5,17,土,すいか,48100,287558,426
2025,5,17,土,キウイフルツ,49300,852,476
2025,5,17,土,バナナ,50100,433655,241
2025,5,17,土,パイナップル,50300,147570,276
2025,5,17,土,レモン,50400,35820,372
2025,5,17,土,オレンジ,50600,76263,358
2025,5,17,土,おうとう,50700,1709,2226
2025,5,17,土,キウイフルツ,50800,134557,712
2025,5,17,土,メロン,50850,2403,440
2025,5,19,月,みかん,40100,13313,2121
2025,5,19,月,はっさく,41321,700,379
2025,5,19,月,りんご計,42000,412112,504
2025,5,19,月,びわ,43900,9416,2220
2025,5,19,月,もも,44100,5760,4439
2025,5,19,月,すもも,44700,241,2431
2025,5,19,月,おうとう,44800,2491,7200
2025,5,19,月,うめ,44950,16647,724
2025,5,19,月,ぶどう計,45000,8797,4536
2025,5,19,月,いちご,46100,299423,1030
2025,5,19,月,メロン計,47000,286203,655
2025,5,19,月,すいか,48100,778634,379
2025,5,19,月,キウイフルツ,49300,65,395
2025,5,19,月,バナナ,50100,458518,236
2025,5,19,月,パイナップル,50300,75105,284
2025,5,19,月,レモン,50400,18160,412
2025,5,19,月,オレンジ,50600,54727,343
2025,5,19,月,おうとう,50700,2909,2305
2025,5,19,月,キウイフルツ,50800,163015,642
2025,5,19,月,メロン,50850,3341,377
2025,5,20,火,みかん,40100,7811,2452
2025,5,20,火,りんご計,42000,253943,509
2025,5,20,火,びわ,43900,2476,2167
2025,5,20,火,もも,44100,8324,3468
2025,5,20,火,すもも,44700,245,1359
2025,5,20,火,おうとう,44800,2723,7142
2025,5,20,火,うめ,44950,17356,726
2025,5,20,火,ぶどう計,45000,10486,3961
2025,5,20,火,いちご,46100,178151,1055
2025,5,20,火,メロン計,47000,205609,666
2025,5,20,火,すいか,48100,421075,376
2025,5,20,火,キウイフルツ,49300,699,409
2025,5,20,火,バナナ,50100,382136,222
2025,5,20,火,パイナップル,50300,88742,274
2025,5,20,火,レモン,50400,19458,398
2025,5,20,火,オレンジ,50600,51603,335
2025,5,20,火,おうとう,50700,2068,2229
2025,5,20,火,キウイフルツ,50800,302122,611
2025,5,20,火,メロン,50850,927,351
2025,5,22,木,みかん,40100,22218,2125
2025,5,22,木,はっさく,41321,4510,385
2025,5,22,木,りんご計,42000,407586,522
2025,5,22,木,びわ,43900,12570,2116
2025,5,22,木,もも,44100,9926,3542
2025,5,22,木,すもも,44700,271,2145
2025,5,22,木,おうとう,44800,2239,7084
2025,5,22,木,うめ,44950,41533,908
2025,5,22,木,ぶどう計,45000,14766,4027
2025,5,22,木,いちご,46100,303292,996
2025,5,22,木,メロン計,47000,368323,625
2025,5,22,木,すいか,48100,758195,367
2025,5,22,木,キウイフルツ,49300,1540,412
2025,5,22,木,バナナ,50100,460775,245
2025,5,22,木,パイナップル,50300,91689,279
2025,5,22,木,レモン,50400,18186,406
2025,5,22,木,オレンジ,50600,59368,326
2025,5,22,木,おうとう,50700,2261,2169
2025,5,22,木,キウイフルツ,50800,132681,683
2025,5,22,木,メロン,50850,2482,473
2025,5,23,金,みかん,40100,3918,1953
2025,5,23,金,はっさく,41321,700,76
2025,5,23,金,りんご計,42000,290283,517
2025,5,23,金,びわ,43900,2519,2107
2025,5,23,金,もも,44100,6760,3726
2025,5,23,金,すもも,44700,57,1950
2025,5,23,金,おうとう,44800,2042,6800
2025,5,23,金,うめ,44950,38177,945
2025,5,23,金,ぶどう計,45000,10993,3900
2025,5,23,金,いちご,46100,156260,976
2025,5,23,金,メロン計,47000,220188,622
2025,5,23,金,すいか,48100,528184,350
2025,5,23,金,キウイフルツ,49300,365,318
2025,5,23,金,バナナ,50100,433523,226
2025,5,23,金,パイナップル,50300,91351,289
2025,5,23,金,レモン,50400,38965,352
2025,5,23,金,オレンジ,50600,54858,353
2025,5,23,金,おうとう,50700,7479,2054
2025,5,23,金,キウイフルツ,50800,111348,730
2025,5,23,金,メロン,50850,2451,491
2025,5,24,土,みかん,40100,18769,1952
2025,5,24,土,りんご計,42000,297497,504
2025,5,24,土,びわ,43900,11880,2137
2025,5,24,土,もも,44100,9214,3424
2025,5,24,土,すもも,44700,289,2182
2025,5,24,土,おうとう,44800,2552,7371
2025,5,24,土,うめ,44950,41274,906
2025,5,24,土,ぶどう計,45000,15784,3699
2025,5,24,土,いちご,46100,163628,991
2025,5,24,土,メロン計,47000,247889,606
2025,5,24,土,すいか,48100,373370,364
2025,5,24,土,キウイフルツ,49300,170,398
2025,5,24,土,バナナ,50100,328146,235
2025,5,24,土,パイナップル,50300,111417,272
2025,5,24,土,レモン,50400,23247,393
2025,5,24,土,オレンジ,50600,73774,357
2025,5,24,土,おうとう,50700,2203,2168
2025,5,24,土,キウイフルツ,50800,121499,691
2025,5,24,土,メロン,50850,2589,436
2025,5,26,月,みかん,40100,25890,1843
2025,5,26,月,りんご計,42000,324450,506
2025,5,26,月,びわ,43900,12077,2059
2025,5,26,月,もも,44100,9975,3304
2025,5,26,月,すもも,44700,1873,1608
2025,5,26,月,おうとう,44800,2759,7075
2025,5,26,月,うめ,44950,46505,944
2025,5,26,月,ぶどう計,45000,12984,3304
2025,5,26,月,いちご,46100,186138,990
2025,5,26,月,メロン計,47000,318687,600
2025,5,26,月,すいか,48100,708999,329
2025,5,26,月,キウイフルツ,49300,174,364
2025,5,26,月,バナナ,50100,558606,243
2025,5,26,月,パイナップル,50300,83817,299
2025,5,26,月,レモン,50400,25024,377
2025,5,26,月,オレンジ,50600,64387,341
2025,5,26,月,おうとう,50700,5806,2076
2025,5,26,月,キウイフルツ,50800,139292,693
2025,5,26,月,メロン,50850,1912,401
2025,5,27,火,みかん,40100,14366,1915
2025,5,27,火,はっさく,41321,132,557
2025,5,27,火,りんご計,42000,235366,521
2025,5,27,火,びわ,43900,3553,1882
2025,5,27,火,もも,44100,8155,2790
2025,5,27,火,すもも,44700,3108,1567
2025,5,27,火,おうとう,44800,2196,6943
2025,5,27,火,うめ,44950,44430,930
2025,5,27,火,ぶどう計,45000,16048,3207
2025,5,27,火,いちご,46100,100271,1004
2025,5,27,火,メロン計,47000,221456,599
2025,5,27,火,すいか,48100,520024,319
2025,5,27,火,キウイフルツ,49300,207,371
2025,5,27,火,バナナ,50100,637753,212
2025,5,27,火,パイナップル,50300,108203,269
2025,5,27,火,レモン,50400,28336,398
2025,5,27,火,オレンジ,50600,69471,346
2025,5,27,火,おうとう,50700,3073,2158
2025,5,27,火,キウイフルツ,50800,149213,633
2025,5,27,火,メロン,50850,2560,355
2025,5,29,木,みかん,40100,30283,1719
2025,5,29,木,りんご計,42000,336070,519
2025,5,29,木,びわ,43900,20786,1824
2025,5,29,木,もも,44100,12906,2730
2025,5,29,木,すもも,44700,5191,1554
2025,5,29,木,おうとう,44800,2927,6169
2025,5,29,木,うめ,44950,72678,908
2025,5,29,木,ぶどう計,45000,21569,3262
2025,5,29,木,いちご,46100,165071,1029
2025,5,29,木,メロン計,47000,296632,570
2025,5,29,木,すいか,48100,840668,289
2025,5,29,木,キウイフルツ,49300,71,357
2025,5,29,木,バナナ,50100,466464,247
2025,5,29,木,パイナップル,50300,116268,257
2025,5,29,木,レモン,50400,20581,424
2025,5,29,木,オレンジ,50600,63079,337
2025,5,29,木,おうとう,50700,9097,2030
2025,5,29,木,キウイフルツ,50800,323985,627
2025,5,29,木,メロン,50850,4434,498
2025,5,30,金,みかん,40100,7084,1672
2025,5,30,金,はっさく,41321,1760,251
2025,5,30,金,りんご計,42000,265859,523
2025,5,30,金,びわ,43900,8971,1790
2025,5,30,金,もも,44100,4617,2868
2025,5,30,金,すもも,44700,2174,1555
2025,5,30,金,おうとう,44800,3549,5225
2025,5,30,金,うめ,44950,73859,894
2025,5,30,金,ぶどう計,45000,17692,3112
2025,5,30,金,いちご,46100,79234,1065
2025,5,30,金,メロン計,47000,232583,588
2025,5,30,金,すいか,48100,539528,294
2025,5,30,金,キウイフルツ,49300,10,302
2025,5,30,金,バナナ,50100,637204,223
2025,5,30,金,パイナップル,50300,98011,270
2025,5,30,金,レモン,50400,33985,405
2025,5,30,金,オレンジ,50600,66923,309
2025,5,30,金,おうとう,50700,4893,2122
2025,5,30,金,キウイフルツ,50800,176391,653
2025,5,30,金,メロン,50850,5472,329
2025,5,31,土,みかん,40100,24208,1588
2025,5,31,土,りんご計,42000,268471,520
2025,5,31,土,びわ,43900,13094,1799
2025,5,31,土,もも,44100,9912,2336
2025,5,31,土,すもも,44700,6254,1440
2025,5,31,土,おうとう,44800,6284,4273
2025,5,31,土,うめ,44950,91989,890
2025,5,31,土,ぶどう計,45000,23133,3182
2025,5,31,土,いちご,46100,87731,1077
2025,5,31,土,メロン計,47000,279163,564
2025,5,31,土,すいか,48100,671402,275
2025,5,31,土,キウイフルツ,49300,735,294
2025,5,31,土,バナナ,50100,454427,245
2025,5,31,土,パイナップル,50300,112563,279
2025,5,31,土,レモン,50400,41996,356
2025,5,31,土,オレンジ,50600,87316,361
2025,5,31,土,おうとう,50700,7737,1981
2025,5,31,土,キウイフルツ,50800,143891,701
2025,5,31,土,メロン,50850,13554,163
2025,6,2,月,みかん,40100,33633,1511
2025,6,2,月,りんご計,42000,338280,525
2025,6,2,月,びわ,43900,20607,1690
2025,6,2,月,もも,44100,10281,2373
2025,6,2,月,すもも,44700,5815,1421
2025,6,2,月,おうとう,44800,19329,3398
2025,6,2,月,うめ,44950,148568,901
2025,6,2,月,ぶどう計,45000,25631,3102
2025,6,2,月,いちご,46100,96556,1108
2025,6,2,月,メロン計,47000,295503,557
2025,6,2,月,すいか,48100,795869,271
2025,6,2,月,キウイフルツ,49300,448,486
2025,6,2,月,バナナ,50100,486633,237
2025,6,2,月,パイナップル,50300,85119,275
2025,6,2,月,レモン,50400,27076,364
2025,6,2,月,オレンジ,50600,41990,338
2025,6,2,月,おうとう,50700,2873,2163
2025,6,2,月,キウイフルツ,50800,158505,646
2025,6,2,月,メロン,50850,1441,438
2025,6,3,火,みかん,40100,19518,1568
2025,6,3,火,りんご計,42000,222168,505
2025,6,3,火,びわ,43900,13642,1615
2025,6,3,火,もも,44100,13385,1984
2025,6,3,火,すもも,44700,7530,1401
2025,6,3,火,おうとう,44800,17825,3141
2025,6,3,火,うめ,44950,182239,815
2025,6,3,火,ぶどう計,45000,23281,2753
2025,6,3,火,いちご,46100,48550,1157
2025,6,3,火,メロン計,47000,247197,561
2025,6,3,火,すいか,48100,662093,277
2025,6,3,火,キウイフルツ,49300,3,396
2025,6,3,火,バナナ,50100,461349,207
2025,6,3,火,パイナップル,50300,86845,266
2025,6,3,火,レモン,50400,31320,385
2025,6,3,火,オレンジ,50600,66119,341
2025,6,3,火,おうとう,50700,3353,2177
2025,6,3,火,キウイフルツ,50800,85101,679
2025,6,3,火,メロン,50850,1944,336
2025,6,5,木,みかん,40100,46396,1446
2025,6,5,木,りんご計,42000,355864,535
2025,6,5,木,びわ,43900,24515,1541
2025,6,5,木,もも,44100,18548,1837
2025,6,5,木,すもも,44700,10138,1374
2025,6,5,木,おうとう,44800,30156,2981
2025,6,5,木,うめ,44950,201737,912
2025,6,5,木,ぶどう計,45000,32880,2927
2025,6,5,木,いちご,46100,76908,1173
2025,6,5,木,メロン計,47000,336032,562
2025,6,5,木,すいか,48100,1096333,261
2025,6,5,木,バナナ,50100,364324,245
2025,6,5,木,パイナップル,50300,89198,266
2025,6,5,木,レモン,50400,20591,440
2025,6,5,木,オレンジ,50600,80828,350
2025,6,5,木,おうとう,50700,4061,2078
2025,6,5,木,キウイフルツ,50800,108154,661
2025,6,5,木,メロン,50850,1241,427
2025,6,6,金,みかん,40100,6548,1646
2025,6,6,金,りんご計,42000,272748,535
2025,6,6,金,びわ,43900,13451,1522
2025,6,6,金,もも,44100,9941,1834
2025,6,6,金,すもも,44700,7428,1346
2025,6,6,金,おうとう,44800,19155,3016
2025,6,6,金,うめ,44950,180529,866
2025,6,6,金,ぶどう計,45000,25930,2735
2025,6,6,金,いちご,46100,35466,1146
2025,6,6,金,メロン計,47000,217664,566
2025,6,6,金,すいか,48100,755787,267
2025,6,6,金,バナナ,50100,622840,210
2025,6,6,金,パイナップル,50300,93428,285
2025,6,6,金,レモン,50400,34464,364
2025,6,6,金,オレンジ,50600,56329,345
2025,6,6,金,おうとう,50700,13683,2009
2025,6,6,金,キウイフルツ,50800,138328,658
2025,6,6,金,メロン,50850,3481,437
2025,6,7,土,みかん,40100,51018,1401
2025,6,7,土,はっさく,41321,1100,219
2025,6,7,土,りんご計,42000,266891,515
2025,6,7,土,びわ,43900,15004,1495
2025,6,7,土,もも,44100,16076,1697
2025,6,7,土,すもも,44700,15660,1192
2025,6,7,土,おうとう,44800,18205,3139
2025,6,7,土,うめ,44950,198695,864
2025,6,7,土,ぶどう計,45000,32575,2622
2025,6,7,土,いちご,46100,36737,1225
2025,6,7,土,メロン計,47000,280330,553
2025,6,7,土,すいか,48100,997781,253
2025,6,7,土,バナナ,50100,410532,240
2025,6,7,土,パイナップル,50300,125346,269
2025,6,7,土,レモン,50400,35708,375
2025,6,7,土,オレンジ,50600,83385,352
2025,6,7,土,おうとう,50700,4219,2182
2025,6,7,土,キウイフルツ,50800,133004,685
2025,6,7,土,メロン,50850,6637,284
2025,6,9,月,みかん,40100,50465,1388
2025,6,9,月,りんご計,42000,358424,527
2025,6,9,月,びわ,43900,23287,1453
2025,6,9,月,もも,44100,15239,1723
2025,6,9,月,すもも,44700,26558,1036
2025,6,9,月,おうとう,44800,23528,3288
2025,6,9,月,うめ,44950,223664,849
2025,6,9,月,ぶどう計,45000,36208,2497
2025,6,9,月,いちご,46100,40167,1224
2025,6,9,月,メロン計,47000,433562,541
2025,6,9,月,すいか,48100,1106407,254
2025,6,9,月,バナナ,50100,501234,239
2025,6,9,月,パイナップル,50300,79336,288
2025,6,9,月,レモン,50400,29031,377
2025,6,9,月,オレンジ,50600,52015,346
2025,6,9,月,おうとう,50700,9300,1900
2025,6,9,月,キウイフルツ,50800,86988,670
2025,6,9,月,メロン,50850,3457,441
2025,6,10,火,みかん,40100,28667,1429
2025,6,10,火,りんご計,42000,198770,513
2025,6,10,火,びわ,43900,15155,1389
2025,6,10,火,もも,44100,16441,1598
2025,6,10,火,すもも,44700,21753,1117
2025,6,10,火,おうとう,44800,19875,3336
2025,6,10,火,うめ,44950,204632,839
2025,6,10,火,ぶどう計,45000,35354,2464
2025,6,10,火,いちご,46100,26973,1241
2025,6,10,火,メロン計,47000,304577,559
2025,6,10,火,すいか,48100,1002989,254
2025,6,10,火,バナナ,50100,674062,207
2025,6,10,火,パイナップル,50300,104827,261
2025,6,10,火,レモン,50400,39458,364
2025,6,10,火,オレンジ,50600,62361,344
2025,6,10,火,おうとう,50700,6804,1864
2025,6,10,火,キウイフルツ,50800,325226,587
2025,6,10,火,メロン,50850,5010,227
2025,6,12,木,みかん,40100,89782,1327
2025,6,12,木,りんご計,42000,355857,532
2025,6,12,木,びわ,43900,19676,1468
2025,6,12,木,もも,44100,21733,1650
2025,6,12,木,すもも,44700,32463,1035
2025,6,12,木,おうとう,44800,26955,3400
2025,6,12,木,うめ,44950,179550,899
2025,6,12,木,ぶどう計,45000,47145,2557
2025,6,12,木,いちご,46100,33899,1308
2025,6,12,木,メロン計,47000,375958,585
2025,6,12,木,すいか,48100,1146662,249
2025,6,12,木,バナナ,50100,451361,242
2025,6,12,木,パイナップル,50300,83048,281
2025,6,12,木,レモン,50400,24112,418
2025,6,12,木,オレンジ,50600,63198,333
2025,6,12,木,おうとう,50700,7822,1840
2025,6,12,木,キウイフルツ,50800,91657,678
2025,6,12,木,メロン,50850,2844,377
2025,6,13,金,みかん,40100,6113,1486
2025,6,13,金,りんご計,42000,274815,520
2025,6,13,金,日本なし計,43000,101,4055
2025,6,13,金,びわ,43900,9754,1386
2025,6,13,金,もも,44100,15187,1481
2025,6,13,金,すもも,44700,31772,966
2025,6,13,金,おうとう,44800,15774,3528
2025,6,13,金,うめ,44950,148521,868
2025,6,13,金,ぶどう計,45000,33510,2546
2025,6,13,金,いちご,46100,14547,1286
2025,6,13,金,メロン計,47000,224855,592
2025,6,13,金,すいか,48100,813724,255
2025,6,13,金,バナナ,50100,646867,206
2025,6,13,金,パイナップル,50300,100122,269
2025,6,13,金,レモン,50400,23402,388
2025,6,13,金,オレンジ,50600,62469,362
2025,6,13,金,おうとう,50700,7662,1959
2025,6,13,金,キウイフルツ,50800,74787,668
2025,6,13,金,メロン,50850,2636,405
2025,6,14,土,みかん,40100,96477,1277
2025,6,14,土,りんご計,42000,299885,525
2025,6,14,土,日本なし計,43000,131,3502
2025,6,14,土,びわ,43900,15814,1458
2025,6,14,土,もも,44100,26485,1256
2025,6,14,土,すもも,44700,38953,969
2025,6,14,土,おうとう,44800,15263,3642
2025,6,14,土,うめ,44950,152196,794
2025,6,14,土,ぶどう計,45000,42557,2298
2025,6,14,土,いちご,46100,17056,1376
2025,6,14,土,メロン計,47000,273285,563
2025,6,14,土,すいか,48100,1048063,261
2025,6,14,土,バナナ,50100,421726,228
2025,6,14,土,パイナップル,50300,113089,272
2025,6,14,土,レモン,50400,39416,382
2025,6,14,土,オレンジ,50600,89881,362
2025,6,14,土,おうとう,50700,8133,1654
2025,6,14,土,キウイフルツ,50800,200929,625
2025,6,14,土,メロン,50850,2657,508
2025,6,16,月,みかん,40100,83177,1293
2025,6,16,月,りんご計,42000,371210,524
2025,6,16,月,日本なし計,43000,148,3503
2025,6,16,月,びわ,43900,13217,1433
2025,6,16,月,もも,44100,42312,1231
2025,6,16,月,すもも,44700,60276,880
2025,6,16,月,おうとう,44800,40757,3619
2025,6,16,月,うめ,44950,158516,783
2025,6,16,月,ぶどう計,45000,45873,2396
2025,6,16,月,いちご,46100,16390,1421
2025,6,16,月,メロン計,47000,410460,535
2025,6,16,月,すいか,48100,1126329,247
2025,6,16,月,バナナ,50100,537035,254
2025,6,16,月,パイナップル,50300,79927,280
2025,6,16,月,レモン,50400,22682,415
2025,6,16,月,オレンジ,50600,68929,344
2025,6,16,月,おうとう,50700,8501,1811
2025,6,16,月,キウイフルツ,50800,120075,676
2025,6,16,月,メロン,50850,2507,431
2025,6,17,火,みかん,40100,50282,1279
2025,6,17,火,りんご計,42000,200099,515
2025,6,17,火,日本なし計,43000,170,3294
2025,6,17,火,びわ,43900,9760,1421
2025,6,17,火,もも,44100,54532,1155
2025,6,17,火,すもも,44700,43816,853
2025,6,17,火,おうとう,44800,31026,3611
2025,6,17,火,うめ,44950,126302,770
2025,6,17,火,ぶどう計,45000,45544,2444
2025,6,17,火,いちご,46100,12429,1568
2025,6,17,火,メロン計,47000,256059,561
2025,6,17,火,すいか,48100,894102,264
2025,6,17,火,バナナ,50100,419918,210
2025,6,17,火,パイナップル,50300,111049,267
2025,6,17,火,レモン,50400,28020,370
2025,6,17,火,オレンジ,50600,56781,346
2025,6,17,火,おうとう,50700,12021,1729
2025,6,17,火,キウイフルツ,50800,111181,645
2025,6,17,火,メロン,50850,1442,427
2025,6,19,木,みかん,40100,111186,1232
2025,6,19,木,りんご計,42000,351337,538
2025,6,19,木,日本なし計,43000,173,3236
2025,6,19,木,びわ,43900,15618,1409
2025,6,19,木,もも,44100,94517,1115
2025,6,19,木,すもも,44700,69063,884
2025,6,19,木,おうとう,44800,56592,3618
2025,6,19,木,うめ,44950,132132,757
2025,6,19,木,ぶどう計,45000,59034,2364
2025,6,19,木,いちご,46100,16854,1666
2025,6,19,木,メロン計,47000,436099,561
2025,6,19,木,すいか,48100,1377872,262
2025,6,19,木,バナナ,50100,431075,231
2025,6,19,木,パイナップル,50300,105433,275
2025,6,19,木,レモン,50400,24531,418
2025,6,19,木,オレンジ,50600,49275,352
2025,6,19,木,おうとう,50700,8979,1643
2025,6,19,木,キウイフルツ,50800,79091,692
2025,6,19,木,メロン,50850,4419,445
2025,6,20,金,みかん,40100,14750,1360
2025,6,20,金,りんご計,42000,213311,537
2025,6,20,金,日本なし計,43000,154,3204
2025,6,20,金,びわ,43900,7297,1359
2025,6,20,金,もも,44100,63093,1084
2025,6,20,金,すもも,44700,45351,861
2025,6,20,金,おうとう,44800,40820,3394
2025,6,20,金,うめ,44950,65009,779
2025,6,20,金,ぶどう計,45000,45292,2225
2025,6,20,金,いちご,46100,6417,1704
2025,6,20,金,メロン計,47000,306948,556
2025,6,20,金,すいか,48100,1032841,265
2025,6,20,金,バナナ,50100,481385,219
2025,6,20,金,パイナップル,50300,91774,281
2025,6,20,金,レモン,50400,27166,401
2025,6,20,金,オレンジ,50600,70556,348
2025,6,20,金,おうとう,50700,8774,1544
2025,6,20,金,キウイフルツ,50800,177743,641
2025,6,20,金,メロン,50850,3255,407
2025,6,21,土,みかん,40100,96998,1259
2025,6,21,土,りんご計,42000,227073,521
2025,6,21,土,日本なし計,43000,133,2907
2025,6,21,土,びわ,43900,8053,1421
2025,6,21,土,もも,44100,87735,1080
2025,6,21,土,すもも,44700,51176,851
2025,6,21,土,おうとう,44800,40530,3190
2025,6,21,土,うめ,44950,57170,739
2025,6,21,土,ぶどう計,45000,53185,2371
2025,6,21,土,いちご,46100,7747,1834
2025,6,21,土,メロン計,47000,335335,531
2025,6,21,土,すいか,48100,1047909,263
2025,6,21,土,バナナ,50100,392241,224
2025,6,21,土,パイナップル,50300,119142,273
2025,6,21,土,レモン,50400,37320,364
2025,6,21,土,オレンジ,50600,67299,364
2025,6,21,土,おうとう,50700,4127,1557
2025,6,21,土,キウイフルツ,50800,123205,656
2025,6,21,土,メロン,50850,2391,264
2025,6,23,月,みかん,40100,88970,1235
2025,6,23,月,りんご計,42000,351556,525
2025,6,23,月,日本なし計,43000,269,1496
2025,6,23,月,びわ,43900,7008,1474
2025,6,23,月,もも,44100,152691,1072
2025,6,23,月,すもも,44700,57846,854
2025,6,23,月,おうとう,44800,62478,2726
2025,6,23,月,うめ,44950,55888,729
2025,6,23,月,ぶどう計,45000,60063,2336
2025,6,23,月,いちご,46100,7861,1992
2025,6,23,月,メロン計,47000,373231,559
2025,6,23,月,すいか,48100,1118993,260
2025,6,23,月,バナナ,50100,495661,229
2025,6,23,月,パイナップル,50300,79433,284
2025,6,23,月,レモン,50400,21141,372
2025,6,23,月,オレンジ,50600,79080,333
2025,6,23,月,おうとう,50700,5388,1549
2025,6,23,月,キウイフルツ,50800,123756,679
2025,6,23,月,メロン,50850,1014,360
2025,6,24,火,みかん,40100,57231,1233
2025,6,24,火,りんご計,42000,194880,538
2025,6,24,火,びわ,43900,4823,1335
2025,6,24,火,もも,44100,177037,1054
2025,6,24,火,すもも,44700,53693,815
2025,6,24,火,おうとう,44800,41366,2633
2025,6,24,火,うめ,44950,40310,727
2025,6,24,火,ぶどう計,45000,55082,2305
2025,6,24,火,いちご,46100,6016,1999
2025,6,24,火,メロン計,47000,249421,553
2025,6,24,火,すいか,48100,855234,269
2025,6,24,火,バナナ,50100,787162,210
2025,6,24,火,パイナップル,50300,99153,275
2025,6,24,火,レモン,50400,27690,413
2025,6,24,火,オレンジ,50600,67695,350
2025,6,24,火,おうとう,50700,10078,1608
2025,6,24,火,キウイフルツ,50800,53584,683
2025,6,24,火,メロン,50850,1853,499
2025,6,26,木,みかん,40100,107774,1216
2025,6,26,木,りんご計,42000,315461,537
2025,6,26,木,日本なし計,43000,720,1099
2025,6,26,木,びわ,43900,4853,1498
2025,6,26,木,もも,44100,310378,1040
2025,6,26,木,すもも,44700,63374,822
2025,6,26,木,おうとう,44800,56077,2398
2025,6,26,木,うめ,44950,36218,694
2025,6,26,木,ぶどう計,45000,70574,2436
2025,6,26,木,いちご,46100,7064,1922
2025,6,26,木,メロン計,47000,333072,577
2025,6,26,木,すいか,48100,1287841,268
2025,6,26,木,バナナ,50100,404355,229
2025,6,26,木,パイナップル,50300,98019,287
2025,6,26,木,レモン,50400,35417,388
2025,6,26,木,オレンジ,50600,62208,363
2025,6,26,木,おうとう,50700,7790,1374
2025,6,26,木,キウイフルツ,50800,177007,599
2025,6,26,木,メロン,50850,1228,424
2025,6,27,金,みかん,40100,15658,1321
2025,6,27,金,りんご計,42000,218949,532
2025,6,27,金,びわ,43900,1403,1520
2025,6,27,金,もも,44100,227909,1009
2025,6,27,金,すもも,44700,40985,842
2025,6,27,金,おうとう,44800,34636,2323
2025,6,27,金,うめ,44950,17150,688
2025,6,27,金,ぶどう計,45000,58967,2461
2025,6,27,金,いちご,46100,4346,2118
2025,6,27,金,メロン計,47000,230703,568
2025,6,27,金,すいか,48100,829609,276
2025,6,27,金,バナナ,50100,805588,211
2025,6,27,金,パイナップル,50300,87456,285
2025,6,27,金,レモン,50400,51956,358
2025,6,27,金,オレンジ,50600,54455,355
2025,6,27,金,おうとう,50700,13818,1515
2025,6,27,金,キウイフルツ,50800,276953,585
2025,6,27,金,メロン,50850,2696,382
2025,6,28,土,みかん,40100,108952,1186
2025,6,28,土,りんご計,42000,265107,496
2025,6,28,土,日本なし計,43000,1430,1252
2025,6,28,土,びわ,43900,1753,1364
2025,6,28,土,もも,44100,240834,1000
2025,6,28,土,すもも,44700,48899,849
2025,6,28,土,おうとう,44800,28428,2326
2025,6,28,土,うめ,44950,46152,491
2025,6,28,土,ぶどう計,45000,65666,2481
2025,6,28,土,いちご,46100,4676,2081
2025,6,28,土,メロン計,47000,260939,557
2025,6,28,土,すいか,48100,972201,283
2025,6,28,土,バナナ,50100,400854,231
2025,6,28,土,パイナップル,50300,116088,268
2025,6,28,土,レモン,50400,38130,384
2025,6,28,土,オレンジ,50600,85133,350
2025,6,28,土,おうとう,50700,9728,1355
2025,6,28,土,キウイフルツ,50800,336560,628
2025,6,28,土,メロン,50850,1820,472
2025,6,30,月,みかん,40100,88636,1164
2025,6,30,月,りんご計,42000,280894,509
2025,6,30,月,日本なし計,43000,1520,1193
2025,6,30,月,びわ,43900,2493,1595
2025,6,30,月,もも,44100,308847,995
2025,6,30,月,すもも,44700,63689,841
2025,6,30,月,おうとう,44800,36420,2474
2025,6,30,月,うめ,44950,23852,677
2025,6,30,月,ぶどう計,45000,66255,2375
2025,6,30,月,いちご,46100,5895,2188
2025,6,30,月,メロン計,47000,321243,575
2025,6,30,月,すいか,48100,1061527,284
2025,6,30,月,バナナ,50100,589325,230
2025,6,30,月,パイナップル,50300,74901,290
2025,6,30,月,レモン,50400,39338,413
2025,6,30,月,オレンジ,50600,78531,365
2025,6,30,月,おうとう,50700,9471,1412
2025,6,30,月,キウイフルツ,50800,139020,646
2025,6,30,月,メロン,50850,3108,412
2025,7,1,火,みかん,40100,51489,1244
2025,7,1,火,りんご計,42000,154724,565
2025,7,1,火,日本なし計,43000,1969,1048
2025,7,1,火,びわ,43900,1466,1388
2025,7,1,火,もも,44100,242837,979
2025,7,1,火,すもも,44700,55056,833
2025,7,1,火,おうとう,44800,25395,2416
2025,7,1,火,うめ,44950,7140,491
2025,7,1,火,ぶどう計,45000,62199,2520
2025,7,1,火,いちご,46100,3507,2108
2025,7,1,火,メロン計,47000,216200,620
2025,7,1,火,すいか,48100,928837,287
2025,7,1,火,バナナ,50100,481537,219
2025,7,1,火,パイナップル,50300,98122,254
2025,7,1,火,レモン,50400,28312,376
2025,7,1,火,オレンジ,50600,68992,354
2025,7,1,火,おうとう,50700,5288,1410
2025,7,1,火,キウイフルツ,50800,100077,664
2025,7,1,火,メロン,50850,1987,330
2025,7,3,木,みかん,40100,113172,1200
2025,7,3,木,りんご計,42000,295736,545
2025,7,3,木,日本なし計,43000,2541,1233
2025,7,3,木,びわ,43900,910,1536
2025,7,3,木,もも,44100,320581,975
2025,7,3,木,すもも,44700,67214,850
2025,7,3,木,おうとう,44800,29152,2564
2025,7,3,木,うめ,44950,4856,536
2025,7,3,木,ぶどう計,45000,77837,2473
2025,7,3,木,いちご,46100,4398,2303
2025,7,3,木,メロン計,47000,305926,607
2025,7,3,木,すいか,48100,1368767,288
2025,7,3,木,キウイフルツ,49300,18,204
2025,7,3,木,バナナ,50100,365654,238
2025,7,3,木,パイナップル,50300,85686,282
2025,7,3,木,レモン,50400,28987,416
2025,7,3,木,オレンジ,50600,84858,351
2025,7,3,木,おうとう,50700,2574,1278
2025,7,3,木,キウイフルツ,50800,79612,694
2025,7,3,木,メロン,50850,2434,431
2025,7,4,金,みかん,40100,12739,1275
2025,7,4,金,りんご計,42000,195292,544
2025,7,4,金,日本なし計,43000,1595,1210
2025,7,4,金,もも,44100,230923,982
2025,7,4,金,すもも,44700,44272,862
2025,7,4,金,おうとう,44800,16310,2564
2025,7,4,金,うめ,44950,9069,681
2025,7,4,金,ぶどう計,45000,66438,2606
2025,7,4,金,いちご,46100,2573,2390
2025,7,4,金,メロン計,47000,197893,648
2025,7,4,金,すいか,48100,968051,292
2025,7,4,金,バナナ,50100,500421,200
2025,7,4,金,パイナップル,50300,75384,282
2025,7,4,金,レモン,50400,24794,441
2025,7,4,金,オレンジ,50600,61265,350
2025,7,4,金,おうとう,50700,12041,1238
2025,7,4,金,キウイフルツ,50800,104357,661
2025,7,4,金,メロン,50850,3086,474
2025,7,5,土,みかん,40100,117820,1135
2025,7,5,土,りんご計,42000,201700,547
2025,7,5,土,日本なし計,43000,5569,1198
2025,7,5,土,びわ,43900,303,1508
2025,7,5,土,もも,44100,260920,996
2025,7,5,土,すもも,44700,55981,863
2025,7,5,土,おうとう,44800,14596,2601
2025,7,5,土,うめ,44950,6431,415
2025,7,5,土,ぶどう計,45000,74395,2605
2025,7,5,土,いちご,46100,2423,2474
2025,7,5,土,メロン計,47000,243002,625
2025,7,5,土,すいか,48100,1109328,290
2025,7,5,土,バナナ,50100,340205,219
2025,7,5,土,パイナップル,50300,97891,274
2025,7,5,土,レモン,50400,58145,333
2025,7,5,土,オレンジ,50600,75047,357
2025,7,5,土,おうとう,50700,13198,1219
2025,7,5,土,キウイフルツ,50800,106637,671
2025,7,5,土,メロン,50850,605,435
2025,7,7,月,みかん,40100,91783,1146
2025,7,7,月,りんご計,42000,256915,553
2025,7,7,月,日本なし計,43000,5840,1254
2025,7,7,月,かき計,43500,1387,758
2025,7,7,月,びわ,43900,6,2196
2025,7,7,月,もも,44100,384007,998
2025,7,7,月,すもも,44700,84446,863
2025,7,7,月,おうとう,44800,24033,2726
2025,7,7,月,うめ,44950,4174,672
2025,7,7,月,ぶどう計,45000,84179,2384
2025,7,7,月,いちご,46100,3678,2416
2025,7,7,月,メロン計,47000,332944,628
2025,7,7,月,すいか,48100,1140934,293
2025,7,7,月,バナナ,50100,566760,236
2025,7,7,月,パイナップル,50300,71609,283
2025,7,7,月,レモン,50400,33258,419
2025,7,7,月,オレンジ,50600,60196,359
2025,7,7,月,おうとう,50700,5567,1438
2025,7,7,月,キウイフルツ,50800,83892,665
2025,7,7,月,メロン,50850,1376,522
2025,7,8,火,みかん,40100,55387,1205
2025,7,8,火,りんご計,42000,147452,557
2025,7,8,火,日本なし計,43000,9859,1192
2025,7,8,火,かき計,43500,44,1237
2025,7,8,火,もも,44100,306253,1019
2025,7,8,火,すもも,44700,62434,860
2025,7,8,火,おうとう,44800,12850,2828
2025,7,8,火,うめ,44950,2913,729
2025,7,8,火,ぶどう計,45000,78231,2541
2025,7,8,火,いちご,46100,2519,2549
2025,7,8,火,メロン計,47000,280821,637
2025,7,8,火,すいか,48100,1093501,293
2025,7,8,火,バナナ,50100,395859,214
2025,7,8,火,パイナップル,50300,85704,267
2025,7,8,火,レモン,50400,26735,399
2025,7,8,火,オレンジ,50600,56447,375
2025,7,8,火,おうとう,50700,9277,1418
2025,7,8,火,キウイフルツ,50800,87233,650
2025,7,8,火,メロン,50850,1633,433
2025,7,10,木,みかん,40100,132415,1156
2025,7,10,木,りんご計,42000,324957,564
2025,7,10,木,日本なし計,43000,21776,1230
2025,7,10,木,びわ,43900,60,1536
2025,7,10,木,もも,44100,410009,1030
2025,7,10,木,すもも,44700,91093,846
2025,7,10,木,おうとう,44800,19192,2843
2025,7,10,木,うめ,44950,7118,606
2025,7,10,木,ぶどう計,45000,104342,2465
2025,7,10,木,いちご,46100,3614,2585
2025,7,10,木,メロン計,47000,365598,642
2025,7,10,木,すいか,48100,1708573,297
2025,7,10,木,バナナ,50100,634259,222
2025,7,10,木,パイナップル,50300,80572,269
2025,7,10,木,レモン,50400,26221,421
2025,7,10,木,オレンジ,50600,65693,359
2025,7,10,木,おうとう,50700,6880,1603
2025,7,10,木,キウイフルツ,50800,122710,661
2025,7,10,木,メロン,50850,2885,475
2025,7,11,金,みかん,40100,20494,1218
2025,7,11,金,りんご計,42000,149542,573
2025,7,11,金,日本なし計,43000,8466,1047
2025,7,11,金,かき計,43500,689,816
2025,7,11,金,もも,44100,263383,1068
2025,7,11,金,すもも,44700,53097,848
2025,7,11,金,おうとう,44800,12295,2686
2025,7,11,金,うめ,44950,287,484
2025,7,11,金,ぶどう計,45000,93986,2569
2025,7,11,金,いちご,46100,2261,2677
2025,7,11,金,メロン計,47000,267571,653
2025,7,11,金,すいか,48100,1195083,292
2025,7,11,金,バナナ,50100,398284,214
2025,7,11,金,パイナップル,50300,73311,268
2025,7,11,金,レモン,50400,30944,430
2025,7,11,金,オレンジ,50600,58309,346
2025,7,11,金,おうとう,50700,11131,1453
2025,7,11,金,キウイフルツ,50800,91235,641
2025,7,11,金,メロン,50850,2038,503
2025,7,12,土,みかん,40100,138818,1145
2025,7,12,土,りんご計,42000,225916,552
2025,7,12,土,日本なし計,43000,24898,1167
2025,7,12,土,びわ,43900,4,2160
2025,7,12,土,もも,44100,285659,1045
2025,7,12,土,すもも,44700,67255,859
2025,7,12,土,おうとう,44800,11928,2598
2025,7,12,土,うめ,44950,6394,744
2025,7,12,土,ぶどう計,45000,104791,2587
2025,7,12,土,いちご,46100,2211,2674
2025,7,12,土,メロン計,47000,296310,643
2025,7,12,土,すいか,48100,1282785,299
2025,7,12,土,バナナ,50100,356411,219
2025,7,12,土,パイナップル,50300,101435,275
2025,7,12,土,レモン,50400,52499,385
2025,7,12,土,オレンジ,50600,64597,368
2025,7,12,土,おうとう,50700,6334,1388
2025,7,12,土,キウイフルツ,50800,130413,677
2025,7,12,土,メロン,50850,1275,450
2025,7,14,月,みかん,40100,109965,1137
2025,7,14,月,りんご計,42000,270076,559
2025,7,14,月,日本なし計,43000,29430,1188
2025,7,14,月,かき計,43500,569,705
2025,7,14,月,もも,44100,433067,1082
2025,7,14,月,すもも,44700,89936,863
2025,7,14,月,おうとう,44800,16135,2574
2025,7,14,月,うめ,44950,9230,690
2025,7,14,月,ぶどう計,45000,111627,2405
2025,7,14,月,いちご,46100,2916,2692
2025,7,14,月,メロン計,47000,369554,641
2025,7,14,月,すいか,48100,1388471,301
2025,7,14,月,バナナ,50100,778598,222
2025,7,14,月,パイナップル,50300,76617,294
2025,7,14,月,レモン,50400,21312,455
2025,7,14,月,オレンジ,50600,51942,367
2025,7,14,月,おうとう,50700,8272,1185
2025,7,14,月,キウイフルツ,50800,62693,684
2025,7,14,月,メロン,50850,1293,527
2025,7,15,火,みかん,40100,60967,1142
2025,7,15,火,りんご計,42000,146536,579
2025,7,15,火,日本なし計,43000,27812,1127
2025,7,15,火,かき計,43500,79,1259
2025,7,15,火,びわ,43900,2,1210
2025,7,15,火,もも,44100,320023,1064
2025,7,15,火,すもも,44700,75597,886
2025,7,15,火,おうとう,44800,9071,2546
2025,7,15,火,うめ,44950,795,459
2025,7,15,火,ぶどう計,45000,112225,2452
2025,7,15,火,いちご,46100,2545,2764
2025,7,15,火,メロン計,47000,306023,656
2025,7,15,火,すいか,48100,1409399,298
2025,7,15,火,バナナ,50100,494157,209
2025,7,15,火,パイナップル,50300,74704,276
2025,7,15,火,レモン,50400,32060,423
2025,7,15,火,オレンジ,50600,45942,369
2025,7,15,火,おうとう,50700,9081,1153
2025,7,15,火,キウイフルツ,50800,70798,693
2025,7,15,火,メロン,50850,1427,492
2025,7,17,木,みかん,40100,163849,1126
2025,7,17,木,りんご計,42000,293785,551
2025,7,17,木,日本なし計,43000,35606,1119
2025,7,17,木,かき計,43500,167,873
2025,7,17,木,もも,44100,431418,1044
2025,7,17,木,すもも,44700,86978,887
2025,7,17,木,おうとう,44800,11370,2738
2025,7,17,木,うめ,44950,9918,439
2025,7,17,木,ぶどう計,45000,125892,2400
2025,7,17,木,いちご,46100,3600,2691
2025,7,17,木,メロン計,47000,354372,656
2025,7,17,木,すいか,48100,1967533,299
2025,7,17,木,バナナ,50100,389617,237
2025,7,17,木,パイナップル,50300,85146,278
2025,7,17,木,レモン,50400,37280,398
2025,7,17,木,オレンジ,50600,47077,376
2025,7,17,木,おうとう,50700,6725,1211
2025,7,17,木,キウイフルツ,50800,87845,705
2025,7,17,木,メロン,50850,2135,464
2025,7,18,金,みかん,40100,14775,1094
2025,7,18,金,りんご計,42000,204445,571
2025,7,18,金,日本なし計,43000,28962,1091
2025,7,18,金,かき計,43500,1960,760
2025,7,18,金,もも,44100,254689,1041
2025,7,18,金,すもも,44700,61346,905
2025,7,18,金,おうとう,44800,7263,2480
2025,7,18,金,うめ,44950,125044,900
2025,7,18,金,ぶどう計,45000,119916,2424
2025,7,18,金,いちご,46100,2062,2753
2025,7,18,金,メロン計,47000,260241,668
2025,7,18,金,すいか,48100,1368751,297
2025,7,18,金,キウイフルツ,49300,12,216
2025,7,18,金,バナナ,50100,391869,196
2025,7,18,金,パイナップル,50300,73992,287
2025,7,18,金,レモン,50400,55596,294
2025,7,18,金,オレンジ,50600,47364,380
2025,7,18,金,おうとう,50700,11461,1053
2025,7,18,金,キウイフルツ,50800,125172,640
2025,7,18,金,メロン,50850,2051,513
2025,7,19,土,みかん,40100,171649,1110
2025,7,19,土,りんご計,42000,217693,579
2025,7,19,土,日本なし計,43000,43198,1095
2025,7,19,土,かき計,43500,188,1130
2025,7,19,土,もも,44100,350377,1025
2025,7,19,土,すもも,44700,74342,900
2025,7,19,土,おうとう,44800,5941,2588
2025,7,19,土,うめ,44950,5421,256
2025,7,19,土,ぶどう計,45000,147763,2373
2025,7,19,土,いちご,46100,2321,2689
2025,7,19,土,メロン計,47000,311342,640
2025,7,19,土,すいか,48100,1818156,294
2025,7,19,土,バナナ,50100,415182,217
2025,7,19,土,パイナップル,50300,101565,280
2025,7,19,土,レモン,50400,46759,394
2025,7,19,土,オレンジ,50600,53646,392
2025,7,19,土,おうとう,50700,14900,1978
2025,7,19,土,キウイフルツ,50800,196595,656
2025,7,19,土,メロン,50850,5873,477
2025,7,21,月,みかん,40100,30,1390
2025,7,21,月,りんご計,42000,2480,637
2025,7,21,月,ぶどう計,45000,77,2126
2025,7,21,月,メロン計,47000,240,766
2025,7,21,月,すいか,48100,8854,281
2025,7,21,月,バナナ,50100,7066,275
2025,7,21,月,パイナップル,50300,2510,319
2025,7,21,月,レモン,50400,385,559
2025,7,21,月,オレンジ,50600,1883,382
2025,7,21,月,キウイフルツ,50800,428,794
2025,7,21,月,メロン,50850,14,602
2025,7,22,火,みかん,40100,182815,1073
2025,7,22,火,りんご計,42000,279445,589
2025,7,22,火,日本なし計,43000,83722,983
2025,7,22,火,かき計,43500,1655,750
2025,7,22,火,もも,44100,726806,1018
2025,7,22,火,すもも,44700,128825,902
2025,7,22,火,おうとう,44800,9377,2470
2025,7,22,火,うめ,44950,1368,348
2025,7,22,火,ぶどう計,45000,193581,2200
2025,7,22,火,いちご,46100,5016,2776
2025,7,22,火,メロン計,47000,485593,601
2025,7,22,火,すいか,48100,2913322,290
2025,7,22,火,キウイフルツ,49300,18,259
2025,7,22,火,バナナ,50100,739847,234
2025,7,22,火,パイナップル,50300,105896,280
2025,7,22,火,レモン,50400,41951,424
2025,7,22,火,オレンジ,50600,76489,354
2025,7,22,火,おうとう,50700,9427,1309
2025,7,22,火,キウイフルツ,50800,119943,642
2025,7,22,火,メロン,50850,1771,408
2025,7,23,水,りんご計,42000,2500,668
2025,7,23,水,日本なし計,43000,250,1145
2025,7,23,水,もも,44100,11097,901
2025,7,23,水,すもも,44700,2498,892
2025,7,23,水,おうとう,44800,1801,1855
2025,7,23,水,うめ,44950,185,183
2025,7,23,水,ぶどう計,45000,794,2542
2025,7,23,水,いちご,46100,148,1709
2025,7,23,水,メロン計,47000,50883,604
2025,7,23,水,すいか,48100,86067,319
2025,7,23,水,バナナ,50100,18474,257
2025,7,23,水,パイナップル,50300,560,303
2025,7,23,水,レモン,50400,948,445
2025,7,23,水,オレンジ,50600,340,393
2025,7,23,水,キウイフルツ,50800,1247,853
2025,7,24,木,みかん,40100,187391,1093
2025,7,24,木,りんご計,42000,209198,574
2025,7,24,木,日本なし計,43000,87965,895
2025,7,24,木,もも,44100,550135,1027
2025,7,24,木,すもも,44700,74916,968
2025,7,24,木,おうとう,44800,3395,2315
2025,7,24,木,うめ,44950,241869,689
2025,7,24,木,ぶどう計,45000,183493,2212
2025,7,24,木,いちご,46100,3593,2677
2025,7,24,木,メロン計,47000,388188,608
2025,7,24,木,すいか,48100,2277773,285
2025,7,24,木,キウイフルツ,49300,6,259
2025,7,24,木,バナナ,50100,395854,215
2025,7,24,木,パイナップル,50300,98298,280
2025,7,24,木,レモン,50400,33353,420
2025,7,24,木,オレンジ,50600,38042,387
2025,7,24,木,おうとう,50700,5352,1294
2025,7,24,木,キウイフルツ,50800,153432,664
2025,7,24,木,メロン,50850,510,395
2025,7,25,金,みかん,40100,19606,1119
2025,7,25,金,りんご計,42000,207455,584
2025,7,25,金,日本なし計,43000,66740,863
2025,7,25,金,かき計,43500,2344,862
2025,7,25,金,もも,44100,335990,1053
2025,7,25,金,すもも,44700,39297,963
2025,7,25,金,おうとう,44800,1870,2093
2025,7,25,金,ぶどう計,45000,164708,2288
2025,7,25,金,いちご,46100,2115,2808
2025,7,25,金,メロン計,47000,263658,614
2025,7,25,金,すいか,48100,1346578,282
2025,7,25,金,バナナ,50100,602585,215
2025,7,25,金,パイナップル,50300,66976,287
2025,7,25,金,レモン,50400,37110,432
2025,7,25,金,オレンジ,50600,40725,387
2025,7,25,金,おうとう,50700,8033,1296
2025,7,25,金,キウイフルツ,50800,90450,699
2025,7,25,金,メロン,50850,1518,447
2025,7,26,土,みかん,40100,172457,1122
2025,7,26,土,りんご計,42000,158402,585
2025,7,26,土,日本なし計,43000,51559,789
2025,7,26,土,かき計,43500,356,983
2025,7,26,土,もも,44100,393424,1035
2025,7,26,土,すもも,44700,46242,981
2025,7,26,土,おうとう,44800,1360,2321
2025,7,26,土,ぶどう計,45000,178051,2197
2025,7,26,土,いちご,46100,2097,2902
2025,7,26,土,メロン計,47000,317317,587
2025,7,26,土,すいか,48100,1624598,277
2025,7,26,土,キウイフルツ,49300,6,313
2025,7,26,土,バナナ,50100,464512,214
2025,7,26,土,パイナップル,50300,95275,284
2025,7,26,土,レモン,50400,31704,409
2025,7,26,土,オレンジ,50600,72485,351
2025,7,26,土,おうとう,50700,4021,1187
2025,7,26,土,キウイフルツ,50800,134762,669
2025,7,26,土,メロン,50850,1688,430
2025,7,28,月,みかん,40100,119820,1105
2025,7,28,月,りんご計,42000,213200,569
2025,7,28,月,日本なし計,43000,150145,744
2025,7,28,月,かき計,43500,2375,692
2025,7,28,月,もも,44100,567968,989
2025,7,28,月,すもも,44700,50195,991
2025,7,28,月,おうとう,44800,1643,3564
2025,7,28,月,うめ,44950,160,236
2025,7,28,月,ぶどう計,45000,195508,2077
2025,7,28,月,いちご,46100,2563,2795
2025,7,28,月,メロン計,47000,321245,580
2025,7,28,月,すいか,48100,1842722,278
2025,7,28,月,バナナ,50100,619204,225
2025,7,28,月,パイナップル,50300,67119,291
2025,7,28,月,レモン,50400,32745,440
2025,7,28,月,オレンジ,50600,44321,380
2025,7,28,月,おうとう,50700,5586,1151
2025,7,28,月,キウイフルツ,50800,96909,672
2025,7,28,月,メロン,50850,2948,444
2025,7,29,火,みかん,40100,70341,1166
2025,7,29,火,りんご計,42000,141225,593
2025,7,29,火,日本なし計,43000,135071,724
2025,7,29,火,かき計,43500,229,1094
2025,7,29,火,もも,44100,467307,979
2025,7,29,火,すもも,44700,37750,997
2025,7,29,火,おうとう,44800,918,2235
2025,7,29,火,うめ,44950,150,1026
2025,7,29,火,ぶどう計,45000,207994,2015
2025,7,29,火,いちご,46100,1997,2860
2025,7,29,火,メロン計,47000,294915,556
2025,7,29,火,すいか,48100,1590928,271
2025,7,29,火,バナナ,50100,563149,210
2025,7,29,火,パイナップル,50300,81908,282
2025,7,29,火,レモン,50400,44483,390
2025,7,29,火,オレンジ,50600,41059,376
2025,7,29,火,おうとう,50700,5656,1178
2025,7,29,火,キウイフルツ,50800,152595,605
2025,7,29,火,メロン,50850,2023,496
2025,7,31,木,みかん,40100,170394,1124
2025,7,31,木,りんご計,42000,177063,598
2025,7,31,木,日本なし計,43000,267097,701
2025,7,31,木,かき計,43500,207,1739
2025,7,31,木,もも,44100,714126,930
2025,7,31,木,すもも,44700,48868,961
2025,7,31,木,おうとう,44800,1049,5042
2025,7,31,木,ぶどう計,45000,240284,1985
2025,7,31,木,いちご,46100,2979,2847
2025,7,31,木,メロン計,47000,381001,544
2025,7,31,木,すいか,48100,2168162,265
2025,7,31,木,バナナ,50100,568758,252
2025,7,31,木,パイナップル,50300,81850,273
2025,7,31,木,レモン,50400,61883,419
2025,7,31,木,オレンジ,50600,46904,395
2025,7,31,木,おうとう,50700,5035,1180
2025,7,31,木,キウイフルツ,50800,242374,653
2025,7,31,木,メロン,50850,2522,483
2025,8,1,金,みかん,40100,45305,1081
2025,8,1,金,りんご計,42000,167965,605
2025,8,1,金,日本なし計,43000,174982,682
2025,8,1,金,かき計,43500,2437,820
2025,8,1,金,もも,44100,441394,907
2025,8,1,金,すもも,44700,34297,947
2025,8,1,金,おうとう,44800,577,2105
2025,8,1,金,ぶどう計,45000,246542,1977
2025,8,1,金,いちご,46100,1743,2924
2025,8,1,金,メロン計,47000,263768,540
2025,8,1,金,すいか,48100,1385490,272
2025,8,1,金,バナナ,50100,319300,199
2025,8,1,金,パイナップル,50300,58715,268
2025,8,1,金,レモン,50400,26642,427
2025,8,1,金,オレンジ,50600,86856,328
2025,8,1,金,おうとう,50700,3503,1142
2025,8,1,金,キウイフルツ,50800,127695,731
2025,8,1,金,メロン,50850,1210,398
2025,8,2,土,みかん,40100,172156,1107
2025,8,2,土,りんご計,42000,130005,600
2025,8,2,土,日本なし計,43000,277102,735
2025,8,2,土,かき計,43500,518,1141
2025,8,2,土,もも,44100,506592,891
2025,8,2,土,すもも,44700,42519,952
2025,8,2,土,おうとう,44800,693,1936
2025,8,2,土,ぶどう計,45000,251506,1952
2025,8,2,土,いちご,46100,1796,2878
2025,8,2,土,メロン計,47000,306861,538
2025,8,2,土,すいか,48100,1420692,264
2025,8,2,土,バナナ,50100,406561,212
2025,8,2,土,パイナップル,50300,93223,274
2025,8,2,土,レモン,50400,29169,362
2025,8,2,土,オレンジ,50600,59365,353
2025,8,2,土,おうとう,50700,2490,1245
2025,8,2,土,キウイフルツ,50800,91059,706
2025,8,2,土,メロン,50850,3088,307
2025,8,4,月,みかん,40100,161560,1092
2025,8,4,月,りんご計,42000,222263,618
2025,8,4,月,日本なし計,43000,515510,705
2025,8,4,月,かき計,43500,3593,878
2025,8,4,月,もも,44100,756002,849
2025,8,4,月,すもも,44700,52172,934
2025,8,4,月,おうとう,44800,735,3632
2025,8,4,月,ぶどう計,45000,326901,1857
2025,8,4,月,いちご,46100,2215,2889
2025,8,4,月,メロン計,47000,412302,534
2025,8,4,月,すいか,48100,1760319,263
2025,8,4,月,バナナ,50100,441094,223
2025,8,4,月,パイナップル,50300,70990,280
2025,8,4,月,レモン,50400,28469,431
2025,8,4,月,オレンジ,50600,45418,370
2025,8,4,月,おうとう,50700,1721,1255
2025,8,4,月,キウイフルツ,50800,88294,699
2025,8,4,月,メロン,50850,1753,408
2025,8,5,火,みかん,40100,82671,1122
2025,8,5,火,りんご計,42000,172529,625
2025,8,5,火,日本なし計,43000,353575,713
2025,8,5,火,かき計,43500,305,1268
2025,8,5,火,もも,44100,520366,859
2025,8,5,火,すもも,44700,45265,942
2025,8,5,火,おうとう,44800,327,2819
2025,8,5,火,ぶどう計,45000,312097,1887
2025,8,5,火,いちご,46100,1970,2874
2025,8,5,火,メロン計,47000,306244,537
2025,8,5,火,すいか,48100,1227527,269
2025,8,5,火,バナナ,50100,352968,203
2025,8,5,火,パイナップル,50300,73830,272
2025,8,5,火,レモン,50400,40255,406
2025,8,5,火,オレンジ,50600,40216,348
2025,8,5,火,おうとう,50700,1404,1245
2025,8,5,火,キウイフルツ,50800,54847,677
2025,8,5,火,メロン,50850,929,318
2025,8,7,木,みかん,40100,213715,1090
2025,8,7,木,りんご計,42000,255842,606
2025,8,7,木,日本なし計,43000,717513,711
2025,8,7,木,かき計,43500,468,1300
2025,8,7,木,もも,44100,786326,836
2025,8,7,木,すもも,44700,70930,939
2025,8,7,木,おうとう,44800,142,1686
2025,8,7,木,ぶどう計,45000,454215,1791
2025,8,7,木,いちご,46100,2770,2907
2025,8,7,木,メロン計,47000,436693,561
2025,8,7,木,すいか,48100,1977970,270
2025,8,7,木,バナナ,50100,392466,220
2025,8,7,木,パイナップル,50300,82650,281
2025,8,7,木,レモン,50400,32377,435
2025,8,7,木,オレンジ,50600,39604,361
2025,8,7,木,おうとう,50700,1193,1220
2025,8,7,木,キウイフルツ,50800,78484,712
2025,8,7,木,メロン,50850,2320,449
2025,8,8,金,みかん,40100,27231,1037
2025,8,8,金,りんご計,42000,188572,638
2025,8,8,金,日本なし計,43000,403157,711
2025,8,8,金,かき計,43500,4456,858
2025,8,8,金,もも,44100,437336,838
2025,8,8,金,すもも,44700,48719,942
2025,8,8,金,おうとう,44800,43,1457
2025,8,8,金,ぶどう計,45000,345878,1844
2025,8,8,金,いちご,46100,1510,2932
2025,8,8,金,メロン計,47000,304732,565
2025,8,8,金,すいか,48100,1073689,266
2025,8,8,金,バナナ,50100,646767,218
2025,8,8,金,パイナップル,50300,94486,275
2025,8,8,金,レモン,50400,53829,403
2025,8,8,金,オレンジ,50600,48153,378
2025,8,8,金,おうとう,50700,598,1206
2025,8,8,金,キウイフルツ,50800,150422,695
2025,8,8,金,メロン,50850,2621,530
2025,8,9,土,みかん,40100,152663,1126
2025,8,9,土,りんご計,42000,216918,585
2025,8,9,土,日本なし計,43000,462910,706
2025,8,9,土,かき計,43500,2548,665
2025,8,9,土,もも,44100,487426,858
2025,8,9,土,すもも,44700,55174,939
2025,8,9,土,おうとう,44800,188,1334
2025,8,9,土,ぶどう計,45000,389479,1874
2025,8,9,土,いちご,46100,1708,2984
2025,8,9,土,メロン計,47000,327634,542
2025,8,9,土,すいか,48100,1069550,258
2025,8,9,土,バナナ,50100,409121,212
2025,8,9,土,パイナップル,50300,117298,274
2025,8,9,土,レモン,50400,41423,413
2025,8,9,土,オレンジ,50600,73031,351
2025,8,9,土,おうとう,50700,1244,2100
2025,8,9,土,キウイフルツ,50800,111611,720
2025,8,9,土,メロン,50850,1984,506
2025,8,11,月,みかん,40100,94951,1078
2025,8,11,月,りんご計,42000,199296,557
2025,8,11,月,日本なし計,43000,840981,698
2025,8,11,月,かき計,43500,7264,840
2025,8,11,月,もも,44100,691032,833
2025,8,11,月,すもも,44700,84909,865
2025,8,11,月,おうとう,44800,74,1586
2025,8,11,月,うめ,44950,60,218
2025,8,11,月,ぶどう計,45000,566436,1724
2025,8,11,月,いちご,46100,2222,2800
2025,8,11,月,メロン計,47000,305878,525
2025,8,11,月,すいか,48100,1249194,246
2025,8,11,月,バナナ,50100,441512,237
2025,8,11,月,パイナップル,50300,90683,284
2025,8,11,月,レモン,50400,48440,440
2025,8,11,月,オレンジ,50600,35562,366
2025,8,11,月,おうとう,50700,1517,1294
2025,8,11,月,キウイフルツ,50800,99668,698
2025,8,11,月,メロン,50850,2549,467
2025,8,12,火,みかん,40100,23856,974
2025,8,12,火,りんご計,42000,157851,558
2025,8,12,火,日本なし計,43000,420174,677
2025,8,12,火,かき計,43500,2588,853
2025,8,12,火,もも,44100,433396,844
2025,8,12,火,すもも,44700,70648,834
2025,8,12,火,おうとう,44800,18,2100
2025,8,12,火,ぶどう計,45000,393989,1745
2025,8,12,火,いちご,46100,1708,2835
2025,8,12,火,メロン計,47000,248405,475
2025,8,12,火,すいか,48100,787755,239
2025,8,12,火,バナナ,50100,592051,211
2025,8,12,火,パイナップル,50300,79270,274
2025,8,12,火,レモン,50400,37432,439
2025,8,12,火,オレンジ,50600,52740,361
2025,8,12,火,おうとう,50700,659,1395
2025,8,12,火,キウイフルツ,50800,72993,691
2025,8,12,火,メロン,50850,2053,412
2025,8,14,木,みかん,40100,177,1371
2025,8,14,木,りんご計,42000,2050,636
2025,8,14,木,もも,44100,980,649
2025,8,14,木,すもも,44700,160,1166
2025,8,14,木,ぶどう計,45000,228,904
2025,8,14,木,メロン計,47000,1173,348
2025,8,14,木,すいか,48100,6636,190
2025,8,14,木,バナナ,50100,8998,275
2025,8,14,木,パイナップル,50300,2010,357
2025,8,14,木,レモン,50400,481,454
2025,8,14,木,オレンジ,50600,663,381
2025,8,14,木,キウイフルツ,50800,422,797
2025,8,14,木,メロン,50850,42,602
2025,8,15,金,みかん,40100,541,746
2025,8,15,金,りんご計,42000,1440,572
2025,8,15,金,日本なし計,43000,540,444
2025,8,15,金,ぶどう計,45000,912,904
2025,8,15,金,メロン計,47000,765,255
2025,8,15,金,すいか,48100,3912,146
2025,8,15,金,バナナ,50100,9288,272
2025,8,15,金,パイナップル,50300,1880,316
2025,8,15,金,レモン,50400,912,641
2025,8,15,金,オレンジ,50600,2193,381
2025,8,15,金,キウイフルツ,50800,387,784
2025,8,15,金,メロン,50850,14,602
2025,8,16,土,みかん,40100,7929,887
2025,8,16,土,りんご計,42000,115696,536
2025,8,16,土,日本なし計,43000,808924,597
2025,8,16,土,かき計,43500,5101,966
2025,8,16,土,もも,44100,707446,806
2025,8,16,土,すもも,44700,66978,880
2025,8,16,土,ぶどう計,45000,322366,1662
2025,8,16,土,いちご,46100,3791,2845
2025,8,16,土,メロン計,47000,183469,510
2025,8,16,土,すいか,48100,918528,260
2025,8,16,土,バナナ,50100,693581,217
2025,8,16,土,パイナップル,50300,172403,278
2025,8,16,土,レモン,50400,49551,402
2025,8,16,土,オレンジ,50600,56541,356
2025,8,16,土,おうとう,50700,114,1548
2025,8,16,土,キウイフルツ,50800,119716,703
2025,8,16,土,メロン,50850,2541,472
2025,8,18,月,みかん,40100,11669,832
2025,8,18,月,りんご計,42000,167330,485
2025,8,18,月,日本なし計,43000,632336,556
2025,8,18,月,かき計,43500,2406,782
2025,8,18,月,もも,44100,386324,783
2025,8,18,月,すもも,44700,63410,856
2025,8,18,月,ぶどう計,45000,335105,1572
2025,8,18,月,いちご,46100,1938,2854
2025,8,18,月,メロン計,47000,150354,530
2025,8,18,月,すいか,48100,661095,244
2025,8,18,月,バナナ,50100,470713,226
2025,8,18,月,パイナップル,50300,64942,289
2025,8,18,月,レモン,50400,36388,431
2025,8,18,月,オレンジ,50600,43444,349
2025,8,18,月,おうとう,50700,34,1572
2025,8,18,月,キウイフルツ,50800,70008,717
2025,8,18,月,メロン,50850,3030,441
2025,8,19,火,みかん,40100,32169,1018
2025,8,19,火,りんご計,42000,198372,519
2025,8,19,火,日本なし計,43000,477081,544
2025,8,19,火,かき計,43500,7833,904
2025,8,19,火,もも,44100,270565,827
2025,8,19,火,すもも,44700,57868,838
2025,8,19,火,ぶどう計,45000,358201,1573
2025,8,19,火,いちご,46100,1132,2806
2025,8,19,火,メロン計,47000,167722,485
2025,8,19,火,すいか,48100,666829,241
2025,8,19,火,バナナ,50100,360038,209
2025,8,19,火,パイナップル,50300,74724,257
2025,8,19,火,レモン,50400,32320,389
2025,8,19,火,オレンジ,50600,39844,367
2025,8,19,火,おうとう,50700,141,2351
2025,8,19,火,キウイフルツ,50800,74995,692
2025,8,19,火,メロン,50850,4699,439
2025,8,21,木,みかん,40100,83699,944
2025,8,21,木,りんご計,42000,337929,496
2025,8,21,木,日本なし計,43000,753661,543
2025,8,21,木,かき計,43500,4452,1014
2025,8,21,木,もも,44100,378488,796
2025,8,21,木,すもも,44700,58662,805
2025,8,21,木,おうとう,44800,9,3831
2025,8,21,木,ぶどう計,45000,400797,1551
2025,8,21,木,くり,45700,16,662
2025,8,21,木,いちご,46100,1868,3047
2025,8,21,木,メロン計,47000,194879,516
2025,8,21,木,すいか,48100,725177,245
2025,8,21,木,バナナ,50100,576318,247
2025,8,21,木,パイナップル,50300,78446,281
2025,8,21,木,レモン,50400,34409,445
2025,8,21,木,オレンジ,50600,54563,358
2025,8,21,木,おうとう,50700,74,1638
2025,8,21,木,キウイフルツ,50800,120800,701
2025,8,21,木,メロン,50850,4349,437
2025,8,22,金,みかん,40100,18758,899
2025,8,22,金,りんご計,42000,237169,485
2025,8,22,金,日本なし計,43000,474963,542
2025,8,22,金,かき計,43500,5282,803
2025,8,22,金,もも,44100,216802,784
2025,8,22,金,すもも,44700,42018,821
2025,8,22,金,ぶどう計,45000,366982,1536
2025,8,22,金,くり,45700,96,958
2025,8,22,金,いちご,46100,1146,3029
2025,8,22,金,メロン計,47000,163702,490
2025,8,22,金,すいか,48100,444327,237
2025,8,22,金,バナナ,50100,455842,211
2025,8,22,金,パイナップル,50300,77636,269
2025,8,22,金,レモン,50400,31863,420
2025,8,22,金,オレンジ,50600,29837,378
2025,8,22,金,おうとう,50700,34,1588
2025,8,22,金,キウイフルツ,50800,154115,625
2025,8,22,金,メロン,50850,3555,392
2025,8,23,土,みかん,40100,95291,899
2025,8,23,土,りんご計,42000,260978,464
2025,8,23,土,日本なし計,43000,576027,536
2025,8,23,土,かき計,43500,4486,831
2025,8,23,土,もも,44100,291518,809
2025,8,23,土,すもも,44700,35701,816
2025,8,23,土,おうとう,44800,4,3453
2025,8,23,土,ぶどう計,45000,389546,1560
2025,8,23,土,くり,45700,145,903
2025,8,23,土,いちご,46100,1359,3237
2025,8,23,土,メロン計,47000,184377,467
2025,8,23,土,すいか,48100,514696,240
2025,8,23,土,バナナ,50100,355801,206
2025,8,23,土,パイナップル,50300,87996,293
2025,8,23,土,レモン,50400,34474,394
2025,8,23,土,オレンジ,50600,40035,343
2025,8,23,土,キウイフルツ,50800,68191,721
2025,8,23,土,メロン,50850,959,504
2025,8,25,月,みかん,40100,62363,817
2025,8,25,月,りんご計,42000,347907,466
2025,8,25,月,日本なし計,43000,839725,508
2025,8,25,月,かき計,43500,6312,839
2025,8,25,月,もも,44100,355896,758
2025,8,25,月,すもも,44700,47585,790
2025,8,25,月,うめ,44950,136191,413
2025,8,25,月,ぶどう計,45000,427022,1494
2025,8,25,月,くり,45700,650,979
2025,8,25,月,いちご,46100,2038,3257
2025,8,25,月,メロン計,47000,219651,471
2025,8,25,月,すいか,48100,446463,239
2025,8,25,月,バナナ,50100,511460,227
2025,8,25,月,パイナップル,50300,60140,267
2025,8,25,月,レモン,50400,32408,409
2025,8,25,月,オレンジ,50600,44816,354
2025,8,25,月,おうとう,50700,83,930
2025,8,25,月,キウイフルツ,50800,136297,678
2025,8,25,月,メロン,50850,1929,479
2025,8,26,火,みかん,40100,34721,834
2025,8,26,火,りんご計,42000,254885,452
2025,8,26,火,日本なし計,43000,594746,507
2025,8,26,火,かき計,43500,6839,893
2025,8,26,火,もも,44100,309608,802
2025,8,26,火,すもも,44700,36797,783
2025,8,26,火,ぶどう計,45000,411848,1507
2025,8,26,火,くり,45700,1414,1144
2025,8,26,火,いちご,46100,1555,3266
2025,8,26,火,メロン計,47000,170174,489
2025,8,26,火,すいか,48100,469198,244
2025,8,26,火,バナナ,50100,511289,207
2025,8,26,火,パイナップル,50300,69303,269
2025,8,26,火,レモン,50400,31606,406
2025,8,26,火,オレンジ,50600,56204,336
2025,8,26,火,おうとう,50700,8269,6376
2025,8,26,火,キウイフルツ,50800,116753,728
2025,8,26,火,メロン,50850,1363,264
2025,8,28,木,みかん,40100,104196,848
2025,8,28,木,りんご計,42000,344416,459
2025,8,28,木,日本なし計,43000,1092569,525
2025,8,28,木,かき計,43500,6711,782
2025,8,28,木,もも,44100,402029,786
2025,8,28,木,すもも,44700,41110,764
2025,8,28,木,ぶどう計,45000,481271,1487
2025,8,28,木,くり,45700,6619,1095
2025,8,28,木,いちご,46100,2424,3306
2025,8,28,木,メロン計,47000,213169,480
2025,8,28,木,すいか,48100,399421,237
2025,8,28,木,バナナ,50100,497203,223
2025,8,28,木,パイナップル,50300,68352,266
2025,8,28,木,レモン,50400,34383,410
2025,8,28,木,オレンジ,50600,37538,359
2025,8,28,木,おうとう,50700,82,158
2025,8,28,木,キウイフルツ,50800,75976,716
2025,8,28,木,メロン,50850,2350,405
2025,8,29,金,みかん,40100,16236,736
2025,8,29,金,りんご計,42000,280333,444
2025,8,29,金,日本なし計,43000,597659,505
2025,8,29,金,かき計,43500,183,511
2025,8,29,金,もも,44100,258771,740
2025,8,29,金,すもも,44700,38829,801
2025,8,29,金,ぶどう計,45000,438107,1479
2025,8,29,金,くり,45700,2562,1118
2025,8,29,金,いちご,46100,1278,3372
2025,8,29,金,メロン計,47000,149923,488
2025,8,29,金,すいか,48100,445394,246
2025,8,29,金,バナナ,50100,609552,216
2025,8,29,金,パイナップル,50300,65887,273
2025,8,29,金,レモン,50400,30629,412
2025,8,29,金,オレンジ,50600,37219,356
2025,8,29,金,キウイフルツ,50800,101639,698
2025,8,29,金,メロン,50850,4086,389
2025,8,30,土,みかん,40100,78999,854
2025,8,30,土,りんご計,42000,349888,433
2025,8,30,土,日本なし計,43000,722813,515
2025,8,30,土,かき計,43500,8067,908
2025,8,30,土,もも,44100,324407,779
2025,8,30,土,すもも,44700,33929,779
2025,8,30,土,ぶどう計,45000,464788,1479
2025,8,30,土,くり,45700,11980,1217
2025,8,30,土,いちご,46100,1282,3178
2025,8,30,土,メロン計,47000,139586,506
2025,8,30,土,すいか,48100,357246,240
2025,8,30,土,バナナ,50100,424145,234
2025,8,30,土,パイナップル,50300,109792,296
2025,8,30,土,レモン,50400,37060,409
2025,8,30,土,オレンジ,50600,50390,366
2025,8,30,土,おうとう,50700,8,2160
2025,8,30,土,キウイフルツ,50800,118501,702
2025,8,30,土,メロン,50850,2483,474
2025,9,1,月,みかん,40100,75232,782
2025,9,1,月,りんご計,42000,450056,427
2025,9,1,月,日本なし計,43000,924086,483
2025,9,1,月,かき計,43500,9115,833
2025,9,1,月,もも,44100,377828,699
2025,9,1,月,すもも,44700,37516,755
2025,9,1,月,ぶどう計,45000,478622,1449
2025,9,1,月,くり,45700,15787,1148
2025,9,1,月,いちご,46100,1866,3233
2025,9,1,月,メロン計,47000,105213,565
2025,9,1,月,すいか,48100,259721,260
2025,9,1,月,バナナ,50100,511699,206
2025,9,1,月,パイナップル,50300,58131,275
2025,9,1,月,レモン,50400,23028,394
2025,9,1,月,オレンジ,50600,38388,339
2025,9,1,月,おうとう,50700,9,1860
2025,9,1,月,キウイフルツ,50800,110196,735
2025,9,1,月,メロン,50850,1645,449
2025,9,2,火,みかん,40100,30712,866
2025,9,2,火,りんご計,42000,329765,436
2025,9,2,火,日本なし計,43000,629687,495
2025,9,2,火,かき計,43500,10129,779
2025,9,2,火,もも,44100,323100,744
2025,9,2,火,すもも,44700,27800,748
2025,9,2,火,ぶどう計,45000,452026,1451
2025,9,2,火,くり,45700,19731,1178
2025,9,2,火,いちご,46100,1860,3261
2025,9,2,火,メロン計,47000,107853,553
2025,9,2,火,すいか,48100,241800,270
2025,9,2,火,バナナ,50100,338107,195
2025,9,2,火,パイナップル,50300,78154,270
2025,9,2,火,レモン,50400,26397,392
2025,9,2,火,オレンジ,50600,49864,332
2025,9,2,火,キウイフルツ,50800,72003,705
2025,9,2,火,メロン,50850,3385,244
2025,9,3,水,みかん,40100,180,278
2025,9,3,水,りんご計,42000,820,739
2025,9,3,水,日本なし計,43000,100,670
2025,9,3,水,もも,44100,1280,568
2025,9,3,水,ぶどう計,45000,777,871
2025,9,3,水,メロン計,47000,160,878
2025,9,3,水,バナナ,50100,20355,260
2025,9,3,水,パイナップル,50300,10840,321
2025,9,3,水,レモン,50400,248,472
2025,9,3,水,オレンジ,50600,1630,370
2025,9,3,水,キウイフルツ,50800,386,790
2025,9,4,木,みかん,40100,81552,642
2025,9,4,木,りんご計,42000,462879,425
2025,9,4,木,日本なし計,43000,959894,490
2025,9,4,木,かき計,43500,11860,765
2025,9,4,木,もも,44100,341932,700
2025,9,4,木,すもも,44700,31832,744
2025,9,4,木,ぶどう計,45000,529981,1453
2025,9,4,木,くり,45700,28401,1112
2025,9,4,木,いちご,46100,2425,3245
2025,9,4,木,メロン計,47000,121346,554
2025,9,4,木,すいか,48100,353001,259
2025,9,4,木,バナナ,50100,393276,215
2025,9,4,木,パイナップル,50300,63531,263
2025,9,4,木,レモン,50400,24988,403
2025,9,4,木,オレンジ,50600,42252,335
2025,9,4,木,キウイフルツ,50800,96932,684
2025,9,4,木,メロン,50850,2224,356
2025,9,5,金,みかん,40100,58102,401
2025,9,5,金,りんご計,42000,346089,438
2025,9,5,金,日本なし計,43000,532986,494
2025,9,5,金,かき計,43500,4167,654
2025,9,5,金,もも,44100,204998,652
2025,9,5,金,すもも,44700,19013,762
2025,9,5,金,ぶどう計,45000,492650,1461
2025,9,5,金,くり,45700,20378,1107
2025,9,5,金,いちご,46100,1145,3205
2025,9,5,金,メロン計,47000,87692,581
2025,9,5,金,すいか,48100,165037,260
2025,9,5,金,バナナ,50100,472794,212
2025,9,5,金,パイナップル,50300,79310,269
2025,9,5,金,レモン,50400,22152,457
2025,9,5,金,オレンジ,50600,46490,353
2025,9,5,金,キウイフルツ,50800,104980,690
2025,9,5,金,メロン,50850,2045,431
2025,9,6,土,みかん,40100,112365,527
2025,9,6,土,りんご計,42000,383121,422
2025,9,6,土,日本なし計,43000,603901,500
2025,9,6,土,かき計,43500,36182,584
2025,9,6,土,もも,44100,220172,659
2025,9,6,土,すもも,44700,24708,789
2025,9,6,土,ぶどう計,45000,481431,1465
2025,9,6,土,くり,45700,27080,1080
2025,9,6,土,いちご,46100,1558,3092
2025,9,6,土,メロン計,47000,74446,636
2025,9,6,土,すいか,48100,173556,306
2025,9,6,土,バナナ,50100,436518,196
2025,9,6,土,パイナップル,50300,83889,278
2025,9,6,土,レモン,50400,33006,354
2025,9,6,土,オレンジ,50600,45146,353
2025,9,6,土,キウイフルツ,50800,149676,704
2025,9,6,土,メロン,50850,941,553
2025,9,8,月,みかん,40100,119451,438
2025,9,8,月,りんご計,42000,439462,422
2025,9,8,月,日本なし計,43000,773168,487
2025,9,8,月,かき計,43500,50690,567
2025,9,8,月,もも,44100,223202,651
2025,9,8,月,すもも,44700,26525,772
2025,9,8,月,ぶどう計,45000,506523,1439
2025,9,8,月,くり,45700,34489,1061
2025,9,8,月,いちご,46100,1706,3261
2025,9,8,月,メロン計,47000,73765,648
2025,9,8,月,すいか,48100,105358,295
2025,9,8,月,バナナ,50100,415961,221
2025,9,8,月,パイナップル,50300,62536,269
2025,9,8,月,レモン,50400,23490,399
2025,9,8,月,オレンジ,50600,34707,340
2025,9,8,月,キウイフルツ,50800,86452,697
2025,9,8,月,メロン,50850,3257,391
2025,9,9,火,みかん,40100,80468,423
2025,9,9,火,りんご計,42000,341436,426
2025,9,9,火,日本なし計,43000,636774,483
2025,9,9,火,かき計,43500,17879,629
2025,9,9,火,もも,44100,180247,706
2025,9,9,火,すもも,44700,26587,805
2025,9,9,火,ぶどう計,45000,513132,1452
2025,9,9,火,くり,45700,35012,1043
2025,9,9,火,いちご,46100,1499,3191
2025,9,9,火,メロン計,47000,75460,615
2025,9,9,火,すいか,48100,156416,297
2025,9,9,火,バナナ,50100,646364,214
2025,9,9,火,パイナップル,50300,74586,261
2025,9,9,火,レモン,50400,56831,373
2025,9,9,火,オレンジ,50600,48179,354
2025,9,9,火,キウイフルツ,50800,81751,698
2025,9,9,火,メロン,50850,3482,296
2025,9,11,木,みかん,40100,304473,409
2025,9,11,木,りんご計,42000,530445,424
2025,9,11,木,日本なし計,43000,1044709,471
2025,9,11,木,かき計,43500,172520,503
2025,9,11,木,もも,44100,195881,725
2025,9,11,木,すもも,44700,32424,807
2025,9,11,木,ぶどう計,45000,577977,1446
2025,9,11,木,くり,45700,48613,1015
2025,9,11,木,いちご,46100,2324,3206
2025,9,11,木,メロン計,47000,68321,678
2025,9,11,木,すいか,48100,150464,297
2025,9,11,木,バナナ,50100,365618,220
2025,9,11,木,パイナップル,50300,73633,262
2025,9,11,木,レモン,50400,28182,410
2025,9,11,木,オレンジ,50600,38626,335
2025,9,11,木,キウイフルツ,50800,79119,690
2025,9,11,木,メロン,50850,2723,388
2025,9,12,金,みかん,40100,172015,365
2025,9,12,金,りんご計,42000,471254,442
2025,9,12,金,日本なし計,43000,736604,478
2025,9,12,金,かき計,43500,118467,490
2025,9,12,金,もも,44100,104046,717
2025,9,12,金,すもも,44700,20468,802
2025,9,12,金,ぶどう計,45000,504922,1458
2025,9,12,金,くり,45700,33085,964
2025,9,12,金,いちご,46100,1099,3291
2025,9,12,金,メロン計,47000,64728,710
2025,9,12,金,すいか,48100,64991,276
2025,9,12,金,キウイフルツ,49300,56,508
2025,9,12,金,バナナ,50100,558470,225
2025,9,12,金,パイナップル,50300,67330,273
2025,9,12,金,レモン,50400,26777,442
2025,9,12,金,オレンジ,50600,53725,335
2025,9,12,金,キウイフルツ,50800,86922,751
2025,9,12,金,メロン,50850,3361,427
2025,9,13,土,みかん,40100,214860,405
2025,9,13,土,りんご計,42000,529838,429
2025,9,13,土,日本なし計,43000,815923,481
2025,9,13,土,かき計,43500,157305,502
2025,9,13,土,もも,44100,150834,729
2025,9,13,土,すもも,44700,25048,814
2025,9,13,土,ぶどう計,45000,545813,1470
2025,9,13,土,くり,45700,66639,928
2025,9,13,土,いちご,46100,1423,3227
2025,9,13,土,メロン計,47000,75202,683
2025,9,13,土,すいか,48100,102483,328
2025,9,13,土,バナナ,50100,446246,217
2025,9,13,土,パイナップル,50300,105143,284
2025,9,13,土,レモン,50400,47145,377
2025,9,13,土,オレンジ,50600,53406,354
2025,9,13,土,キウイフルツ,50800,148463,696
2025,9,13,土,メロン,50850,2853,459
2025,9,15,月,みかん,40100,1760,250
2025,9,15,月,りんご計,42000,3120,560
2025,9,15,月,日本なし計,43000,30,580
2025,9,15,月,ぶどう計,45000,140,1752
2025,9,15,月,メロン計,47000,312,531
2025,9,15,月,バナナ,50100,7403,277
2025,9,15,月,パイナップル,50300,5160,318
2025,9,15,月,レモン,50400,83,600
2025,9,15,月,オレンジ,50600,894,384
2025,9,15,月,キウイフルツ,50800,243,785
2025,9,15,月,メロン,50850,65,465
2025,9,16,火,みかん,40100,431595,346
2025,9,16,火,りんご計,42000,614581,419
2025,9,16,火,日本なし計,43000,1352453,460
2025,9,16,火,かき計,43500,330156,469
2025,9,16,火,もも,44100,155212,749
2025,9,16,火,すもも,44700,31823,848
2025,9,16,火,ぶどう計,45000,621302,1447
2025,9,16,火,くり,45700,70201,940
2025,9,16,火,いちご,46100,2972,3255
2025,9,16,火,メロン計,47000,82750,705
2025,9,16,火,すいか,48100,97548,333
2025,9,16,火,キウイフルツ,49300,52,429
2025,9,16,火,バナナ,50100,623597,238
2025,9,16,火,パイナップル,50300,85952,268
2025,9,16,火,レモン,50400,31768,446
2025,9,16,火,オレンジ,50600,72248,327
2025,9,16,火,キウイフルツ,50800,58657,705
2025,9,16,火,メロン,50850,3561,412
2025,9,17,水,みかん,40100,6970,444
2025,9,17,水,りんご計,42000,12883,396
2025,9,17,水,日本なし計,43000,22220,447
2025,9,17,水,すもも,44700,1374,499
2025,9,17,水,ぶどう計,45000,9712,1030
2025,9,17,水,くり,45700,105,1010
2025,9,17,水,いちご,46100,74,2179
2025,9,17,水,メロン計,47000,9260,611
2025,9,17,水,すいか,48100,11145,249
2025,9,17,水,バナナ,50100,17752,264
2025,9,17,水,パイナップル,50300,520,276
2025,9,17,水,レモン,50400,1091,446
2025,9,17,水,オレンジ,50600,390,384
2025,9,17,水,キウイフルツ,50800,628,889
2025,9,18,木,みかん,40100,448995,339
2025,9,18,木,りんご計,42000,568379,398
2025,9,18,木,日本なし計,43000,1110240,458
2025,9,18,木,かき計,43500,310676,453
2025,9,18,木,もも,44100,127921,778
2025,9,18,木,すもも,44700,30190,880
2025,9,18,木,ぶどう計,45000,562067,1503
2025,9,18,木,くり,45700,56661,930
2025,9,18,木,いちご,46100,1981,3380
2025,9,18,木,メロン計,47000,94389,701
2025,9,18,木,すいか,48100,99105,317
2025,9,18,木,バナナ,50100,407044,221
2025,9,18,木,パイナップル,50300,85862,273
2025,9,18,木,レモン,50400,43067,374
2025,9,18,木,オレンジ,50600,64656,304
2025,9,18,木,キウイフルツ,50800,71161,690
2025,9,18,木,メロン,50850,1907,393
2025,9,19,金,みかん,40100,282417,342
2025,9,19,金,りんご計,42000,464142,395
2025,9,19,金,日本なし計,43000,650061,467
2025,9,19,金,かき計,43500,234748,458
2025,9,19,金,もも,44100,59523,760
2025,9,19,金,すもも,44700,21317,866
2025,9,19,金,ぶどう計,45000,478630,1509
2025,9,19,金,くり,45700,37344,902
2025,9,19,金,いちご,46100,1190,3430
2025,9,19,金,メロン計,47000,77069,709
2025,9,19,金,すいか,48100,69497,298
2025,9,19,金,バナナ,50100,373822,220
2025,9,19,金,パイナップル,50300,71557,269
2025,9,19,金,レモン,50400,31094,389
2025,9,19,金,オレンジ,50600,47211,354
2025,9,19,金,キウイフルツ,50800,101169,691
2025,9,19,金,メロン,50850,2424,426
2025,9,20,土,みかん,40100,486856,327
2025,9,20,土,りんご計,42000,455720,404
2025,9,20,土,日本なし計,43000,626319,458
2025,9,20,土,かき計,43500,290862,452
2025,9,20,土,もも,44100,60419,789
2025,9,20,土,すもも,44700,22927,855
2025,9,20,土,ぶどう計,45000,492572,1530
2025,9,20,土,くり,45700,37848,913
2025,9,20,土,いちご,46100,1497,3405
2025,9,20,土,メロン計,47000,67128,721
2025,9,20,土,すいか,48100,88313,327
2025,9,20,土,キウイフルツ,49300,70,397
2025,9,20,土,バナナ,50100,541188,226
2025,9,20,土,パイナップル,50300,90532,288
2025,9,20,土,レモン,50400,32281,402
2025,9,20,土,オレンジ,50600,50324,330
2025,9,20,土,キウイフルツ,50800,178449,719
2025,9,20,土,メロン,50850,4336,413
2025,9,22,月,みかん,40100,448830,322
2025,9,22,月,りんご計,42000,565913,401
2025,9,22,月,日本なし計,43000,838886,467
2025,9,22,月,かき計,43500,414797,455
2025,9,22,月,もも,44100,48608,780
2025,9,22,月,すもも,44700,23889,814
2025,9,22,月,ぶどう計,45000,500824,1543
2025,9,22,月,くり,45700,37501,975
2025,9,22,月,いちご,46100,1894,3452
2025,9,22,月,メロン計,47000,68426,786
2025,9,22,月,すいか,48100,37948,287
2025,9,22,月,キウイフルツ,49300,59,615
2025,9,22,月,バナナ,50100,448364,242
2025,9,22,月,パイナップル,50300,62860,269
2025,9,22,月,レモン,50400,32365,407
2025,9,22,月,オレンジ,50600,38196,364
2025,9,22,月,キウイフルツ,50800,127170,631
2025,9,22,月,メロン,50850,1977,433
2025,9,23,火,みかん,40100,14933,296
2025,9,23,火,りんご計,42000,38962,407
2025,9,23,火,日本なし計,43000,44129,480
2025,9,23,火,かき計,43500,13203,415
2025,9,23,火,もも,44100,7973,842
2025,9,23,火,すもも,44700,219,830
2025,9,23,火,ぶどう計,45000,10037,1356
2025,9,23,火,くり,45700,1789,899
2025,9,23,火,メロン計,47000,2279,728
2025,9,23,火,すいか,48100,2395,382
2025,9,23,火,バナナ,50100,110095,217
2025,9,23,火,パイナップル,50300,15984,233
2025,9,23,火,レモン,50400,3559,417
2025,9,23,火,オレンジ,50600,6131,358
2025,9,23,火,キウイフルツ,50800,7332,742
2025,9,23,火,メロン,50850,154,400
2025,9,24,水,みかん,40100,310071,323
2025,9,24,水,りんご計,42000,394908,403
2025,9,24,水,日本なし計,43000,839545,468
2025,9,24,水,かき計,43500,514091,453
2025,9,24,水,もも,44100,34126,783
2025,9,24,水,すもも,44700,18109,848
2025,9,24,水,ぶどう計,45000,470209,1574
2025,9,24,水,くり,45700,44597,998
2025,9,24,水,いちご,46100,2111,3182
2025,9,24,水,メロン計,47000,79498,733
2025,9,24,水,すいか,48100,45443,309
2025,9,24,水,キウイフルツ,49300,33,383
2025,9,24,水,バナナ,50100,320461,214
2025,9,24,水,パイナップル,50300,40769,284
2025,9,24,水,レモン,50400,17874,365
2025,9,24,水,オレンジ,50600,32985,319
2025,9,24,水,キウイフルツ,50800,26110,713
2025,9,24,水,メロン,50850,3528,355
2025,9,25,木,みかん,40100,367734,348
2025,9,25,木,りんご計,42000,415771,420
2025,9,25,木,日本なし計,43000,610512,478
2025,9,25,木,かき計,43500,335265,434
2025,9,25,木,もも,44100,35405,762
2025,9,25,木,すもも,44700,15625,855
2025,9,25,木,ぶどう計,45000,431624,1546
2025,9,25,木,くり,45700,37787,1022
2025,9,25,木,いちご,46100,898,3474
2025,9,25,木,メロン計,47000,84240,725
2025,9,25,木,すいか,48100,33362,358
2025,9,25,木,キウイフルツ,49300,1048,747
2025,9,25,木,バナナ,50100,372869,230
2025,9,25,木,パイナップル,50300,63790,275
2025,9,25,木,レモン,50400,25215,417
2025,9,25,木,オレンジ,50600,53929,322
2025,9,25,木,キウイフルツ,50800,70992,718
2025,9,25,木,メロン,50850,2863,480
2025,9,26,金,みかん,40100,380125,344
2025,9,26,金,りんご計,42000,429492,410
2025,9,26,金,日本なし計,43000,431638,488
2025,9,26,金,かき計,43500,414208,435
2025,9,26,金,もも,44100,20982,776
2025,9,26,金,すもも,44700,13889,850
2025,9,26,金,ぶどう計,45000,401868,1589
2025,9,26,金,くり,45700,36479,1007
2025,9,26,金,いちご,46100,863,3573
2025,9,26,金,メロン計,47000,75106,728
2025,9,26,金,すいか,48100,63174,318
2025,9,26,金,キウイフルツ,49300,424,731
2025,9,26,金,バナナ,50100,523835,214
2025,9,26,金,パイナップル,50300,52546,269
2025,9,26,金,レモン,50400,26249,395
2025,9,26,金,オレンジ,50600,44041,317
2025,9,26,金,キウイフルツ,50800,35697,711
2025,9,26,金,メロン,50850,971,468
2025,9,27,土,みかん,40100,445613,347
2025,9,27,土,りんご計,42000,459681,408
2025,9,27,土,日本なし計,43000,521803,487
2025,9,27,土,かき計,43500,441301,432
2025,9,27,土,もも,44100,34090,812
2025,9,27,土,すもも,44700,13274,908
2025,9,27,土,ぶどう計,45000,409750,1603
2025,9,27,土,くり,45700,40026,1009
2025,9,27,土,いちご,46100,1242,3417
2025,9,27,土,メロン計,47000,90649,706
2025,9,27,土,すいか,48100,31820,300
2025,9,27,土,キウイフルツ,49300,302,791
2025,9,27,土,バナナ,50100,378207,226
2025,9,27,土,パイナップル,50300,90048,298
2025,9,27,土,レモン,50400,45888,380
2025,9,27,土,オレンジ,50600,47519,344
2025,9,27,土,キウイフルツ,50800,120384,658
2025,9,27,土,メロン,50850,4081,406
2025,9,29,月,みかん,40100,601994,325
2025,9,29,月,りんご計,42000,561316,414
2025,9,29,月,日本なし計,43000,528657,473
2025,9,29,月,かき計,43500,757794,408
2025,9,29,月,もも,44100,17370,818
2025,9,29,月,すもも,44700,10914,875
2025,9,29,月,ぶどう計,45000,448250,1602
2025,9,29,月,くり,45700,46768,1051
2025,9,29,月,いちご,46100,1640,3649
2025,9,29,月,メロン計,47000,94257,744
2025,9,29,月,すいか,48100,42338,285
2025,9,29,月,キウイフルツ,49300,568,733
2025,9,29,月,バナナ,50100,656700,232
2025,9,29,月,パイナップル,50300,63999,280
2025,9,29,月,レモン,50400,27414,414
2025,9,29,月,オレンジ,50600,29780,359
2025,9,29,月,キウイフルツ,50800,96340,715
2025,9,29,月,メロン,50850,4034,446
2025,9,30,火,みかん,40100,392824,336
2025,9,30,火,りんご計,42000,431622,427
2025,9,30,火,日本なし計,43000,555101,491
2025,9,30,火,かき計,43500,570835,397
2025,9,30,火,もも,44100,11737,776
2025,9,30,火,すもも,44700,10729,892
2025,9,30,火,ぶどう計,45000,372372,1595
2025,9,30,火,くり,45700,53108,1015
2025,9,30,火,いちご,46100,1614,3668
2025,9,30,火,メロン計,47000,97894,705
2025,9,30,火,すいか,48100,24660,317
2025,9,30,火,キウイフルツ,49300,538,853
2025,9,30,火,バナナ,50100,435664,238
2025,9,30,火,パイナップル,50300,64043,291
2025,9,30,火,レモン,50400,28544,419
2025,9,30,火,オレンジ,50600,54425,340
2025,9,30,火,キウイフルツ,50800,160345,700
2025,9,30,火,メロン,50850,2429,441
2025,10,2,木,みかん,40100,696202,323
2025,10,2,木,りんご計,42000,663490,421
2025,10,2,木,日本なし計,43000,598597,495
2025,10,2,木,かき計,43500,1121822,385
2025,10,2,木,もも,44100,18875,794
2025,10,2,木,すもも,44700,12082,848
2025,10,2,木,ぶどう計,45000,448805,1570
2025,10,2,木,くり,45700,75518,998
2025,10,2,木,いちご,46100,2068,3741
2025,10,2,木,メロン計,47000,83028,713
2025,10,2,木,すいか,48100,31151,315
2025,10,2,木,キウイフルツ,49300,3493,1197
2025,10,2,木,バナナ,50100,444969,229
2025,10,2,木,パイナップル,50300,73116,268
2025,10,2,木,レモン,50400,27074,381
2025,10,2,木,オレンジ,50600,34873,334
2025,10,2,木,キウイフルツ,50800,67397,701
2025,10,2,木,メロン,50850,3025,469
2025,10,3,金,みかん,40100,468051,336
2025,10,3,金,りんご計,42000,481655,428
2025,10,3,金,日本なし計,43000,355845,487
2025,10,3,金,かき計,43500,335656,376
2025,10,3,金,もも,44100,3753,807
2025,10,3,金,すもも,44700,6456,800
2025,10,3,金,うめ,44950,48,151
2025,10,3,金,ぶどう計,45000,304356,1639
2025,10,3,金,くり,45700,56788,982
2025,10,3,金,いちご,46100,1018,3909
2025,10,3,金,メロン計,47000,67680,714
2025,10,3,金,すいか,48100,6317,382
2025,10,3,金,キウイフルツ,49300,3506,1109
2025,10,3,金,バナナ,50100,277245,211
2025,10,3,金,パイナップル,50300,62874,270
2025,10,3,金,レモン,50400,29341,376
2025,10,3,金,オレンジ,50600,27335,331
2025,10,3,金,キウイフルツ,50800,51068,723
2025,10,3,金,メロン,50850,1646,461
2025,10,4,土,みかん,40100,521098,318
2025,10,4,土,りんご計,42000,543351,439
2025,10,4,土,日本なし計,43000,348966,486
2025,10,4,土,かき計,43500,700877,379
2025,10,4,土,もも,44100,8133,734
2025,10,4,土,すもも,44700,8925,752
2025,10,4,土,ぶどう計,45000,367273,1619
2025,10,4,土,くり,45700,54157,937
2025,10,4,土,いちご,46100,1220,3608
2025,10,4,土,メロン計,47000,88611,683
2025,10,4,土,すいか,48100,41920,309
2025,10,4,土,キウイフルツ,49300,8089,1136
2025,10,4,土,バナナ,50100,464978,228
2025,10,4,土,パイナップル,50300,95176,280
2025,10,4,土,レモン,50400,24647,403
2025,10,4,土,オレンジ,50600,56825,339
2025,10,4,土,キウイフルツ,50800,121106,689
2025,10,4,土,メロン,50850,2869,512
2025,10,6,月,みかん,40100,843697,318
2025,10,6,月,りんご計,42000,605176,439
2025,10,6,月,日本なし計,43000,335031,472
2025,10,6,月,かき計,43500,1348898,349
2025,10,6,月,もも,44100,7387,762
2025,10,6,月,すもも,44700,7950,956
2025,10,6,月,ぶどう計,45000,313184,1669
2025,10,6,月,くり,45700,59566,847
2025,10,6,月,いちご,46100,1674,3773
2025,10,6,月,メロン計,47000,79513,728
2025,10,6,月,すいか,48100,24178,306
2025,10,6,月,キウイフルツ,49300,10564,1104
2025,10,6,月,バナナ,50100,421853,231
2025,10,6,月,パイナップル,50300,47386,275
2025,10,6,月,レモン,50400,31013,381
2025,10,6,月,オレンジ,50600,32690,347
2025,10,6,月,キウイフルツ,50800,55915,709
2025,10,6,月,メロン,50850,2671,388
2025,10,7,火,みかん,40100,381089,321
2025,10,7,火,りんご計,42000,510500,451
2025,10,7,火,日本なし計,43000,332404,478
2025,10,7,火,かき計,43500,701618,348
2025,10,7,火,もも,44100,4313,793
2025,10,7,火,すもも,44700,6390,1124
2025,10,7,火,ぶどう計,45000,300394,1655
2025,10,7,火,くり,45700,61559,849
2025,10,7,火,いちご,46100,1194,3739
2025,10,7,火,メロン計,47000,85890,721
2025,10,7,火,すいか,48100,22431,313
2025,10,7,火,キウイフルツ,49300,2359,1137
2025,10,7,火,バナナ,50100,402933,218
2025,10,7,火,パイナップル,50300,68651,267
2025,10,7,火,レモン,50400,36342,342
2025,10,7,火,オレンジ,50600,23864,357
2025,10,7,火,キウイフルツ,50800,63321,681
2025,10,7,火,メロン,50850,1711,427
2025,10,9,木,みかん,40100,792798,325
2025,10,9,木,りんご計,42000,717416,460
2025,10,9,木,日本なし計,43000,444150,484
2025,10,9,木,かき計,43500,917543,342
2025,10,9,木,もも,44100,2298,717
2025,10,9,木,すもも,44700,5649,1135
2025,10,9,木,ぶどう計,45000,360420,1661
2025,10,9,木,くり,45700,76475,792
2025,10,9,木,いちご,46100,1978,3705
2025,10,9,木,メロン計,47000,81955,737
2025,10,9,木,すいか,48100,41132,289
2025,10,9,木,キウイフルツ,49300,7206,1143
2025,10,9,木,バナナ,50100,382936,237
2025,10,9,木,パイナップル,50300,64963,269
2025,10,9,木,レモン,50400,26204,402
2025,10,9,木,オレンジ,50600,63608,323
2025,10,9,木,キウイフルツ,50800,65043,684
2025,10,9,木,メロン,50850,3898,463
2025,10,10,金,みかん,40100,642865,322
2025,10,10,金,りんご計,42000,583878,445
2025,10,10,金,日本なし計,43000,240314,451
2025,10,10,金,かき計,43500,697268,328
2025,10,10,金,もも,44100,1179,809
2025,10,10,金,すもも,44700,4170,1192
2025,10,10,金,ぶどう計,45000,264036,1703
2025,10,10,金,くり,45700,62813,686
2025,10,10,金,いちご,46100,1129,4522
2025,10,10,金,メロン計,47000,80773,725
2025,10,10,金,すいか,48100,24396,285
2025,10,10,金,キウイフルツ,49300,3546,1029
2025,10,10,金,バナナ,50100,534281,215
2025,10,10,金,パイナップル,50300,75983,267
2025,10,10,金,レモン,50400,26142,396
2025,10,10,金,オレンジ,50600,64453,315
2025,10,10,金,キウイフルツ,50800,46887,704
2025,10,10,金,メロン,50850,2475,495
2025,10,11,土,みかん,40100,909491,310
2025,10,11,土,りんご計,42000,731701,466
2025,10,11,土,日本なし計,43000,350556,471
2025,10,11,土,かき計,43500,951253,327
2025,10,11,土,もも,44100,975,782
2025,10,11,土,すもも,44700,4325,1069
2025,10,11,土,ぶどう計,45000,314068,1671
2025,10,11,土,くり,45700,69482,633
2025,10,11,土,いちご,46100,1148,4068
2025,10,11,土,メロン計,47000,91397,666
2025,10,11,土,すいか,48100,34731,299
2025,10,11,土,キウイフルツ,49300,3145,980
2025,10,11,土,バナナ,50100,420010,235
2025,10,11,土,パイナップル,50300,112009,280
2025,10,11,土,レモン,50400,32576,375
2025,10,11,土,オレンジ,50600,49269,329
2025,10,11,土,キウイフルツ,50800,111295,690
2025,10,11,土,メロン,50850,3014,514
2025,10,13,月,みかん,40100,8430,272
2025,10,13,月,日本なし計,43000,2475,405
2025,10,13,月,ぶどう計,45000,63,2067
2025,10,13,月,バナナ,50100,7613,273
2025,10,13,月,パイナップル,50300,1050,312
2025,10,13,月,レモン,50400,176,648
2025,10,13,月,オレンジ,50600,695,387
2025,10,13,月,キウイフルツ,50800,188,780
2025,10,13,月,メロン,50850,286,480
2025,10,14,火,みかん,40100,1353499,318
2025,10,14,火,りんご計,42000,978745,467
2025,10,14,火,日本なし計,43000,367955,453
2025,10,14,火,かき計,43500,2330486,298
2025,10,14,火,もも,44100,881,813
2025,10,14,火,すもも,44700,4009,1330
2025,10,14,火,ぶどう計,45000,344151,1672
2025,10,14,火,くり,45700,64089,590
2025,10,14,火,いちご,46100,2420,4290
2025,10,14,火,メロン計,47000,89388,704
2025,10,14,火,すいか,48100,37472,297
2025,10,14,火,キウイフルツ,49300,9116,962
2025,10,14,火,バナナ,50100,788936,225
2025,10,14,火,パイナップル,50300,80919,261
2025,10,14,火,レモン,50400,24974,445
2025,10,14,火,オレンジ,50600,47714,325
2025,10,14,火,キウイフルツ,50800,86475,688
2025,10,14,火,メロン,50850,2576,488
2025,10,15,水,みかん,40100,3075,370
2025,10,15,水,りんご計,42000,21816,361
2025,10,15,水,日本なし計,43000,10250,403
2025,10,15,水,かき計,43500,56854,298
2025,10,15,水,すもも,44700,428,567
2025,10,15,水,ぶどう計,45000,3605,1764
2025,10,15,水,くり,45700,7,401
2025,10,15,水,いちご,46100,28,2874
2025,10,15,水,メロン計,47000,4696,640
2025,10,15,水,バナナ,50100,18323,263
2025,10,15,水,パイナップル,50300,260,324
2025,10,15,水,レモン,50400,872,415
2025,10,15,水,オレンジ,50600,204,375
2025,10,15,水,キウイフルツ,50800,1103,733
2025,10,16,木,みかん,40100,1368988,297
2025,10,16,木,りんご計,42000,867469,472
2025,10,16,木,日本なし計,43000,370909,460
2025,10,16,木,かき計,43500,1426820,297
2025,10,16,木,もも,44100,530,740
2025,10,16,木,すもも,44700,2953,1434
2025,10,16,木,ぶどう計,45000,302439,1708
2025,10,16,木,くり,45700,47314,685
2025,10,16,木,いちご,46100,1538,4475
2025,10,16,木,メロン計,47000,88046,686
2025,10,16,木,すいか,48100,21356,294
2025,10,16,木,キウイフルツ,49300,3966,750
2025,10,16,木,バナナ,50100,366981,237
2025,10,16,木,パイナップル,50300,86564,271
2025,10,16,木,レモン,50400,36303,382
2025,10,16,木,オレンジ,50600,33158,354
2025,10,16,木,キウイフルツ,50800,124904,692
2025,10,16,木,メロン,50850,4495,469
2025,10,17,金,みかん,40100,916315,291
2025,10,17,金,りんご計,42000,671320,462
2025,10,17,金,日本なし計,43000,170520,452
2025,10,17,金,かき計,43500,859618,290
2025,10,17,金,もも,44100,215,787
2025,10,17,金,すもも,44700,1915,1289
2025,10,17,金,ぶどう計,45000,216428,1770
2025,10,17,金,くり,45700,37226,680
2025,10,17,金,いちご,46100,751,4567
2025,10,17,金,メロン計,47000,72736,670
2025,10,17,金,すいか,48100,21604,315
2025,10,17,金,キウイフルツ,49300,11052,858
2025,10,17,金,バナナ,50100,338110,229
2025,10,17,金,パイナップル,50300,64127,256
2025,10,17,金,レモン,50400,29515,389
2025,10,17,金,オレンジ,50600,34157,326
2025,10,17,金,キウイフルツ,50800,67875,682
2025,10,17,金,メロン,50850,2741,476
2025,10,18,土,みかん,40100,1063226,302
2025,10,18,土,りんご計,42000,780845,467
2025,10,18,土,日本なし計,43000,223655,449
2025,10,18,土,かき計,43500,845028,298
2025,10,18,土,もも,44100,75,799
2025,10,18,土,すもも,44700,1916,1221
2025,10,18,土,ぶどう計,45000,252387,1725
2025,10,18,土,くり,45700,30333,692
2025,10,18,土,いちご,46100,1183,4117
2025,10,18,土,メロン計,47000,72115,667
2025,10,18,土,すいか,48100,14553,298
2025,10,18,土,キウイフルツ,49300,2374,882
2025,10,18,土,バナナ,50100,454433,228
2025,10,18,土,パイナップル,50300,93517,265
2025,10,18,土,レモン,50400,33627,377
2025,10,18,土,オレンジ,50600,39544,333
2025,10,18,土,キウイフルツ,50800,89623,699
2025,10,18,土,メロン,50850,2664,422
2025,10,20,月,みかん,40100,1313936,289
2025,10,20,月,りんご計,42000,785424,441
2025,10,20,月,日本なし計,43000,186413,470
2025,10,20,月,かき計,43500,1117013,305
2025,10,20,月,すもも,44700,1682,1137
2025,10,20,月,おうとう,44800,12,4644
2025,10,20,月,ぶどう計,45000,201374,1779
2025,10,20,月,くり,45700,29659,634
2025,10,20,月,いちご,46100,1663,4457
2025,10,20,月,メロン計,47000,55859,721
2025,10,20,月,すいか,48100,29462,324
2025,10,20,月,キウイフルツ,49300,2942,607
2025,10,20,月,バナナ,50100,459303,243
2025,10,20,月,パイナップル,50300,74475,275
2025,10,20,月,レモン,50400,30882,365
2025,10,20,月,オレンジ,50600,41699,345
2025,10,20,月,キウイフルツ,50800,69920,689
2025,10,20,月,メロン,50850,3972,504
2025,10,21,火,みかん,40100,738133,296
2025,10,21,火,りんご計,42000,581911,454
2025,10,21,火,日本なし計,43000,180055,435
2025,10,21,火,かき計,43500,830607,304
2025,10,21,火,すもも,44700,1651,915
2025,10,21,火,ぶどう計,45000,201012,1755
2025,10,21,火,くり,45700,29307,666
2025,10,21,火,いちご,46100,926,4545
2025,10,21,火,メロン計,47000,60432,638
2025,10,21,火,すいか,48100,16553,294
2025,10,21,火,キウイフルツ,49300,5875,856
2025,10,21,火,バナナ,50100,370568,223
2025,10,21,火,パイナップル,50300,52752,257
2025,10,21,火,レモン,50400,17793,399
2025,10,21,火,オレンジ,50600,31821,336
2025,10,21,火,キウイフルツ,50800,55774,678
2025,10,21,火,メロン,50850,1783,472
2025,10,23,木,みかん,40100,1102326,312
2025,10,23,木,りんご計,42000,856926,445
2025,10,23,木,日本なし計,43000,278280,448
2025,10,23,木,かき計,43500,1125703,319
2025,10,23,木,もも,44100,65,714
2025,10,23,木,すもも,44700,779,1484
2025,10,23,木,ぶどう計,45000,231580,1751
2025,10,23,木,くり,45700,26462,675
2025,10,23,木,いちご,46100,1897,4529
2025,10,23,木,メロン計,47000,54693,726
2025,10,23,木,すいか,48100,23077,282
2025,10,23,木,キウイフルツ,49300,9570,725
2025,10,23,木,バナナ,50100,389782,244
2025,10,23,木,パイナップル,50300,69569,257
2025,10,23,木,レモン,50400,22636,417
2025,10,23,木,オレンジ,50600,37521,338
2025,10,23,木,キウイフルツ,50800,81201,686
2025,10,23,木,メロン,50850,3157,483
2025,10,24,金,みかん,40100,884459,291
2025,10,24,金,りんご計,42000,642818,451
2025,10,24,金,日本なし計,43000,174161,442
2025,10,24,金,かき計,43500,507313,310
2025,10,24,金,すもも,44700,360,1132
2025,10,24,金,ぶどう計,45000,146653,1807
2025,10,24,金,くり,45700,24176,645
2025,10,24,金,いちご,46100,534,4159
2025,10,24,金,メロン計,47000,39037,728
2025,10,24,金,すいか,48100,22884,347
2025,10,24,金,キウイフルツ,49300,4698,663
2025,10,24,金,バナナ,50100,344140,238
2025,10,24,金,パイナップル,50300,65005,272
2025,10,24,金,レモン,50400,27615,372
2025,10,24,金,オレンジ,50600,32724,323
2025,10,24,金,キウイフルツ,50800,84941,701
2025,10,24,金,メロン,50850,2520,491
2025,10,25,土,みかん,40100,1050319,309
2025,10,25,土,りんご計,42000,615595,443
2025,10,25,土,日本なし計,43000,169987,436
2025,10,25,土,かき計,43500,719244,319
2025,10,25,土,もも,44100,60,756
2025,10,25,土,すもも,44700,338,680
2025,10,25,土,ぶどう計,45000,185661,1746
2025,10,25,土,くり,45700,18173,635
2025,10,25,土,いちご,46100,1433,4638
2025,10,25,土,メロン計,47000,45907,692
2025,10,25,土,すいか,48100,14093,351
2025,10,25,土,キウイフルツ,49300,13219,708
2025,10,25,土,バナナ,50100,415743,229
2025,10,25,土,パイナップル,50300,96437,264
2025,10,25,土,レモン,50400,41400,356
2025,10,25,土,オレンジ,50600,40501,339
2025,10,25,土,キウイフルツ,50800,143161,648
2025,10,25,土,メロン,50850,3515,459
2025,10,27,月,みかん,40100,1061816,323
2025,10,27,月,りんご計,42000,625054,435
2025,10,27,月,日本なし計,43000,125831,434
2025,10,27,月,かき計,43500,823214,321
2025,10,27,月,すもも,44700,220,726
2025,10,27,月,ぶどう計,45000,155659,1807
2025,10,27,月,くり,45700,19136,620
2025,10,27,月,いちご,46100,1568,4533
2025,10,27,月,メロン計,47000,43168,754
2025,10,27,月,すいか,48100,18240,327
2025,10,27,月,キウイフルツ,49300,2459,664
2025,10,27,月,バナナ,50100,608704,230
2025,10,27,月,パイナップル,50300,55359,263
2025,10,27,月,レモン,50400,20966,394
2025,10,27,月,オレンジ,50600,28434,333
2025,10,27,月,キウイフルツ,50800,47276,696
2025,10,27,月,メロン,50850,1713,514
2025,10,28,火,みかん,40100,767778,308
2025,10,28,火,りんご計,42000,543829,429
2025,10,28,火,日本なし計,43000,153130,435
2025,10,28,火,かき計,43500,542859,324
2025,10,28,火,すもも,44700,215,908
2025,10,28,火,ぶどう計,45000,137639,1804
2025,10,28,火,くり,45700,16596,628
2025,10,28,火,いちご,46100,1765,4912
2025,10,28,火,メロン計,47000,40256,747
2025,10,28,火,すいか,48100,11712,412
2025,10,28,火,キウイフルツ,49300,9174,615
2025,10,28,火,バナナ,50100,369322,224
2025,10,28,火,パイナップル,50300,70704,236
2025,10,28,火,レモン,50400,36572,356
2025,10,28,火,オレンジ,50600,26619,341
2025,10,28,火,キウイフルツ,50800,99418,667
2025,10,28,火,メロン,50850,2543,399
2025,10,30,木,みかん,40100,1435549,320
2025,10,30,木,りんご計,42000,706520,421
2025,10,30,木,日本なし計,43000,153793,437
2025,10,30,木,かき計,43500,1053733,322
2025,10,30,木,すもも,44700,191,803
2025,10,30,木,ぶどう計,45000,185057,1778
2025,10,30,木,くり,45700,19938,699
2025,10,30,木,いちご,46100,4031,3773
2025,10,30,木,メロン計,47000,45710,777
2025,10,30,木,すいか,48100,26693,324
2025,10,30,木,キウイフルツ,49300,17903,715
2025,10,30,木,バナナ,50100,569905,227
2025,10,30,木,パイナップル,50300,73881,248
2025,10,30,木,レモン,50400,27452,405
2025,10,30,木,オレンジ,50600,32816,335
2025,10,30,木,キウイフルツ,50800,97691,694
2025,10,30,木,メロン,50850,2107,467
2025,10,31,金,みかん,40100,836338,303
2025,10,31,金,りんご計,42000,503994,429
2025,10,31,金,日本なし計,43000,107622,435
2025,10,31,金,かき計,43500,602596,316
2025,10,31,金,すもも,44700,239,673
2025,10,31,金,ぶどう計,45000,112042,1864
2025,10,31,金,くり,45700,23073,749
2025,10,31,金,いちご,46100,1528,3781
2025,10,31,金,メロン計,47000,39784,837
2025,10,31,金,すいか,48100,26059,328
2025,10,31,金,キウイフルツ,49300,10275,669
2025,10,31,金,バナナ,50100,461615,249
2025,10,31,金,パイナップル,50300,85342,252
2025,10,31,金,レモン,50400,33057,421
2025,10,31,金,オレンジ,50600,54552,317
2025,10,31,金,キウイフルツ,50800,65585,675
2025,10,31,金,メロン,50850,4139,544
2025,11,1,土,みかん,40100,1410214,326
2025,11,1,土,りんご計,42000,703733,428
2025,11,1,土,日本なし計,43000,128735,437
2025,11,1,土,かき計,43500,776961,330
2025,11,1,土,もも,44100,50,778
2025,11,1,土,すもも,44700,116,586
2025,11,1,土,ぶどう計,45000,143883,1794
2025,11,1,土,くり,45700,12956,700
2025,11,1,土,いちご,46100,3508,3888
2025,11,1,土,メロン計,47000,48879,765
2025,11,1,土,すいか,48100,6344,412
2025,11,1,土,キウイフルツ,49300,16498,585
2025,11,1,土,バナナ,50100,407286,231
2025,11,1,土,パイナップル,50300,102761,249
2025,11,1,土,レモン,50400,24782,370
2025,11,1,土,オレンジ,50600,42930,302
2025,11,1,土,キウイフルツ,50800,95793,698
2025,11,1,土,メロン,50850,3489,489
2025,11,3,月,みかん,40100,14022,223
2025,11,3,月,りんご計,42000,1300,560
2025,11,3,月,かき計,43500,7426,435
2025,11,3,月,ぶどう計,45000,18,2160
2025,11,3,月,メロン計,47000,157,538
2025,11,3,月,バナナ,50100,6941,274
2025,11,3,月,パイナップル,50300,1830,312
2025,11,3,月,レモン,50400,149,628
2025,11,3,月,オレンジ,50600,1081,364
2025,11,3,月,キウイフルツ,50800,402,781
2025,11,3,月,メロン,50850,600,566
2025,11,4,火,みかん,40100,1659993,328
2025,11,4,火,りんご計,42000,705600,419
2025,11,4,火,日本なし計,43000,140387,423
2025,11,4,火,かき計,43500,1919785,320
2025,11,4,火,ぶどう計,45000,143782,1830
2025,11,4,火,くり,45700,11437,871
2025,11,4,火,いちご,46100,9941,3246
2025,11,4,火,メロン計,47000,79272,713
2025,11,4,火,すいか,48100,25963,318
2025,11,4,火,キウイフルツ,49300,13801,668
2025,11,4,火,バナナ,50100,547480,230
2025,11,4,火,パイナップル,50300,74905,235
2025,11,4,火,レモン,50400,23123,405
2025,11,4,火,オレンジ,50600,50144,328
2025,11,4,火,キウイフルツ,50800,45328,644
2025,11,4,火,メロン,50850,2219,479
2025,11,6,木,みかん,40100,1618704,336
2025,11,6,木,りんご計,42000,724540,427
2025,11,6,木,日本なし計,43000,93028,421
2025,11,6,木,かき計,43500,1061151,322
2025,11,6,木,すもも,44700,83,945
2025,11,6,木,ぶどう計,45000,118621,1836
2025,11,6,木,くり,45700,11343,906
2025,11,6,木,いちご,46100,9213,3324
2025,11,6,木,メロン計,47000,42563,864
2025,11,6,木,すいか,48100,10158,287
2025,11,6,木,キウイフルツ,49300,14718,683
2025,11,6,木,バナナ,50100,423403,232
2025,11,6,木,パイナップル,50300,93269,235
2025,11,6,木,レモン,50400,27442,377
2025,11,6,木,オレンジ,50600,29099,339
2025,11,6,木,キウイフルツ,50800,95231,668
2025,11,6,木,メロン,50850,2943,473
2025,11,7,金,みかん,40100,1251706,322
2025,11,7,金,りんご計,42000,485324,438
2025,11,7,金,日本なし計,43000,73496,456
2025,11,7,金,かき計,43500,801912,328
2025,11,7,金,ぶどう計,45000,73650,1939
2025,11,7,金,くり,45700,11855,925
2025,11,7,金,いちご,46100,4280,3193
2025,11,7,金,メロン計,47000,29710,914
2025,11,7,金,すいか,48100,14715,300
2025,11,7,金,キウイフルツ,49300,11397,840
2025,11,7,金,バナナ,50100,368149,234
2025,11,7,金,パイナップル,50300,56591,255
2025,11,7,金,レモン,50400,60339,335
2025,11,7,金,オレンジ,50600,49369,326
2025,11,7,金,キウイフルツ,50800,75860,581
2025,11,7,金,メロン,50850,1297,546
2025,11,8,土,みかん,40100,1364687,326
2025,11,8,土,りんご計,42000,546116,435
2025,11,8,土,日本なし計,43000,81064,433
2025,11,8,土,かき計,43500,932276,325
2025,11,8,土,ぶどう計,45000,87453,1861
2025,11,8,土,くり,45700,9370,997
2025,11,8,土,いちご,46100,10079,3370
2025,11,8,土,メロン計,47000,41981,762
2025,11,8,土,すいか,48100,9607,323
2025,11,8,土,キウイフルツ,49300,14422,565
2025,11,8,土,バナナ,50100,458542,238
2025,11,8,土,パイナップル,50300,100256,248
2025,11,8,土,レモン,50400,29902,381
2025,11,8,土,オレンジ,50600,36956,335
2025,11,8,土,キウイフルツ,50800,85258,664
2025,11,8,土,メロン,50850,5181,511
2025,11,10,月,みかん,40100,1747790,334
2025,11,10,月,りんご計,42000,593502,436
2025,11,10,月,日本なし計,43000,37932,412
2025,11,10,月,かき計,43500,956096,332
2025,11,10,月,ぶどう計,45000,66649,1906
2025,11,10,月,くり,45700,10710,942
2025,11,10,月,いちご,46100,13767,3135
2025,11,10,月,メロン計,47000,50933,750
2025,11,10,月,すいか,48100,22734,290
2025,11,10,月,キウイフルツ,49300,10818,683
2025,11,10,月,バナナ,50100,403706,237
2025,11,10,月,パイナップル,50300,46527,236
2025,11,10,月,レモン,50400,20789,366
2025,11,10,月,オレンジ,50600,31854,324
2025,11,10,月,キウイフルツ,50800,55514,679
2025,11,10,月,メロン,50850,1198,556
2025,11,11,火,みかん,40100,1029748,312
2025,11,11,火,りんご計,42000,438091,451
2025,11,11,火,日本なし計,43000,64330,413
2025,11,11,火,かき計,43500,533015,334
2025,11,11,火,ぶどう計,45000,65503,1986
2025,11,11,火,くり,45700,8596,946
2025,11,11,火,いちご,46100,12813,3139
2025,11,11,火,メロン計,47000,28668,824
2025,11,11,火,すいか,48100,12870,311
2025,11,11,火,キウイフルツ,49300,13131,660
2025,11,11,火,バナナ,50100,494743,218
2025,11,11,火,パイナップル,50300,62369,243
2025,11,11,火,レモン,50400,25114,374
2025,11,11,火,オレンジ,50600,25632,355
2025,11,11,火,キウイフルツ,50800,63594,675
2025,11,11,火,メロン,50850,1256,496
2025,11,13,木,みかん,40100,1932899,339
2025,11,13,木,りんご計,42000,644551,457
2025,11,13,木,日本なし計,43000,45446,425
2025,11,13,木,かき計,43500,877142,326
2025,11,13,木,もも,44100,335,1356
2025,11,13,木,すもも,44700,35,201
2025,11,13,木,ぶどう計,45000,72475,1923
2025,11,13,木,くり,45700,6475,955
2025,11,13,木,いちご,46100,24021,3083
2025,11,13,木,メロン計,47000,48564,857
2025,11,13,木,すいか,48100,17997,304
2025,11,13,木,キウイフルツ,49300,14951,692
2025,11,13,木,バナナ,50100,514983,240
2025,11,13,木,パイナップル,50300,80886,216
2025,11,13,木,レモン,50400,27930,361
2025,11,13,木,オレンジ,50600,30856,325
2025,11,13,木,キウイフルツ,50800,84525,678
2025,11,13,木,メロン,50850,2889,435
2025,11,14,金,みかん,40100,1507874,333
2025,11,14,金,りんご計,42000,434974,467
2025,11,14,金,日本なし計,43000,41776,429
2025,11,14,金,かき計,43500,511885,329
2025,11,14,金,ぶどう計,45000,53847,1863
2025,11,14,金,くり,45700,12637,701
2025,11,14,金,いちご,46100,13051,2986
2025,11,14,金,メロン計,47000,26763,887
2025,11,14,金,すいか,48100,9937,270
2025,11,14,金,キウイフルツ,49300,16556,600
2025,11,14,金,バナナ,50100,583884,215
2025,11,14,金,パイナップル,50300,59388,237
2025,11,14,金,レモン,50400,21188,395
2025,11,14,金,オレンジ,50600,27230,312
2025,11,14,金,キウイフルツ,50800,114906,606
2025,11,14,金,メロン,50850,3649,488
2025,11,15,土,みかん,40100,1481137,318
2025,11,15,土,りんご計,42000,680388,468
2025,11,15,土,日本なし計,43000,36219,453
2025,11,15,土,かき計,43500,615700,326
2025,11,15,土,もも,44100,353,3437
2025,11,15,土,すもも,44700,112,170
2025,11,15,土,ぶどう計,45000,60779,1934
2025,11,15,土,くり,45700,5949,801
2025,11,15,土,いちご,46100,21481,3016
2025,11,15,土,メロン計,47000,38618,764
2025,11,15,土,すいか,48100,38124,268
2025,11,15,土,キウイフルツ,49300,14387,640
2025,11,15,土,バナナ,50100,331260,229
2025,11,15,土,パイナップル,50300,81867,263
2025,11,15,土,レモン,50400,23527,390
2025,11,15,土,オレンジ,50600,27247,327
2025,11,15,土,キウイフルツ,50800,54556,672
2025,11,15,土,メロン,50850,3281,489
2025,11,17,月,みかん,40100,2222631,341
2025,11,17,月,りんご計,42000,722023,482
2025,11,17,月,日本なし計,43000,46367,429
2025,11,17,月,かき計,43500,679843,331
2025,11,17,月,ぶどう計,45000,51119,1991
2025,11,17,月,くり,45700,2300,808
2025,11,17,月,いちご,46100,34130,2875
2025,11,17,月,メロン計,47000,38436,865
2025,11,17,月,すいか,48100,14937,264
2025,11,17,月,キウイフルツ,49300,12325,629
2025,11,17,月,バナナ,50100,448695,251
2025,11,17,月,パイナップル,50300,67057,198
2025,11,17,月,レモン,50400,23554,391
2025,11,17,月,オレンジ,50600,49961,311
2025,11,17,月,おうとう,50700,40,2862
2025,11,17,月,キウイフルツ,50800,52165,676
2025,11,17,月,メロン,50850,1691,512
2025,11,18,火,みかん,40100,1357865,342
2025,11,18,火,りんご計,42000,644465,481
2025,11,18,火,日本なし計,43000,22233,482
2025,11,18,火,かき計,43500,613221,334
2025,11,18,火,もも,44100,523,1886
2025,11,18,火,ぶどう計,45000,45245,2069
2025,11,18,火,くり,45700,3090,734
2025,11,18,火,いちご,46100,33423,2893
2025,11,18,火,メロン計,47000,31990,920
2025,11,18,火,すいか,48100,12758,281
2025,11,18,火,キウイフルツ,49300,14246,498
2025,11,18,火,バナナ,50100,385429,213
2025,11,18,火,パイナップル,50300,76389,224
2025,11,18,火,レモン,50400,27397,363
2025,11,18,火,オレンジ,50600,22651,344
2025,11,18,火,おうとう,50700,20,2873
2025,11,18,火,キウイフルツ,50800,41635,653
2025,11,18,火,メロン,50850,1615,423
2025,11,20,木,みかん,40100,2792965,343
2025,11,20,木,りんご計,42000,831623,478
2025,11,20,木,日本なし計,43000,21565,440
2025,11,20,木,かき計,43500,681694,313
2025,11,20,木,もも,44100,387,2065
2025,11,20,木,ぶどう計,45000,59203,2013
2025,11,20,木,くり,45700,2440,961
2025,11,20,木,いちご,46100,62260,2879
2025,11,20,木,メロン計,47000,56518,874
2025,11,20,木,すいか,48100,13805,268
2025,11,20,木,キウイフルツ,49300,15516,834
2025,11,20,木,バナナ,50100,390413,241
2025,11,20,木,パイナップル,50300,92649,204
2025,11,20,木,レモン,50400,26481,407
2025,11,20,木,オレンジ,50600,32334,343
2025,11,20,木,おうとう,50700,75,2952
2025,11,20,木,キウイフルツ,50800,53535,677
2025,11,20,木,メロン,50850,1717,485
2025,11,21,金,みかん,40100,2069471,337
2025,11,21,金,りんご計,42000,620475,487
2025,11,21,金,日本なし計,43000,14117,453
2025,11,21,金,かき計,43500,461616,322
2025,11,21,金,ぶどう計,45000,34548,2217
2025,11,21,金,くり,45700,6230,488
2025,11,21,金,いちご,46100,31788,2861
2025,11,21,金,メロン計,47000,29118,955
2025,11,21,金,すいか,48100,4690,278
2025,11,21,金,キウイフルツ,49300,14223,613
2025,11,21,金,バナナ,50100,338649,236
2025,11,21,金,パイナップル,50300,64680,224
2025,11,21,金,レモン,50400,22041,385
2025,11,21,金,オレンジ,50600,27677,318
2025,11,21,金,おうとう,50700,20,2889
2025,11,21,金,キウイフルツ,50800,59836,661
2025,11,21,金,メロン,50850,2587,510
2025,11,22,土,みかん,40100,2179874,337
2025,11,22,土,りんご計,42000,777488,470
2025,11,22,土,日本なし計,43000,15194,438
2025,11,22,土,かき計,43500,553510,316
2025,11,22,土,もも,44100,522,3094
2025,11,22,土,ぶどう計,45000,48856,1956
2025,11,22,土,くり,45700,11618,812
2025,11,22,土,いちご,46100,41742,2957
2025,11,22,土,メロン計,47000,40581,882
2025,11,22,土,すいか,48100,5879,320
2025,11,22,土,キウイフルツ,49300,13589,643
2025,11,22,土,バナナ,50100,422739,225
2025,11,22,土,パイナップル,50300,106075,229
2025,11,22,土,レモン,50400,32550,366
2025,11,22,土,オレンジ,50600,34018,326
2025,11,22,土,おうとう,50700,165,2944
2025,11,22,土,キウイフルツ,50800,75498,667
2025,11,22,土,メロン,50850,4729,481
2025,11,24,月,みかん,40100,21660,244
2025,11,24,月,りんご計,42000,710,672
2025,11,24,月,かき計,43500,668,392
2025,11,24,月,メロン計,47000,296,470
2025,11,24,月,バナナ,50100,6582,273
2025,11,24,月,パイナップル,50300,2660,295
2025,11,24,月,レモン,50400,832,414
2025,11,24,月,オレンジ,50600,255,389
2025,11,24,月,キウイフルツ,50800,379,749
2025,11,24,月,メロン,50850,130,540
2025,11,25,火,みかん,40100,3098638,344
2025,11,25,火,りんご計,42000,831499,471
2025,11,25,火,日本なし計,43000,13321,527
2025,11,25,火,かき計,43500,985826,304
2025,11,25,火,もも,44100,463,3509
2025,11,25,火,ぶどう計,45000,45276,1950
2025,11,25,火,くり,45700,2310,1002
2025,11,25,火,いちご,46100,118338,2654
2025,11,25,火,メロン計,47000,48306,1011
2025,11,25,火,すいか,48100,15780,304
2025,11,25,火,キウイフルツ,49300,10620,566
2025,11,25,火,バナナ,50100,739489,231
2025,11,25,火,パイナップル,50300,78978,225
2025,11,25,火,レモン,50400,42151,376
2025,11,25,火,オレンジ,50600,31201,317
2025,11,25,火,おうとう,50700,55,2938
2025,11,25,火,キウイフルツ,50800,40654,659
2025,11,25,火,メロン,50850,1822,456
2025,11,26,水,みかん,40100,993585,336
2025,11,26,水,りんご計,42000,440307,463
2025,11,26,水,日本なし計,43000,2957,426
2025,11,26,水,かき計,43500,276008,305
2025,11,26,水,ぶどう計,45000,21080,2268
2025,11,26,水,くり,45700,746,942
2025,11,26,水,いちご,46100,52844,2605
2025,11,26,水,メロン計,47000,7499,807
2025,11,26,水,すいか,48100,2137,478
2025,11,26,水,キウイフルツ,49300,4210,566
2025,11,26,水,バナナ,50100,197856,205
2025,11,26,水,パイナップル,50300,39985,223
2025,11,26,水,レモン,50400,23911,338
2025,11,26,水,オレンジ,50600,15889,330
2025,11,26,水,おうとう,50700,105,2916
2025,11,26,水,キウイフルツ,50800,32604,658
2025,11,26,水,メロン,50850,973,510
2025,11,27,木,みかん,40100,2320703,346
2025,11,27,木,はっさく,41321,10,43
2025,11,27,木,りんご計,42000,702736,470
2025,11,27,木,日本なし計,43000,17883,561
2025,11,27,木,かき計,43500,433356,305
2025,11,27,木,もも,44100,721,2788
2025,11,27,木,ぶどう計,45000,38897,2051
2025,11,27,木,くり,45700,1080,911
2025,11,27,木,いちご,46100,69480,2659
2025,11,27,木,メロン計,47000,31483,1236
2025,11,27,木,すいか,48100,3943,354
2025,11,27,木,キウイフルツ,49300,11308,624
2025,11,27,木,バナナ,50100,363522,232
2025,11,27,木,パイナップル,50300,74467,215
2025,11,27,木,レモン,50400,20070,387
2025,11,27,木,オレンジ,50600,21141,317
2025,11,27,木,おうとう,50700,20,2916
2025,11,27,木,キウイフルツ,50800,140739,610
2025,11,27,木,メロン,50850,2237,470
2025,11,28,金,みかん,40100,2141748,334
2025,11,28,金,りんご計,42000,656175,464
2025,11,28,金,日本なし計,43000,23569,499
2025,11,28,金,かき計,43500,368195,293
2025,11,28,金,もも,44100,44,4605
2025,11,28,金,ぶどう計,45000,29773,2194
2025,11,28,金,くり,45700,717,602
2025,11,28,金,いちご,46100,60850,2649
2025,11,28,金,メロン計,47000,33733,1164
2025,11,28,金,すいか,48100,8107,324
2025,11,28,金,キウイフルツ,49300,31819,362
2025,11,28,金,バナナ,50100,467248,214
2025,11,28,金,パイナップル,50300,62442,214
2025,11,28,金,レモン,50400,29339,371
2025,11,28,金,オレンジ,50600,13966,348
2025,11,28,金,おうとう,50700,95,3932
2025,11,28,金,キウイフルツ,50800,104088,634
2025,11,28,金,メロン,50850,3058,385
2025,11,29,土,みかん,40100,2450469,327
2025,11,29,土,はっさく,41321,7670,278
2025,11,29,土,りんご計,42000,792947,476
2025,11,29,土,日本なし計,43000,18596,533
2025,11,29,土,かき計,43500,622393,306
2025,11,29,土,もも,44100,691,2827
2025,11,29,土,ぶどう計,45000,37218,2068
2025,11,29,土,くり,45700,514,944
2025,11,29,土,いちご,46100,94819,2641
2025,11,29,土,メロン計,47000,34476,1098
2025,11,29,土,すいか,48100,14193,326
2025,11,29,土,キウイフルツ,49300,15601,523
2025,11,29,土,バナナ,50100,461745,236
2025,11,29,土,パイナップル,50300,92341,251
2025,11,29,土,レモン,50400,38480,371
2025,11,29,土,オレンジ,50600,48021,309
2025,11,29,土,おうとう,50700,50,2935
2025,11,29,土,キウイフルツ,50800,55536,662
2025,11,29,土,メロン,50850,7155,380
2025,12,1,月,みかん,40100,2802097,344
2025,12,1,月,りんご計,42000,745945,483
2025,12,1,月,日本なし計,43000,15861,449
2025,12,1,月,かき計,43500,518380,286
2025,12,1,月,もも,44100,21,3831
2025,12,1,月,ぶどう計,45000,31533,2132
2025,12,1,月,くり,45700,175,890
2025,12,1,月,いちご,46100,145681,2499
2025,12,1,月,メロン計,47000,51396,1167
2025,12,1,月,すいか,48100,7720,370
2025,12,1,月,キウイフルツ,49300,12035,573
2025,12,1,月,バナナ,50100,459561,226
2025,12,1,月,パイナップル,50300,50108,215
2025,12,1,月,レモン,50400,18196,414
2025,12,1,月,オレンジ,50600,14100,346
2025,12,1,月,おうとう,50700,75,2929
2025,12,1,月,キウイフルツ,50800,45066,627
2025,12,1,月,メロン,50850,3592,372
2025,12,2,火,みかん,40100,1656907,341
2025,12,2,火,はっさく,41321,11345,288
2025,12,2,火,りんご計,42000,655661,453
2025,12,2,火,日本なし計,43000,13220,429
2025,12,2,火,かき計,43500,470601,286
2025,12,2,火,もも,44100,782,2673
2025,12,2,火,ぶどう計,45000,26626,2283
2025,12,2,火,くり,45700,1022,1080
2025,12,2,火,いちご,46100,103968,2503
2025,12,2,火,メロン計,47000,28341,1326
2025,12,2,火,すいか,48100,12597,444
2025,12,2,火,キウイフルツ,49300,13776,742
2025,12,2,火,バナナ,50100,321311,224
2025,12,2,火,パイナップル,50300,58345,237
2025,12,2,火,レモン,50400,22000,412
2025,12,2,火,オレンジ,50600,27635,309
2025,12,2,火,おうとう,50700,100,2730
2025,12,2,火,キウイフルツ,50800,45192,519
2025,12,2,火,メロン,50850,1461,470
2025,12,4,木,みかん,40100,3095028,344
2025,12,4,木,りんご計,42000,907365,466
2025,12,4,木,日本なし計,43000,8284,522
2025,12,4,木,かき計,43500,544006,304
2025,12,4,木,もも,44100,587,2565
2025,12,4,木,ぶどう計,45000,41182,2318
2025,12,4,木,くり,45700,200,940
2025,12,4,木,いちご,46100,192385,2479
2025,12,4,木,メロン計,47000,58297,1117
2025,12,4,木,すいか,48100,3752,428
2025,12,4,木,キウイフルツ,49300,19098,592
2025,12,4,木,バナナ,50100,393116,234
2025,12,4,木,パイナップル,50300,70749,223
2025,12,4,木,レモン,50400,24752,409
2025,12,4,木,オレンジ,50600,22940,309
2025,12,4,木,おうとう,50700,170,2725
2025,12,4,木,キウイフルツ,50800,84662,566
2025,12,4,木,メロン,50850,2020,450
2025,12,5,金,みかん,40100,2019351,331
2025,12,5,金,はっさく,41321,1000,312
2025,12,5,金,りんご計,42000,678049,485
2025,12,5,金,日本なし計,43000,17654,621
2025,12,5,金,かき計,43500,337928,294
2025,12,5,金,もも,44100,92,4163
2025,12,5,金,ぶどう計,45000,34223,2492
2025,12,5,金,くり,45700,502,1047
2025,12,5,金,いちご,46100,103516,2493
2025,12,5,金,メロン計,47000,39619,1167
2025,12,5,金,すいか,48100,2799,629
2025,12,5,金,キウイフルツ,49300,26484,593
2025,12,5,金,バナナ,50100,388820,233
2025,12,5,金,パイナップル,50300,75413,220
2025,12,5,金,レモン,50400,25938,433
2025,12,5,金,オレンジ,50600,25207,334
2025,12,5,金,おうとう,50700,33,3155
2025,12,5,金,キウイフルツ,50800,42574,530
2025,12,5,金,メロン,50850,1717,472
2025,12,6,土,みかん,40100,2306350,337
2025,12,6,土,はっさく,41321,19190,285
2025,12,6,土,りんご計,42000,739359,467
2025,12,6,土,日本なし計,43000,12868,529
2025,12,6,土,かき計,43500,373536,293
2025,12,6,土,もも,44100,570,2714
2025,12,6,土,ぶどう計,45000,40358,2231
2025,12,6,土,くり,45700,396,1055
2025,12,6,土,いちご,46100,109722,2540
2025,12,6,土,メロン計,47000,46052,1050
2025,12,6,土,すいか,48100,5581,466
2025,12,6,土,キウイフルツ,49300,17330,565
2025,12,6,土,バナナ,50100,379453,226
2025,12,6,土,パイナップル,50300,77807,239
2025,12,6,土,レモン,50400,26758,413
2025,12,6,土,オレンジ,50600,28032,316
2025,12,6,土,おうとう,50700,77,3115
2025,12,6,土,キウイフルツ,50800,37801,640
2025,12,6,土,メロン,50850,3049,511
2025,12,8,月,みかん,40100,2683881,351
2025,12,8,月,はっさく,41321,10042,279
2025,12,8,月,りんご計,42000,659490,492
2025,12,8,月,日本なし計,43000,7439,592
2025,12,8,月,かき計,43500,471180,280
2025,12,8,月,もも,44100,114,4003
2025,12,8,月,ぶどう計,45000,41011,2348
2025,12,8,月,くり,45700,210,576
2025,12,8,月,いちご,46100,176609,2469
2025,12,8,月,メロン計,47000,67704,990
2025,12,8,月,すいか,48100,6080,436
2025,12,8,月,キウイフルツ,49300,31943,621
2025,12,8,月,バナナ,50100,410601,233
2025,12,8,月,パイナップル,50300,42165,230
2025,12,8,月,レモン,50400,25312,391
2025,12,8,月,オレンジ,50600,19457,321
2025,12,8,月,キウイフルツ,50800,27868,640
2025,12,8,月,メロン,50850,2425,420
2025,12,9,火,みかん,40100,1869122,333
2025,12,9,火,はっさく,41321,25105,282
2025,12,9,火,りんご計,42000,580934,457
2025,12,9,火,日本なし計,43000,3890,682
2025,12,9,火,かき計,43500,336216,289
2025,12,9,火,もも,44100,524,2699
2025,12,9,火,ぶどう計,45000,37416,2508
2025,12,9,火,くり,45700,248,1019
2025,12,9,火,いちご,46100,119930,2537
2025,12,9,火,メロン計,47000,37909,1160
2025,12,9,火,すいか,48100,2131,689
2025,12,9,火,キウイフルツ,49300,14855,681
2025,12,9,火,バナナ,50100,541113,207
2025,12,9,火,パイナップル,50300,89492,211
2025,12,9,火,レモン,50400,54023,336
2025,12,9,火,オレンジ,50600,25044,341
2025,12,9,火,おうとう,50700,15,2916
2025,12,9,火,キウイフルツ,50800,35851,609
2025,12,9,火,メロン,50850,2027,464
2025,12,11,木,みかん,40100,3015778,342
2025,12,11,木,はっさく,41321,16125,268
2025,12,11,木,りんご計,42000,762419,487
2025,12,11,木,日本なし計,43000,7817,524
2025,12,11,木,かき計,43500,385410,301
2025,12,11,木,もも,44100,594,2712
2025,12,11,木,ぶどう計,45000,47383,2461
2025,12,11,木,くり,45700,334,951
2025,12,11,木,いちご,46100,236735,2533
2025,12,11,木,メロン計,47000,71621,1010
2025,12,11,木,すいか,48100,8754,388
2025,12,11,木,キウイフルツ,49300,42374,636
2025,12,11,木,バナナ,50100,398012,233
2025,12,11,木,パイナップル,50300,74853,211
2025,12,11,木,レモン,50400,22292,451
2025,12,11,木,オレンジ,50600,29109,322
2025,12,11,木,おうとう,50700,60,2888
2025,12,11,木,キウイフルツ,50800,36912,598
2025,12,11,木,メロン,50850,2718,466
2025,12,12,金,みかん,40100,1994003,338
2025,12,12,金,はっさく,41321,11856,291
2025,12,12,金,りんご計,42000,602181,460
2025,12,12,金,日本なし計,43000,17441,600
2025,12,12,金,かき計,43500,200884,226
2025,12,12,金,もも,44100,3,4680
2025,12,12,金,ぶどう計,45000,41590,2517
2025,12,12,金,くり,45700,124,980
2025,12,12,金,いちご,46100,121313,2578
2025,12,12,金,メロン計,47000,55500,1001
2025,12,12,金,すいか,48100,8150,419
2025,12,12,金,キウイフルツ,49300,44252,639
2025,12,12,金,バナナ,50100,546893,203
2025,12,12,金,パイナップル,50300,73429,219
2025,12,12,金,レモン,50400,42367,356
2025,12,12,金,オレンジ,50600,20105,316
2025,12,12,金,おうとう,50700,165,2623
2025,12,12,金,キウイフルツ,50800,39928,543
2025,12,12,金,メロン,50850,2002,486
2025,12,13,土,みかん,40100,2058138,351
2025,12,13,土,はっさく,41321,34040,273
2025,12,13,土,りんご計,42000,603571,481
2025,12,13,土,日本なし計,43000,7137,639
2025,12,13,土,かき計,43500,228288,298
2025,12,13,土,もも,44100,439,2507
2025,12,13,土,ぶどう計,45000,46829,2454
2025,12,13,土,くり,45700,430,740
2025,12,13,土,いちご,46100,143785,2653
2025,12,13,土,メロン計,47000,58129,970
2025,12,13,土,すいか,48100,4474,506
2025,12,13,土,キウイフルツ,49300,29839,633
2025,12,13,土,バナナ,50100,413005,234
2025,12,13,土,パイナップル,50300,85918,228
2025,12,13,土,レモン,50400,36496,419
2025,12,13,土,オレンジ,50600,42023,309
2025,12,13,土,おうとう,50700,65,3213
2025,12,13,土,キウイフルツ,50800,34398,585
2025,12,13,土,メロン,50850,5370,471
2025,12,15,月,みかん,40100,2817218,352
2025,12,15,月,はっさく,41321,6380,249
2025,12,15,月,りんご計,42000,631982,476
2025,12,15,月,日本なし計,43000,5439,548
2025,12,15,月,かき計,43500,210910,276
2025,12,15,月,ぶどう計,45000,39038,2463
2025,12,15,月,くり,45700,6,2160
2025,12,15,月,いちご,46100,231915,2751
2025,12,15,月,メロン計,47000,78059,947
2025,12,15,月,すいか,48100,4768,416
2025,12,15,月,キウイフルツ,49300,25875,661
2025,12,15,月,バナナ,50100,459731,223
2025,12,15,月,パイナップル,50300,44911,230
2025,12,15,月,レモン,50400,16749,497
2025,12,15,月,オレンジ,50600,22470,323
2025,12,15,月,おうとう,50700,60,3019
2025,12,15,月,キウイフルツ,50800,29202,568
2025,12,15,月,メロン,50850,2654,489
2025,12,16,火,みかん,40100,1987191,345
2025,12,16,火,はっさく,41321,50058,262
2025,12,16,火,りんご計,42000,537585,472
2025,12,16,火,日本なし計,43000,6494,485
2025,12,16,火,かき計,43500,100318,301
2025,12,16,火,もも,44100,419,2756
2025,12,16,火,ぶどう計,45000,41345,2604
2025,12,16,火,くり,45700,81,643
2025,12,16,火,いちご,46100,135730,2915
2025,12,16,火,メロン計,47000,27977,1209
2025,12,16,火,すいか,48100,3257,515
2025,12,16,火,キウイフルツ,49300,30917,649
2025,12,16,火,バナナ,50100,328698,207
2025,12,16,火,パイナップル,50300,64680,229
2025,12,16,火,レモン,50400,42814,355
2025,12,16,火,オレンジ,50600,21087,337
2025,12,16,火,おうとう,50700,40,2959
2025,12,16,火,キウイフルツ,50800,21466,648
2025,12,16,火,メロン,50850,896,458
2025,12,18,木,みかん,40100,3407955,351
2025,12,18,木,はっさく,41321,29218,257
2025,12,18,木,りんご計,42000,637363,490
2025,12,18,木,日本なし計,43000,6174,622
2025,12,18,木,かき計,43500,160713,382
2025,12,18,木,もも,44100,372,2838
2025,12,18,木,ぶどう計,45000,53729,2462
2025,12,18,木,くり,45700,12,2160
2025,12,18,木,いちご,46100,262773,3091
2025,12,18,木,メロン計,47000,55747,1078
2025,12,18,木,すいか,48100,4465,471
2025,12,18,木,キウイフルツ,49300,73426,624
2025,12,18,木,バナナ,50100,379034,232
2025,12,18,木,パイナップル,50300,89830,202
2025,12,18,木,レモン,50400,29962,477
2025,12,18,木,オレンジ,50600,29511,316
2025,12,18,木,おうとう,50700,200,2786
2025,12,18,木,キウイフルツ,50800,39697,559
2025,12,18,木,メロン,50850,1348,450
2025,12,19,金,みかん,40100,2253624,354
2025,12,19,金,はっさく,41321,19408,279
2025,12,19,金,りんご計,42000,488094,462
2025,12,19,金,日本なし計,43000,7703,583
2025,12,19,金,かき計,43500,89443,421
2025,12,19,金,もも,44100,83,3461
2025,12,19,金,ぶどう計,45000,41889,2550
2025,12,19,金,くり,45700,166,1509
2025,12,19,金,いちご,46100,165924,3288
2025,12,19,金,メロン計,47000,41618,1179
2025,12,19,金,すいか,48100,4041,546
2025,12,19,金,キウイフルツ,49300,54499,619
2025,12,19,金,バナナ,50100,341938,216
2025,12,19,金,パイナップル,50300,80405,218
2025,12,19,金,レモン,50400,22423,490
2025,12,19,金,オレンジ,50600,14591,334
2025,12,19,金,おうとう,50700,74,2827
2025,12,19,金,キウイフルツ,50800,35707,481
2025,12,19,金,メロン,50850,2239,405
2025,12,20,土,みかん,40100,2563750,352
2025,12,20,土,はっさく,41321,22622,248
2025,12,20,土,りんご計,42000,476081,482
2025,12,20,土,日本なし計,43000,3096,612
2025,12,20,土,かき計,43500,142752,411
2025,12,20,土,もも,44100,734,1893
2025,12,20,土,ぶどう計,45000,48910,2505
2025,12,20,土,くり,45700,352,800
2025,12,20,土,いちご,46100,207871,3493
2025,12,20,土,メロン計,47000,43354,1175
2025,12,20,土,すいか,48100,6614,453
2025,12,20,土,キウイフルツ,49300,40183,687
2025,12,20,土,バナナ,50100,386875,229
2025,12,20,土,パイナップル,50300,91072,242
2025,12,20,土,レモン,50400,28534,436
2025,12,20,土,オレンジ,50600,26913,320
2025,12,20,土,おうとう,50700,85,3051
2025,12,20,土,キウイフルツ,50800,28164,605
2025,12,20,土,メロン,50850,4816,485
2025,12,22,月,みかん,40100,3466520,354
2025,12,22,月,はっさく,41321,46478,251
2025,12,22,月,りんご計,42000,581975,490
2025,12,22,月,日本なし計,43000,785,731
2025,12,22,月,かき計,43500,141050,431
2025,12,22,月,もも,44100,237,2507
2025,12,22,月,ぶどう計,45000,43713,2444
2025,12,22,月,くり,45700,12,2160
2025,12,22,月,いちご,46100,333111,3430
2025,12,22,月,メロン計,47000,58970,1126
2025,12,22,月,すいか,48100,6565,478
2025,12,22,月,キウイフルツ,49300,39935,733
2025,12,22,月,バナナ,50100,375763,238
2025,12,22,月,パイナップル,50300,63916,223
2025,12,22,月,レモン,50400,23726,492
2025,12,22,月,オレンジ,50600,17181,328
2025,12,22,月,おうとう,50700,220,2739
2025,12,22,月,キウイフルツ,50800,23342,531
2025,12,22,月,メロン,50850,2584,475
2025,12,23,火,みかん,40100,2520081,345
2025,12,23,火,はっさく,41321,38965,241
2025,12,23,火,りんご計,42000,508294,458
2025,12,23,火,日本なし計,43000,4366,283
2025,12,23,火,かき計,43500,137116,418
2025,12,23,火,ぶどう計,45000,38586,2575
2025,12,23,火,くり,45700,118,1199
2025,12,23,火,いちご,46100,183195,3144
2025,12,23,火,メロン計,47000,35542,1280
2025,12,23,火,すいか,48100,1894,742
2025,12,23,火,キウイフルツ,49300,40255,664
2025,12,23,火,バナナ,50100,346814,211
2025,12,23,火,パイナップル,50300,87988,223
2025,12,23,火,レモン,50400,28316,469
2025,12,23,火,オレンジ,50600,27537,351
2025,12,23,火,おうとう,50700,122,2813
2025,12,23,火,キウイフルツ,50800,41313,601
2025,12,23,火,メロン,50850,1579,511
2025,12,25,木,みかん,40100,4177878,355
2025,12,25,木,はっさく,41321,2839,226
2025,12,25,木,りんご計,42000,673445,465
2025,12,25,木,日本なし計,43000,11354,468
2025,12,25,木,かき計,43500,172412,429
2025,12,25,木,ぶどう計,45000,49355,2588
2025,12,25,木,くり,45700,108,1710
2025,12,25,木,いちご,46100,360779,3096
2025,12,25,木,メロン計,47000,54874,1314
2025,12,25,木,すいか,48100,5754,445
2025,12,25,木,キウイフルツ,49300,37470,662
2025,12,25,木,バナナ,50100,410394,219
2025,12,25,木,パイナップル,50300,131591,200
2025,12,25,木,レモン,50400,36438,479
2025,12,25,木,オレンジ,50600,32938,332
2025,12,25,木,おうとう,50700,50,2657
2025,12,25,木,キウイフルツ,50800,32700,580
2025,12,25,木,メロン,50850,8374,443
2025,12,26,金,みかん,40100,2694192,344
2025,12,26,金,はっさく,41321,23290,203
2025,12,26,金,りんご計,42000,432286,508
2025,12,26,金,日本なし計,43000,8467,454
2025,12,26,金,かき計,43500,116594,441
2025,12,26,金,ぶどう計,45000,35493,2428
2025,12,26,金,くり,45700,62,1240
2025,12,26,金,いちご,46100,179294,2890
2025,12,26,金,メロン計,47000,39061,1406
2025,12,26,金,すいか,48100,10781,425
2025,12,26,金,キウイフルツ,49300,26052,684
2025,12,26,金,バナナ,50100,490752,204
2025,12,26,金,パイナップル,50300,84572,217
2025,12,26,金,レモン,50400,25179,498
2025,12,26,金,オレンジ,50600,31982,318
2025,12,26,金,おうとう,50700,95,2749
2025,12,26,金,キウイフルツ,50800,98055,500
2025,12,26,金,メロン,50850,2382,423
2025,12,27,土,みかん,40100,3018714,338
2025,12,27,土,はっさく,41321,24030,239
2025,12,27,土,りんご計,42000,433362,474
2025,12,27,土,日本なし計,43000,6835,460
2025,12,27,土,かき計,43500,116015,447
2025,12,27,土,ぶどう計,45000,30980,2491
2025,12,27,土,くり,45700,24,2160
2025,12,27,土,いちご,46100,202304,3033
2025,12,27,土,メロン計,47000,35800,1596
2025,12,27,土,すいか,48100,2867,510
2025,12,27,土,キウイフルツ,49300,17025,747
2025,12,27,土,バナナ,50100,370553,221
2025,12,27,土,パイナップル,50300,114688,229
2025,12,27,土,レモン,50400,43856,478
2025,12,27,土,オレンジ,50600,33976,335
2025,12,27,土,おうとう,50700,75,2916
2025,12,27,土,キウイフルツ,50800,31080,540
2025,12,27,土,メロン,50850,8957,473
2025,12,28,日,みかん,40100,2175775,338
2025,12,28,日,はっさく,41321,4455,249
2025,12,28,日,りんご計,42000,207043,463
2025,12,28,日,日本なし計,43000,605,450
2025,12,28,日,かき計,43500,52566,400
2025,12,28,日,ぶどう計,45000,22120,2523
2025,12,28,日,くり,45700,2,4083
2025,12,28,日,いちご,46100,147008,2963
2025,12,28,日,メロン計,47000,23388,1771
2025,12,28,日,すいか,48100,1410,574
2025,12,28,日,キウイフルツ,49300,9111,661
2025,12,28,日,バナナ,50100,451093,217
2025,12,28,日,パイナップル,50300,57483,211
2025,12,28,日,レモン,50400,32863,501
2025,12,28,日,オレンジ,50600,31868,308
2025,12,28,日,おうとう,50700,299,1671
2025,12,28,日,キウイフルツ,50800,12536,580
2025,12,28,日,メロン,50850,1846,360
2025,12,29,月,みかん,40100,1424179,319
2025,12,29,月,はっさく,41321,26750,262
2025,12,29,月,りんご計,42000,272371,465
2025,12,29,月,日本なし計,43000,685,372
2025,12,29,月,かき計,43500,31087,431
2025,12,29,月,ぶどう計,45000,18738,2566
2025,12,29,月,くり,45700,100,108
2025,12,29,月,いちご,46100,193327,2997
2025,12,29,月,メロン計,47000,21150,1480
2025,12,29,月,すいか,48100,8655,339
2025,12,29,月,キウイフルツ,49300,14913,565
2025,12,29,月,バナナ,50100,300476,239
2025,12,29,月,パイナップル,50300,77200,240
2025,12,29,月,レモン,50400,27552,523
2025,12,29,月,オレンジ,50600,34279,337
2025,12,29,月,おうとう,50700,240,2486
2025,12,29,月,キウイフルツ,50800,64873,599
2025,12,29,月,メロン,50850,3881,438
2025,12,30,火,みかん,40100,20440,278
2025,12,30,火,りんご計,42000,510,673
2025,12,30,火,メロン計,47000,152,866
2025,12,30,火,バナナ,50100,6485,274
2025,12,30,火,パイナップル,50300,5320,289
2025,12,30,火,レモン,50400,1108,764
2025,12,30,火,オレンジ,50600,1224,364
2025,12,30,火,キウイフルツ,50800,155,727
2025,12,30,火,メロン,50850,572,582
2026,1,5,月,みかん,40100,1234706,310
2026,1,5,月,はっさく,41321,15436,239
2026,1,5,月,りんご計,42000,400966,445
2026,1,5,月,日本なし計,43000,335,477
2026,1,5,月,かき計,43500,23672,415
2026,1,5,月,おうとう,44800,39,93010
2026,1,5,月,ぶどう計,45000,5674,1942
2026,1,5,月,いちご,46100,973138,2390
2026,1,5,月,メロン計,47000,15214,1892
2026,1,5,月,キウイフルツ,49300,10489,734
2026,1,5,月,バナナ,50100,668956,233
2026,1,5,月,パイナップル,50300,113366,235
2026,1,5,月,レモン,50400,30030,498
2026,1,5,月,オレンジ,50600,24334,354
2026,1,5,月,おうとう,50700,135,2110
2026,1,5,月,キウイフルツ,50800,24519,558
2026,1,5,月,メロン,50850,2399,469
2026,1,6,火,みかん,40100,787722,312
2026,1,6,火,はっさく,41321,17700,255
2026,1,6,火,りんご計,42000,304697,435
2026,1,6,火,かき計,43500,36325,384
2026,1,6,火,ぶどう計,45000,7287,2693
2026,1,6,火,いちご,46100,241716,2188
2026,1,6,火,メロン計,47000,16957,1556
2026,1,6,火,すいか,48100,7500,353
2026,1,6,火,キウイフルツ,49300,12432,673
2026,1,6,火,バナナ,50100,362401,212
2026,1,6,火,パイナップル,50300,53841,253
2026,1,6,火,レモン,50400,27903,494
2026,1,6,火,オレンジ,50600,24746,346
2026,1,6,火,おうとう,50700,90,2165
2026,1,6,火,キウイフルツ,50800,13258,524
2026,1,6,火,メロン,50850,1311,298
2026,1,8,木,みかん,40100,1684841,297
2026,1,8,木,はっさく,41321,45135,247
2026,1,8,木,りんご計,42000,482060,467
2026,1,8,木,日本なし計,43000,1533,320
2026,1,8,木,かき計,43500,65166,431
2026,1,8,木,ぶどう計,45000,20241,2586
2026,1,8,木,いちご,46100,370795,2159
2026,1,8,木,メロン計,47000,47746,1212
2026,1,8,木,すいか,48100,1731,368
2026,1,8,木,キウイフルツ,49300,34452,689
2026,1,8,木,バナナ,50100,507399,215
2026,1,8,木,パイナップル,50300,71323,244
2026,1,8,木,レモン,50400,23973,510
2026,1,8,木,オレンジ,50600,25842,327
2026,1,8,木,おうとう,50700,160,2416
2026,1,8,木,キウイフルツ,50800,18127,546
2026,1,8,木,メロン,50850,4662,476
2026,1,9,金,みかん,40100,1268173,289
2026,1,9,金,はっさく,41321,22018,224
2026,1,9,金,りんご計,42000,409509,488
2026,1,9,金,日本なし計,43000,1550,410
2026,1,9,金,かき計,43500,31952,465
2026,1,9,金,ぶどう計,45000,15481,2859
2026,1,9,金,いちご,46100,199742,2152
2026,1,9,金,メロン計,47000,24308,1488
2026,1,9,金,すいか,48100,2779,396
2026,1,9,金,キウイフルツ,49300,39743,644
2026,1,9,金,バナナ,50100,581524,200
2026,1,9,金,パイナップル,50300,80205,240
2026,1,9,金,レモン,50400,31393,519
2026,1,9,金,オレンジ,50600,25847,354
2026,1,9,金,おうとう,50700,5,2592
2026,1,9,金,キウイフルツ,50800,19618,537
2026,1,9,金,メロン,50850,2597,408
2026,1,10,土,みかん,40100,1502697,293
2026,1,10,土,はっさく,41321,67569,242
2026,1,10,土,りんご計,42000,507063,471
2026,1,10,土,日本なし計,43000,1727,412
2026,1,10,土,かき計,43500,68363,455
2026,1,10,土,ぶどう計,45000,20522,2539
2026,1,10,土,いちご,46100,227782,2195
2026,1,10,土,メロン計,47000,37675,1356
2026,1,10,土,すいか,48100,442,628
2026,1,10,土,キウイフルツ,49300,44128,687
2026,1,10,土,バナナ,50100,445707,215
2026,1,10,土,パイナップル,50300,105891,272
2026,1,10,土,レモン,50400,48251,427
2026,1,10,土,オレンジ,50600,38416,334
2026,1,10,土,おうとう,50700,25,2259
2026,1,10,土,キウイフルツ,50800,20192,569
2026,1,10,土,メロン,50850,11680,427
2026,1,12,月,みかん,40100,8790,306
2026,1,12,月,りんご計,42000,220,778
2026,1,12,月,いちご,46100,1006,2263
2026,1,12,月,キウイフルツ,49300,24,1116
2026,1,12,月,バナナ,50100,6134,275
2026,1,12,月,パイナップル,50300,4410,306
2026,1,12,月,レモン,50400,642,546
2026,1,12,月,オレンジ,50600,583,373
2026,1,12,月,キウイフルツ,50800,249,718
2026,1,12,月,メロン,50850,52,582
2026,1,13,火,みかん,40100,1868453,299
2026,1,13,火,はっさく,41321,125754,233
2026,1,13,火,りんご計,42000,660294,455
2026,1,13,火,かき計,43500,84467,475
2026,1,13,火,おうとう,44800,1,9720
2026,1,13,火,ぶどう計,45000,18742,2414
2026,1,13,火,いちご,46100,567518,2078
2026,1,13,火,メロン計,47000,46603,1308
2026,1,13,火,すいか,48100,3328,480
2026,1,13,火,キウイフルツ,49300,104781,641
2026,1,13,火,バナナ,50100,804611,228
2026,1,13,火,パイナップル,50300,81815,264
2026,1,13,火,レモン,50400,30264,504
2026,1,13,火,オレンジ,50600,29508,355
2026,1,13,火,おうとう,50700,105,2635
2026,1,13,火,キウイフルツ,50800,19324,523
2026,1,13,火,メロン,50850,2618,450
2026,1,15,木,みかん,40100,1852860,292
2026,1,15,木,はっさく,41321,66152,258
2026,1,15,木,りんご計,42000,602489,458
2026,1,15,木,日本なし計,43000,5980,488
2026,1,15,木,かき計,43500,82350,455
2026,1,15,木,ぶどう計,45000,18040,2528
2026,1,15,木,いちご,46100,410690,2049
2026,1,15,木,メロン計,47000,33736,1227
2026,1,15,木,すいか,48100,2148,620
2026,1,15,木,キウイフルツ,49300,108303,646
2026,1,15,木,バナナ,50100,402395,212
2026,1,15,木,パイナップル,50300,67000,254
2026,1,15,木,レモン,50400,19152,522
2026,1,15,木,オレンジ,50600,66772,297
2026,1,15,木,おうとう,50700,40,2535
2026,1,15,木,キウイフルツ,50800,44767,354
2026,1,15,木,メロン,50850,2120,508
2026,1,16,金,みかん,40100,1373773,293
2026,1,16,金,はっさく,41321,32720,229
2026,1,16,金,りんご計,42000,510762,476
2026,1,16,金,日本なし計,43000,3670,474
2026,1,16,金,かき計,43500,26852,472
2026,1,16,金,ぶどう計,45000,13988,2651
2026,1,16,金,いちご,46100,215097,2022
2026,1,16,金,メロン計,47000,24896,1260
2026,1,16,金,すいか,48100,6129,477
2026,1,16,金,キウイフルツ,49300,64590,649
2026,1,16,金,バナナ,50100,397873,227
2026,1,16,金,パイナップル,50300,66192,245
2026,1,16,金,レモン,50400,23939,476
2026,1,16,金,オレンジ,50600,22908,344
2026,1,16,金,おうとう,50700,25,2700
2026,1,16,金,キウイフルツ,50800,20666,487
2026,1,16,金,メロン,50850,1103,464
2026,1,17,土,みかん,40100,1476786,323
2026,1,17,土,はっさく,41321,66717,237
2026,1,17,土,りんご計,42000,605342,444
2026,1,17,土,日本なし計,43000,150,454
2026,1,17,土,かき計,43500,61285,454
2026,1,17,土,ぶどう計,45000,13598,2420
2026,1,17,土,いちご,46100,261994,2036
2026,1,17,土,メロン計,47000,20952,1301
2026,1,17,土,すいか,48100,2308,704
2026,1,17,土,キウイフルツ,49300,48144,674
2026,1,17,土,バナナ,50100,449119,225
2026,1,17,土,パイナップル,50300,83949,267
2026,1,17,土,レモン,50400,25933,476
2026,1,17,土,オレンジ,50600,16975,363
2026,1,17,土,おうとう,50700,65,2615
2026,1,17,土,キウイフルツ,50800,18647,618
2026,1,17,土,メロン,50850,6213,431
2026,1,19,月,みかん,40100,1361770,307
2026,1,19,月,はっさく,41321,116063,241
2026,1,19,月,りんご計,42000,656197,445
2026,1,19,月,日本なし計,43000,540,460
2026,1,19,月,かき計,43500,37585,474
2026,1,19,月,ぶどう計,45000,13991,2362
2026,1,19,月,いちご,46100,412113,1961
2026,1,19,月,メロン計,47000,27329,1208
2026,1,19,月,すいか,48100,1985,549
2026,1,19,月,キウイフルツ,49300,86287,641
2026,1,19,月,バナナ,50100,359509,246
2026,1,19,月,パイナップル,50300,56847,253
2026,1,19,月,レモン,50400,19697,492
2026,1,19,月,オレンジ,50600,25716,342
2026,1,19,月,おうとう,50700,185,2486
2026,1,19,月,キウイフルツ,50800,17716,476
2026,1,19,月,メロン,50850,2088,290
2026,1,20,火,みかん,40100,1017357,291
2026,1,20,火,はっさく,41321,75509,235
2026,1,20,火,りんご計,42000,415823,452
2026,1,20,火,かき計,43500,43634,454
2026,1,20,火,ぶどう計,45000,11371,2662
2026,1,20,火,いちご,46100,267427,1974
2026,1,20,火,メロン計,47000,18679,1351
2026,1,20,火,すいか,48100,1390,723
2026,1,20,火,キウイフルツ,49300,87612,639
2026,1,20,火,バナナ,50100,397221,205
2026,1,20,火,パイナップル,50300,56678,252
2026,1,20,火,レモン,50400,21142,493
2026,1,20,火,オレンジ,50600,34202,384
2026,1,20,火,おうとう,50700,30,2628
2026,1,20,火,キウイフルツ,50800,10396,599
2026,1,20,火,メロン,50850,3954,411
2026,1,22,木,みかん,40100,1673804,298
2026,1,22,木,はっさく,41321,90448,229
2026,1,22,木,りんご計,42000,659839,451
2026,1,22,木,日本なし計,43000,2273,551
2026,1,22,木,かき計,43500,74603,457
2026,1,22,木,ぶどう計,45000,10510,2405
2026,1,22,木,いちご,46100,471846,1933
2026,1,22,木,メロン計,47000,40271,1087
2026,1,22,木,すいか,48100,4508,624
2026,1,22,木,キウイフルツ,49300,121037,635
2026,1,22,木,バナナ,50100,376587,245
2026,1,22,木,パイナップル,50300,50748,258
2026,1,22,木,レモン,50400,24243,504
2026,1,22,木,オレンジ,50600,23727,328
2026,1,22,木,おうとう,50700,25,2549
2026,1,22,木,キウイフルツ,50800,74950,354
2026,1,22,木,メロン,50850,1180,494
2026,1,23,金,みかん,40100,1102620,304
2026,1,23,金,はっさく,41321,42653,247
2026,1,23,金,りんご計,42000,471444,464
2026,1,23,金,日本なし計,43000,930,356
2026,1,23,金,かき計,43500,21754,454
2026,1,23,金,ぶどう計,45000,7951,2401
2026,1,23,金,いちご,46100,256889,1909
2026,1,23,金,メロン計,47000,24314,1150
2026,1,23,金,すいか,48100,2654,473
2026,1,23,金,キウイフルツ,49300,127499,613
2026,1,23,金,バナナ,50100,313566,224
2026,1,23,金,パイナップル,50300,47628,266
2026,1,23,金,レモン,50400,19292,465
2026,1,23,金,オレンジ,50600,19639,348
2026,1,23,金,おうとう,50700,70,2607
2026,1,23,金,キウイフルツ,50800,30729,299
2026,1,23,金,メロン,50850,1634,483
2026,1,24,土,みかん,40100,1210004,307
2026,1,24,土,はっさく,41321,70820,226
2026,1,24,土,りんご計,42000,560363,433
2026,1,24,土,かき計,43500,52560,440
2026,1,24,土,ぶどう計,45000,8070,2371
2026,1,24,土,いちご,46100,276915,1919
2026,1,24,土,メロン計,47000,20955,1232
2026,1,24,土,すいか,48100,3535,497
2026,1,24,土,キウイフルツ,49300,30258,647
2026,1,24,土,バナナ,50100,381593,227
2026,1,24,土,パイナップル,50300,82232,258
2026,1,24,土,レモン,50400,22402,493
2026,1,24,土,オレンジ,50600,22167,347
2026,1,24,土,おうとう,50700,175,2349
2026,1,24,土,キウイフルツ,50800,12431,711
2026,1,24,土,メロン,50850,4569,468
2026,1,26,月,みかん,40100,1254132,311
2026,1,26,月,はっさく,41321,98749,215
2026,1,26,月,りんご計,42000,573640,453
2026,1,26,月,日本なし計,43000,98,179
2026,1,26,月,かき計,43500,22523,452
2026,1,26,月,ぶどう計,45000,4460,1915
2026,1,26,月,いちご,46100,392635,1828
2026,1,26,月,メロン計,47000,23785,1129
2026,1,26,月,すいか,48100,760,1002
2026,1,26,月,キウイフルツ,49300,89785,649
2026,1,26,月,バナナ,50100,389690,239
2026,1,26,月,パイナップル,50300,38240,251
2026,1,26,月,レモン,50400,16266,514
2026,1,26,月,オレンジ,50600,34574,355
2026,1,26,月,おうとう,50700,90,2221
2026,1,26,月,キウイフルツ,50800,2514,689
2026,1,26,月,メロン,50850,2987,536
2026,1,27,火,みかん,40100,839688,301
2026,1,27,火,はっさく,41321,117309,224
2026,1,27,火,りんご計,42000,414842,441
2026,1,27,火,日本なし計,43000,6835,431
2026,1,27,火,かき計,43500,46126,425
2026,1,27,火,ぶどう計,45000,6192,2531
2026,1,27,火,いちご,46100,237204,1865
2026,1,27,火,メロン計,47000,14791,1265
2026,1,27,火,すいか,48100,840,693
2026,1,27,火,キウイフルツ,49300,93740,639
2026,1,27,火,バナナ,50100,474404,223
2026,1,27,火,パイナップル,50300,51187,262
2026,1,27,火,レモン,50400,25356,475
2026,1,27,火,オレンジ,50600,24565,350
2026,1,27,火,おうとう,50700,60,2612
2026,1,27,火,キウイフルツ,50800,4032,634
2026,1,27,火,メロン,50850,1923,477
2026,1,29,木,みかん,40100,1355912,314
2026,1,29,木,はっさく,41321,102149,223
2026,1,29,木,りんご計,42000,624852,434
2026,1,29,木,日本なし計,43000,13315,389
2026,1,29,木,かき計,43500,56575,429
2026,1,29,木,ぶどう計,45000,10069,2201
2026,1,29,木,いちご,46100,438585,1837
2026,1,29,木,メロン計,47000,21870,1249
2026,1,29,木,すいか,48100,350,1007
2026,1,29,木,キウイフルツ,49300,138875,636
2026,1,29,木,バナナ,50100,354458,246
2026,1,29,木,パイナップル,50300,50435,264
2026,1,29,木,レモン,50400,18114,499
2026,1,29,木,オレンジ,50600,25131,369
2026,1,29,木,おうとう,50700,50,2499
2026,1,29,木,キウイフルツ,50800,10185,843
2026,1,29,木,メロン,50850,2535,537
2026,1,30,金,みかん,40100,820217,314
2026,1,30,金,はっさく,41321,46130,241
2026,1,30,金,りんご計,42000,514439,439
2026,1,30,金,日本なし計,43000,1386,353
2026,1,30,金,かき計,43500,10244,441
2026,1,30,金,ぶどう計,45000,6412,2471
2026,1,30,金,いちご,46100,261214,1826
2026,1,30,金,メロン計,47000,18009,1297
2026,1,30,金,すいか,48100,64,868
2026,1,30,金,キウイフルツ,49300,74958,635
2026,1,30,金,バナナ,50100,552253,222
2026,1,30,金,パイナップル,50300,54103,274
2026,1,30,金,レモン,50400,16464,520
2026,1,30,金,オレンジ,50600,23104,360
2026,1,30,金,おうとう,50700,175,2421
2026,1,30,金,キウイフルツ,50800,4346,608
2026,1,30,金,メロン,50850,2789,485
2026,1,31,土,みかん,40100,976173,320
2026,1,31,土,はっさく,41321,100394,210
2026,1,31,土,りんご計,42000,561314,471
2026,1,31,土,かき計,43500,72607,398
2026,1,31,土,ぶどう計,45000,8035,2004
2026,1,31,土,いちご,46100,300730,1847
2026,1,31,土,メロン計,47000,20275,1328
2026,1,31,土,すいか,48100,1662,503
2026,1,31,土,キウイフルツ,49300,52414,646
2026,1,31,土,バナナ,50100,355763,238
2026,1,31,土,パイナップル,50300,66548,270
2026,1,31,土,レモン,50400,21007,472
2026,1,31,土,オレンジ,50600,33701,333
2026,1,31,土,おうとう,50700,100,2130
2026,1,31,土,キウイフルツ,50800,25032,553
2026,1,31,土,メロン,50850,5084,426
2026,2,2,月,みかん,40100,1099047,325
2026,2,2,月,はっさく,41321,110794,215
2026,2,2,月,りんご計,42000,602939,446
2026,2,2,月,かき計,43500,63813,396
2026,2,2,月,ぶどう計,45000,3045,2038
2026,2,2,月,いちご,46100,455162,1818
2026,2,2,月,メロン計,47000,25823,1213
2026,2,2,月,すいか,48100,1146,519
2026,2,2,月,キウイフルツ,49300,91186,637
2026,2,2,月,バナナ,50100,347350,233
2026,2,2,月,パイナップル,50300,53711,251
2026,2,2,月,レモン,50400,24851,462
2026,2,2,月,オレンジ,50600,16410,373
2026,2,2,月,おうとう,50700,85,2365
2026,2,2,月,キウイフルツ,50800,5105,737
2026,2,2,月,メロン,50850,3195,474
2026,2,3,火,みかん,40100,842416,327
2026,2,3,火,はっさく,41321,173077,211
2026,2,3,火,りんご計,42000,420962,458
2026,2,3,火,日本なし計,43000,280,417
2026,2,3,火,かき計,43500,46212,390
2026,2,3,火,ぶどう計,45000,4210,1594
2026,2,3,火,いちご,46100,307368,1833
2026,2,3,火,メロン計,47000,13966,1444
2026,2,3,火,すいか,48100,820,523
2026,2,3,火,キウイフルツ,49300,85516,649
2026,2,3,火,バナナ,50100,378587,230
2026,2,3,火,パイナップル,50300,55969,247
2026,2,3,火,レモン,50400,23737,476
2026,2,3,火,オレンジ,50600,21689,381
2026,2,3,火,おうとう,50700,95,2426
2026,2,3,火,キウイフルツ,50800,1343,683
2026,2,3,火,メロン,50850,1527,515
2026,2,5,木,みかん,40100,989920,323
2026,2,5,木,はっさく,41321,100035,215
2026,2,5,木,りんご計,42000,602972,440
2026,2,5,木,かき計,43500,66815,396
2026,2,5,木,ぶどう計,45000,4533,2537
2026,2,5,木,いちご,46100,537421,1789
2026,2,5,木,メロン計,47000,29997,1187
2026,2,5,木,すいか,48100,5594,465
2026,2,5,木,キウイフルツ,49300,152090,634
2026,2,5,木,バナナ,50100,368197,239
2026,2,5,木,パイナップル,50300,51793,256
2026,2,5,木,レモン,50400,20736,470
2026,2,5,木,オレンジ,50600,20821,382
2026,2,5,木,おうとう,50700,75,2350
2026,2,5,木,キウイフルツ,50800,7697,808
2026,2,5,木,メロン,50850,3276,399
2026,2,6,金,みかん,40100,634453,344
2026,2,6,金,はっさく,41321,78083,217
2026,2,6,金,りんご計,42000,542779,439
2026,2,6,金,かき計,43500,31816,390
2026,2,6,金,ぶどう計,45000,2782,2595
2026,2,6,金,いちご,46100,319020,1774
2026,2,6,金,メロン計,47000,15129,1368
2026,2,6,金,すいか,48100,2487,486
2026,2,6,金,キウイフルツ,49300,77662,610
2026,2,6,金,バナナ,50100,338915,245
2026,2,6,金,パイナップル,50300,60474,247
2026,2,6,金,レモン,50400,27507,491
2026,2,6,金,オレンジ,50600,31061,359
2026,2,6,金,おうとう,50700,40,2214
2026,2,6,金,キウイフルツ,50800,3068,614
2026,2,6,金,メロン,50850,4708,501
2026,2,7,土,みかん,40100,767831,333
2026,2,7,土,はっさく,41321,142605,201
2026,2,7,土,りんご計,42000,455791,438
2026,2,7,土,かき計,43500,34066,368
2026,2,7,土,ぶどう計,45000,4689,2132
2026,2,7,土,いちご,46100,371464,1782
2026,2,7,土,メロン計,47000,19006,1244
2026,2,7,土,すいか,48100,7591,453
2026,2,7,土,キウイフルツ,49300,46338,625
2026,2,7,土,バナナ,50100,395244,235
2026,2,7,土,パイナップル,50300,81050,266
2026,2,7,土,レモン,50400,28920,461
2026,2,7,土,オレンジ,50600,28963,390
2026,2,7,土,おうとう,50700,75,2319
2026,2,7,土,キウイフルツ,50800,6279,725
2026,2,7,土,メロン,50850,7130,538
2026,2,9,月,みかん,40100,820832,340
2026,2,9,月,はっさく,41321,69200,206
2026,2,9,月,りんご計,42000,663301,445
2026,2,9,月,かき計,43500,6891,432
2026,2,9,月,ぶどう計,45000,2885,2102
2026,2,9,月,いちご,46100,523092,1745
2026,2,9,月,メロン計,47000,20424,1059
2026,2,9,月,すいか,48100,8544,392
2026,2,9,月,キウイフルツ,49300,116091,606
2026,2,9,月,バナナ,50100,387811,243
2026,2,9,月,パイナップル,50300,46723,256
2026,2,9,月,レモン,50400,18388,491
2026,2,9,月,オレンジ,50600,20273,368
2026,2,9,月,おうとう,50700,80,2025
2026,2,9,月,キウイフルツ,50800,2178,595
2026,2,9,月,メロン,50850,3110,501
2026,2,10,火,みかん,40100,674974,343
2026,2,10,火,はっさく,41321,173999,206
2026,2,10,火,りんご計,42000,460591,434
2026,2,10,火,かき計,43500,19586,418
2026,2,10,火,おうとう,44800,1,115128
2026,2,10,火,ぶどう計,45000,1838,2209
2026,2,10,火,いちご,46100,359075,1785
2026,2,10,火,メロン計,47000,24204,1455
2026,2,10,火,すいか,48100,622,722
2026,2,10,火,キウイフルツ,49300,96901,636
2026,2,10,火,バナナ,50100,486833,216
2026,2,10,火,パイナップル,50300,62533,245
2026,2,10,火,レモン,50400,18048,457
2026,2,10,火,オレンジ,50600,31649,370
2026,2,10,火,おうとう,50700,175,2515
2026,2,10,火,キウイフルツ,50800,6020,812
2026,2,10,火,メロン,50850,3357,374
2026,2,12,木,みかん,40100,844996,342
2026,2,12,木,はっさく,41321,83283,210
2026,2,12,木,りんご計,42000,522094,447
2026,2,12,木,かき計,43500,11710,396
2026,2,12,木,ぶどう計,45000,3078,1847
2026,2,12,木,いちご,46100,524048,1713
2026,2,12,木,メロン計,47000,27153,1390
2026,2,12,木,すいか,48100,5114,459
2026,2,12,木,キウイフルツ,49300,167780,603
2026,2,12,木,バナナ,50100,336870,252
2026,2,12,木,パイナップル,50300,53378,290
2026,2,12,木,レモン,50400,18480,507
2026,2,12,木,オレンジ,50600,21907,356
2026,2,12,木,おうとう,50700,125,2206
2026,2,12,木,キウイフルツ,50800,4608,900
2026,2,12,木,メロン,50850,2266,491
2026,2,13,金,みかん,40100,625150,364
2026,2,13,金,はっさく,41321,57718,217
2026,2,13,金,りんご計,42000,448661,444
2026,2,13,金,かき計,43500,18181,397
2026,2,13,金,おうとう,44800,2,54432
2026,2,13,金,ぶどう計,45000,3116,2186
2026,2,13,金,いちご,46100,384258,1744
2026,2,13,金,メロン計,47000,25766,1303
2026,2,13,金,すいか,48100,3952,422
2026,2,13,金,キウイフルツ,49300,52850,639
2026,2,13,金,バナナ,50100,507469,222
2026,2,13,金,パイナップル,50300,73555,237
2026,2,13,金,レモン,50400,27555,449
2026,2,13,金,オレンジ,50600,36968,394
2026,2,13,金,おうとう,50700,220,2253
2026,2,13,金,キウイフルツ,50800,1983,816
2026,2,13,金,メロン,50850,3528,441
2026,2,14,土,みかん,40100,726765,343
2026,2,14,土,はっさく,41321,144630,195
2026,2,14,土,りんご計,42000,495916,446
2026,2,14,土,かき計,43500,3180,375
2026,2,14,土,おうとう,44800,1,45360
2026,2,14,土,ぶどう計,45000,2378,1755
2026,2,14,土,いちご,46100,353199,1739
2026,2,14,土,メロン計,47000,18390,1298
2026,2,14,土,すいか,48100,6464,427
2026,2,14,土,キウイフルツ,49300,69655,600
2026,2,14,土,バナナ,50100,402547,230
2026,2,14,土,パイナップル,50300,65513,276
2026,2,14,土,レモン,50400,29445,461
2026,2,14,土,オレンジ,50600,30483,406
2026,2,14,土,おうとう,50700,125,2151
2026,2,14,土,キウイフルツ,50800,5048,696
2026,2,14,土,メロン,50850,6267,488
2026,2,16,月,みかん,40100,641068,363
2026,2,16,月,はっさく,41321,57841,195
2026,2,16,月,りんご計,42000,637967,432
2026,2,16,月,かき計,43500,4900,369
2026,2,16,月,おうとう,44800,5,29657
2026,2,16,月,ぶどう計,45000,2493,1931
2026,2,16,月,いちご,46100,595447,1682
2026,2,16,月,メロン計,47000,26240,1175
2026,2,16,月,すいか,48100,2820,594
2026,2,16,月,キウイフルツ,49300,71386,641
2026,2,16,月,バナナ,50100,372469,252
2026,2,16,月,パイナップル,50300,59772,246
2026,2,16,月,レモン,50400,16703,500
2026,2,16,月,オレンジ,50600,30152,383
2026,2,16,月,おうとう,50700,110,2311
2026,2,16,月,キウイフルツ,50800,4164,547
2026,2,16,月,メロン,50850,2723,523
2026,2,17,火,みかん,40100,558197,370
2026,2,17,火,はっさく,41321,163334,200
2026,2,17,火,りんご計,42000,457315,431
2026,2,17,火,かき計,43500,8327,463
2026,2,17,火,おうとう,44800,7,30795
2026,2,17,火,ぶどう計,45000,2547,2379
2026,2,17,火,いちご,46100,413590,1684
2026,2,17,火,メロン計,47000,15076,1456
2026,2,17,火,すいか,48100,750,872
2026,2,17,火,キウイフルツ,49300,101322,658
2026,2,17,火,バナナ,50100,394305,230
2026,2,17,火,パイナップル,50300,55225,254
2026,2,17,火,レモン,50400,29710,442
2026,2,17,火,オレンジ,50600,21738,388
2026,2,17,火,おうとう,50700,60,2322
2026,2,17,火,キウイフルツ,50800,3358,641
2026,2,17,火,メロン,50850,996,438
2026,2,19,木,みかん,40100,743040,361
2026,2,19,木,はっさく,41321,95553,202
2026,2,19,木,りんご計,42000,610982,429
2026,2,19,木,かき計,43500,8980,433
2026,2,19,木,おうとう,44800,11,35296
2026,2,19,木,ぶどう計,45000,1617,1957
2026,2,19,木,いちご,46100,738357,1620
2026,2,19,木,メロン計,47000,34488,1232
2026,2,19,木,すいか,48100,6065,430
2026,2,19,木,キウイフルツ,49300,169617,618
2026,2,19,木,バナナ,50100,409336,241
2026,2,19,木,パイナップル,50300,69536,242
2026,2,19,木,レモン,50400,22330,485
2026,2,19,木,オレンジ,50600,33228,403
2026,2,19,木,おうとう,50700,60,2214
2026,2,19,木,キウイフルツ,50800,6515,818
2026,2,19,木,メロン,50850,2671,470
2026,2,20,金,みかん,40100,344848,416
2026,2,20,金,はっさく,41321,107924,191
2026,2,20,金,りんご計,42000,543199,422
2026,2,20,金,かき計,43500,5621,525
2026,2,20,金,おうとう,44800,7,29654
2026,2,20,金,ぶどう計,45000,2651,2268
2026,2,20,金,いちご,46100,410447,1603
2026,2,20,金,メロン計,47000,21980,1313
2026,2,20,金,すいか,48100,9220,403
2026,2,20,金,キウイフルツ,49300,68538,627
2026,2,20,金,バナナ,50100,346209,230
2026,2,20,金,パイナップル,50300,60434,247
2026,2,20,金,レモン,50400,21484,464
2026,2,20,金,オレンジ,50600,37909,391
2026,2,20,金,おうとう,50700,35,2253
2026,2,20,金,キウイフルツ,50800,1179,611
2026,2,20,金,メロン,50850,8154,477
2026,2,21,土,みかん,40100,486674,355
2026,2,21,土,はっさく,41321,151713,186
2026,2,21,土,りんご計,42000,569632,434
2026,2,21,土,かき計,43500,2852,338
2026,2,21,土,おうとう,44800,9,22914
2026,2,21,土,ぶどう計,45000,1907,2176
2026,2,21,土,いちご,46100,479771,1602
2026,2,21,土,メロン計,47000,23467,1255
2026,2,21,土,すいか,48100,5678,419
2026,2,21,土,キウイフルツ,49300,58471,647
2026,2,21,土,バナナ,50100,363770,234
2026,2,21,土,パイナップル,50300,87712,258
2026,2,21,土,レモン,50400,26599,464
2026,2,21,土,オレンジ,50600,25895,408
2026,2,21,土,おうとう,50700,45,2268
2026,2,21,土,キウイフルツ,50800,4915,776
2026,2,21,土,メロン,50850,5310,479
2026,2,23,月,みかん,40100,2020,304
2026,2,23,月,りんご計,42000,7240,603
2026,2,23,月,いちご,46100,1651,1524
2026,2,23,月,キウイフルツ,49300,1136,712
2026,2,23,月,バナナ,50100,6930,274
2026,2,23,月,パイナップル,50300,5920,266
2026,2,23,月,レモン,50400,783,515
2026,2,23,月,オレンジ,50600,1297,393
2026,2,23,月,メロン,50850,818,558
2026,2,24,火,みかん,40100,501531,391
2026,2,24,火,はっさく,41321,169790,202
2026,2,24,火,りんご計,42000,757105,435
2026,2,24,火,かき計,43500,7776,540
2026,2,24,火,おうとう,44800,26,21666
2026,2,24,火,ぶどう計,45000,1563,2365
2026,2,24,火,いちご,46100,1060603,1502
2026,2,24,火,メロン計,47000,32048,1201
2026,2,24,火,すいか,48100,10278,566
2026,2,24,火,キウイフルツ,49300,158412,605
2026,2,24,火,バナナ,50100,820498,236
2026,2,24,火,パイナップル,50300,92573,252
2026,2,24,火,レモン,50400,24968,514
2026,2,24,火,オレンジ,50600,34856,386
2026,2,24,火,おうとう,50700,125,2341
2026,2,24,火,キウイフルツ,50800,2250,692
2026,2,24,火,メロン,50850,3151,440
2026,2,26,木,みかん,40100,447620,382
2026,2,26,木,はっさく,41321,108271,201
2026,2,26,木,りんご計,42000,698023,429
2026,2,26,木,日本なし計,43000,1000,452
2026,2,26,木,かき計,43500,13186,405
2026,2,26,木,おうとう,44800,22,22248
2026,2,26,木,ぶどう計,45000,759,2269
2026,2,26,木,いちご,46100,840133,1488
2026,2,26,木,メロン計,47000,33668,1251
2026,2,26,木,すいか,48100,10519,546
2026,2,26,木,キウイフルツ,49300,143164,626
2026,2,26,木,バナナ,50100,387504,243
2026,2,26,木,パイナップル,50300,56318,260
2026,2,26,木,レモン,50400,22701,477
2026,2,26,木,オレンジ,50600,24100,409
2026,2,26,木,おうとう,50700,50,2484
2026,2,26,木,キウイフルツ,50800,2722,626
2026,2,26,木,メロン,50850,1112,449
2026,2,27,金,みかん,40100,287526,429
2026,2,27,金,はっさく,41321,110007,215
2026,2,27,金,りんご計,42000,469177,425
2026,2,27,金,日本なし計,43000,430,324
2026,2,27,金,かき計,43500,6757,517
2026,2,27,金,おうとう,44800,21,21821
2026,2,27,金,ぶどう計,45000,485,2154
2026,2,27,金,いちご,46100,442288,1485
2026,2,27,金,メロン計,47000,23454,1315
2026,2,27,金,すいか,48100,20039,497
2026,2,27,金,キウイフルツ,49300,75814,615
2026,2,27,金,バナナ,50100,599117,212
2026,2,27,金,パイナップル,50300,59487,253
2026,2,27,金,レモン,50400,27863,463
2026,2,27,金,オレンジ,50600,24607,412
2026,2,27,金,おうとう,50700,85,1931
2026,2,27,金,キウイフルツ,50800,8205,638
2026,2,27,金,メロン,50850,2822,445
2026,2,28,土,みかん,40100,267587,366
2026,2,28,土,はっさく,41321,119845,183
2026,2,28,土,りんご計,42000,422381,431
2026,2,28,土,かき計,43500,2300,327
2026,2,28,土,びわ,43900,8,6602
2026,2,28,土,おうとう,44800,11,25341
2026,2,28,土,ぶどう計,45000,469,1379
2026,2,28,土,いちご,46100,456495,1486
2026,2,28,土,メロン計,47000,19747,1350
2026,2,28,土,すいか,48100,10019,529
2026,2,28,土,キウイフルツ,49300,53726,650
2026,2,28,土,バナナ,50100,472962,242
2026,2,28,土,パイナップル,50300,104792,265
2026,2,28,土,レモン,50400,46537,440
2026,2,28,土,オレンジ,50600,29609,402
2026,2,28,土,おうとう,50700,75,2484
2026,2,28,土,キウイフルツ,50800,5364,760
2026,2,28,土,メロン,50850,8056,452
2026,3,2,月,みかん,40100,342294,413
2026,3,2,月,はっさく,41321,146971,219
2026,3,2,月,りんご計,42000,665777,433
2026,3,2,月,かき計,43500,2984,430
2026,3,2,月,びわ,43900,1,8100
2026,3,2,月,おうとう,44800,21,30605
2026,3,2,月,ぶどう計,45000,2116,2463
2026,3,2,月,いちご,46100,732856,1438
2026,3,2,月,メロン計,47000,31259,1147
2026,3,2,月,すいか,48100,37044,471
2026,3,2,月,キウイフルツ,49300,56734,633
2026,3,2,月,バナナ,50100,378736,237
2026,3,2,月,パイナップル,50300,45527,248
2026,3,2,月,レモン,50400,19702,461
2026,3,2,月,オレンジ,50600,24042,403
2026,3,2,月,おうとう,50700,100,2414
2026,3,2,月,キウイフルツ,50800,3537,643
2026,3,2,月,メロン,50850,4827,439
2026,3,3,火,みかん,40100,282894,400
2026,3,3,火,はっさく,41321,132084,191
2026,3,3,火,りんご計,42000,388664,432
2026,3,3,火,かき計,43500,9453,502
2026,3,3,火,びわ,43900,17,1789
2026,3,3,火,おうとう,44800,19,19679
2026,3,3,火,ぶどう計,45000,110,1978
2026,3,3,火,いちご,46100,439395,1453
2026,3,3,火,メロン計,47000,15885,1437
2026,3,3,火,すいか,48100,19958,568
2026,3,3,火,キウイフルツ,49300,105295,656
2026,3,3,火,バナナ,50100,376625,227
2026,3,3,火,パイナップル,50300,65069,257
2026,3,3,火,レモン,50400,18059,487
2026,3,3,火,オレンジ,50600,19842,440
2026,3,3,火,おうとう,50700,140,2214
2026,3,3,火,キウイフルツ,50800,3275,794
2026,3,3,火,メロン,50850,2066,484
2026,3,5,木,みかん,40100,389195,417
2026,3,5,木,はっさく,41321,91753,188
2026,3,5,木,りんご計,42000,689155,419
2026,3,5,木,日本なし計,43000,1115,452
2026,3,5,木,かき計,43500,2891,353
2026,3,5,木,びわ,43900,9,1757
2026,3,5,木,おうとう,44800,31,23321
2026,3,5,木,ぶどう計,45000,252,2315
2026,3,5,木,いちご,46100,734364,1418
2026,3,5,木,メロン計,47000,26086,1272
2026,3,5,木,すいか,48100,39177,494
2026,3,5,木,キウイフルツ,49300,115256,640
2026,3,5,木,バナナ,50100,394671,232
2026,3,5,木,パイナップル,50300,57671,251
2026,3,5,木,レモン,50400,22296,460
2026,3,5,木,オレンジ,50600,24172,423
2026,3,5,木,おうとう,50700,60,2484
2026,3,5,木,キウイフルツ,50800,6146,631
2026,3,5,木,メロン,50850,3652,454
2026,3,6,金,みかん,40100,248031,461
2026,3,6,金,はっさく,41321,91172,218
2026,3,6,金,りんご計,42000,467317,420
2026,3,6,金,かき計,43500,5558,508
2026,3,6,金,おうとう,44800,12,24318
2026,3,6,金,ぶどう計,45000,26,2118
2026,3,6,金,いちご,46100,334413,1425
2026,3,6,金,メロン計,47000,14459,1424
2026,3,6,金,すいか,48100,22602,478
2026,3,6,金,キウイフルツ,49300,63283,618
2026,3,6,金,バナナ,50100,409686,229
2026,3,6,金,パイナップル,50300,69408,261
2026,3,6,金,レモン,50400,40833,407
2026,3,6,金,オレンジ,50600,29035,395
2026,3,6,金,おうとう,50700,80,1522
2026,3,6,金,キウイフルツ,50800,517,679
2026,3,6,金,メロン,50850,5831,357
2026,3,7,土,みかん,40100,257161,439
2026,3,7,土,はっさく,41321,111018,192
2026,3,7,土,りんご計,42000,488804,426
2026,3,7,土,かき計,43500,2231,314
2026,3,7,土,びわ,43900,60,6524
2026,3,7,土,おうとう,44800,25,22540
2026,3,7,土,ぶどう計,45000,323,2310
2026,3,7,土,いちご,46100,363344,1446
2026,3,7,土,メロン計,47000,25011,1182
2026,3,7,土,すいか,48100,18580,537
2026,3,7,土,キウイフルツ,49300,50501,644
2026,3,7,土,バナナ,50100,404252,238
2026,3,7,土,パイナップル,50300,79944,269
2026,3,7,土,レモン,50400,36202,440
2026,3,7,土,オレンジ,50600,23192,397
2026,3,7,土,キウイフルツ,50800,2105,812
2026,3,7,土,メロン,50850,10501,392
2026,3,9,月,みかん,40100,281984,456
2026,3,9,月,はっさく,41321,126004,220
2026,3,9,月,りんご計,42000,678328,422
2026,3,9,月,かき計,43500,4258,403
2026,3,9,月,びわ,43900,2,5400
2026,3,9,月,おうとう,44800,35,20548
2026,3,9,月,ぶどう計,45000,216,2388
2026,3,9,月,いちご,46100,593862,1430
2026,3,9,月,メロン計,47000,22500,1312
2026,3,9,月,すいか,48100,40160,473
2026,3,9,月,キウイフルツ,49300,51910,666
2026,3,9,月,バナナ,50100,412271,241
2026,3,9,月,パイナップル,50300,48941,263
2026,3,9,月,レモン,50400,22597,437
2026,3,9,月,オレンジ,50600,26466,422
2026,3,9,月,おうとう,50700,150,1512
2026,3,9,月,キウイフルツ,50800,1989,542
2026,3,9,月,メロン,50850,2648,456
